0,0.0,0.0,9.81e-06,0.0,0.0,0.0,0.0,0.0,0.0,0.0,0.0,0.14026,0.00029423,0.0,0.0,0.0,0.0,0.0,0.0,0.0,0.074293,9.81e-06,0.01071,0.0,0.0,0.0,1.96e-05,0.0,0.0,0.0,0.0,3.92e-05,0.0013044,0.0,0.0,0.0,0.0,0.0,0.11445,0.047616,0.00057865,0.068448,0.0,0.0,0.0,0.0,0.0,9.81e-06,0.0,0.0,0.0,0.00032365,0.35985,8.83e-05,0.004031,0.16836,0.0046685,0.0,0.0032758,0.0,5.88e-05,0.0,0.00044134,0.0,0.00085327,0.0,0.0,9.81e-06,0.0,0.0,0.0,0.0,0.0
1,9.49e-06,0.0,0.0001044,0.00067857,4.75e-06,4.75e-06,9.49e-06,4.75e-06,4.75e-06,0.0,4.75e-06,0.05756,0.001694,0.0,0.0,1.9e-05,1.9e-05,0.0,4.75e-06,0.0,0.29331,9.49e-06,0.0050537,9.49e-06,4.75e-06,0.00048401,0.00037013,0.0,0.0,0.0,0.0,4.75e-06,6.17e-05,0.0,9.49e-06,0.0,0.0,0.0,0.13879,0.10272,0.0018411,0.13226,1.9e-05,0.0,0.0,4.75e-06,9.49e-06,9.49e-06,0.0,0.0,0.0,0.00032268,0.17667,0.0029231,0.0036206,0.014962,0.00018981,0.0,0.035703,0.0,0.011844,0.0,0.00042232,0.0,0.01761,0.00062637,0.0,0.0,0.0,1.42e-05,0.0,0.0,0.0
2,1.31e-05,0.0,3.93e-05,0.0,0.0,0.0,0.0,0.0,0.0,0.0,0.0,0.10194,0.0053023,0.0,1.31e-05,1.31e-05,9.16e-05,0.0,0.0,0.0,0.19624,5.24e-05,0.0020424,1.31e-05,2.62e-05,0.0,0.00028803,1.31e-05,0.0,0.0,0.0,0.0,6.55e-05,0.0,0.0,0.0,0.0,0.0,0.18843,0.1012,0.0019376,0.16603,0.0,0.0,0.0,0.0,0.0,1.31e-05,0.0,0.0,0.0,0.00047131,0.11215,0.0049488,0.011102,0.053102,0.0,0.0,0.041999,0.0,0.0045299,0.0,0.00052368,0.0,0.0073839,0.0,0.0,0.0,0.0,2.62e-05,0.0,0.0,0.0
3,0.0,0.0,1.11e-05,0.0,7.38e-06,3.69e-06,0.0,0.0,7.38e-06,0.0,0.0,0.027193,0.00053876,3.69e-06,0.0,7.38e-06,3.69e-05,0.0,0.0,3.69e-06,0.33572,3.32e-05,0.016041,1.48e-05,0.0,0.00068268,0.00019189,0.0,0.0,0.0,0.0,0.0,0.00016237,0.0,0.0,0.0,0.0,3.69e-06,0.076848,0.097228,0.0032067,0.17463,7.38e-06,0.0,0.0,0.0,0.0,0.0,0.0,7.38e-06,0.0,0.00071589,0.10602,0.0013395,0.017709,0.071515,0.0027787,1.48e-05,0.047957,0.0,0.0028156,0.0,0.00023617,0.0,0.015303,0.00055721,0.0,0.0004502,0.0,3.69e-06,0.0,0.0,0.0
4,0.0,0.0,0.0,0.0,5.65e-06,1.13e-05,0.0,5.65e-06,5.65e-06,0.0,0.0,0.21624,0.0054693,0.0,0.0,5.09e-05,5.09e-05,5.65e-06,0.0,0.0,0.13187,5.65e-06,0.0014125,5.65e-06,5.65e-06,6.22e-05,3.39e-05,0.0,5.65e-06,0.0,0.0,0.0,5.65e-06,0.0,0.0,0.0,0.0,0.0,0.42263,0.11741,0.0023052,0.020617,0.0,5.65e-06,5.65e-06,0.0,0.0,5.65e-06,0.0,0.0,0.0,0.0001582,0.040624,0.00036725,0.0023335,0.023809,0.0010566,0.0,0.010074,0.0,0.00042375,0.0,0.0023391,0.0,0.00033335,0.00016385,0.0,9.04e-05,0.0,5.65e-06,0.0,0.0,0.0
5,0.0,0.0,8.9e-06,0.0,0.0,0.0,0.0,0.0,0.0,0.0,0.0,0.027379,0.00057855,0.0,0.0,0.0,0.0,0.0,0.0,0.0,0.15716,0.0,0.0052782,0.0,0.0,0.0,5.34e-05,0.0,0.0,0.0,0.0,1.78e-05,0.00018692,0.0,0.0,0.0,0.0,0.0,0.31857,0.050076,0.0012105,0.10866,4.45e-05,0.0,0.0,0.0,0.0,0.0,0.0,0.0,0.0,0.00051625,0.17935,0.0016289,0.0061505,0.12168,0.00079217,0.0,0.011304,0.0,0.0030619,0.0,0.001798,0.0,0.0037651,0.00053405,0.0,0.00018692,0.0,0.0,0.0,0.0,0.0
6,0.0,0.0,2.06e-05,8.24e-05,0.0,0.0,0.0,0.0,0.0,0.0,0.0,0.043767,0.00063848,0.0,0.0,0.0,0.0,0.0,0.0,0.0,0.16866,0.0,0.022882,0.0,0.0,0.0,0.0,0.0,0.0,0.0,0.0,2.06e-05,0.0,0.0,0.0,0.0,0.0,0.0,0.57319,0.054765,0.0021214,0.030317,0.0,0.0,0.0,0.0,0.0,0.0,0.0,0.0,0.0,4.12e-05,0.06531,0.00028835,0.0041604,0.020781,0.0021008,0.0,0.0070027,0.0,0.00092682,0.0,0.0014417,0.0,0.0011328,0.00014417,0.0,0.00016477,0.0,4.12e-05,0.0,0.0,0.0
7,0.0,0.0,1.91e-05,0.0,0.0,0.0,0.0,0.0,0.0,0.0,0.0,0.029179,0.0017507,0.0,0.0,0.0,0.0,0.0,0.0,0.0,0.21074,0.0,0.01324,0.0,0.0,0.0,0.0,0.0,0.0,0.0,0.0,0.0,2.87e-05,0.0,0.0,0.0,0.0,0.0,0.24038,0.087613,0.00073664,0.098462,0.0,0.0,0.0,0.0,0.0,0.0,0.0,0.0,0.0,2.87e-05,0.25016,9.57e-06,0.0069072,0.058233,0.0001148,0.0,2.87e-05,0.0,0.0,0.0,0.00032527,0.0,0.0020377,0.0,0.0,0.0,0.0,9.57e-06,0.0,0.0,0.0
8,0.0,0.0,0.0,0.0,0.0,0.0,0.0,0.0,0.0,0.0,0.0,0.031679,0.0020343,0.0,0.0,0.0,0.0,0.0,0.0,0.0,0.17364,0.0,0.01113,0.0,0.0,0.0,3.91e-05,0.0,0.0,0.0,0.0,0.0,0.0,0.0,0.0,0.0,4.89e-05,0.0,0.32846,0.12003,0.0010367,0.069,0.0,0.0,0.0,0.0,0.0,9.78e-06,0.0,0.0,0.0,4.89e-05,0.20234,0.0,0.005653,0.052902,0.00014671,0.0,0.00013693,0.0,3.91e-05,0.0,0.00034231,0.0,0.0012714,0.0,0.0,0.0,0.0,9.78e-06,0.0,0.0,0.0
9,0.0,0.0,1.56e-05,0.0,0.0,0.0,0.0,0.0,0.0,0.0,0.0,0.090738,0.0011858,0.0,0.0,0.0,0.0,0.0,0.0,0.0,0.26898,0.0,0.0021454,0.0,0.0,0.0,3.9e-05,0.0,0.0,0.0,0.0,0.0,0.0,0.0,0.0,0.0,0.0,0.0,0.15549,0.081798,0.0036667,0.060383,0.0,0.0,0.0,0.0,0.0,0.0,0.0,0.0,0.0,9.36e-05,0.12978,0.00035886,0.0086752,0.18239,0.0016149,0.0,0.0060539,0.0,0.0023092,0.0,9.36e-05,0.0,0.0041972,0.0,0.0,0.0,0.0,0.0,0.0,0.0,0.0
10,0.0,0.0,0.0,0.0,0.0,0.0,0.0,0.0,0.0,0.0,0.0,0.046766,0.00039412,0.0,0.0,0.0,0.0,0.0,0.0,0.0,0.26253,0.0,0.0032199,0.0,0.0,0.0,7.44e-05,0.0,0.0,0.0,0.0,7.44e-06,0.0,0.0,0.0,0.0,0.0,0.0,0.049607,0.082058,0.0015021,0.11882,3.72e-05,0.0,0.0,0.0,0.0,0.0,0.0,0.0,0.0,0.00010411,0.089078,0.00097414,0.015646,0.30102,0.0042312,0.0,0.0098529,0.0,0.0064769,0.0,0.00011898,0.0,0.0074733,0.0,0.0,0.0,0.0,7.44e-06,0.0,0.0,0.0
11,0.0,0.0,8.58e-05,0.0,0.0,0.0,0.0,0.0,0.0,0.0,0.0,0.014818,0.0016171,0.0,0.0,0.0,0.0,0.0,0.0,0.0,0.25031,0.0,0.045194,0.0,0.0,0.0006248,6.74e-05,0.0,0.0,0.0,0.0,0.0,0.0,0.0,0.0,0.0,0.0,0.0,0.23906,0.067399,0.001023,0.037004,0.00023277,0.0,0.0,0.0,0.0,0.0,0.0,0.0,0.0,0.0010965,0.23075,0.0035773,0.0075589,0.054983,0.01192,0.0,0.014058,0.0,0.0017335,0.0,0.00083307,0.0,0.013893,0.0012067,0.0,0.0009127,0.0,4.9e-05,0.0,0.0,0.0
12,0.0,0.0,0.00012079,0.0,0.0,0.0,0.0,0.0,0.0,0.0,0.0,0.0045524,0.00021139,0.0,0.0,0.0,0.0,0.0,0.0,0.0,0.32852,0.0,0.031278,0.0,3.77e-05,0.0010871,0.00012079,0.0,0.0,0.0,0.0,7.55e-06,1.51e-05,0.0,0.0,0.0,0.0,0.0,0.053263,0.09015,0.0015628,0.05823,0.00015099,0.0,0.0,0.0,0.0,3.02e-05,0.0,0.0,0.0,0.0009437,0.21018,0.0098372,0.019229,0.050545,0.01944,0.0,0.051073,0.0,0.0049073,0.0,0.00087576,0.0,0.058993,0.0042051,0.0,0.00043033,0.0,0.0,0.0,0.0,0.0
13,0.0,0.0,2.03e-05,0.0,0.0,0.0,0.0,0.0,0.0,0.0,0.0,0.045673,0.0032399,0.0,0.0,0.0,0.0,0.0,0.0,0.0,0.39424,0.0,0.013833,0.0,0.0,0.0,2.03e-05,0.0,0.0,0.0,0.0,1.02e-05,0.0,0.0,0.0,0.0,0.0,0.0,0.23626,0.060359,0.0018586,0.065539,2.03e-05,0.0,0.0,0.0,0.0,0.0,0.0,0.0,0.0,0.00031485,0.056215,0.0005586,0.0042149,0.083536,0.0044383,0.0,0.026975,0.0,0.00078204,0.0,0.00053828,0.0,0.0010867,0.00027422,0.0,0.0,0.0,0.0,0.0,0.0,0.0
14,0.0,0.0,0.0,0.0,0.0,0.0,0.0,0.0,0.0,0.0,0.0,0.046704,0.0052141,0.0,0.0,0.0,0.0,0.0,0.0,0.0,0.39388,0.0,0.010965,0.0,0.0,0.0,0.0,0.0,0.0,0.0,0.0,0.0,0.0,0.0,0.0,0.0,0.0,0.0,0.26419,0.066579,0.003723,0.058207,8.34e-05,0.0,0.0,0.0,0.0,9.26e-06,0.0,0.0,0.0,0.00053715,0.04726,0.00039823,0.0038156,0.066385,0.0051122,0.0,0.022616,0.0,0.00087056,0.0,0.0013151,0.0,0.0011299,7.41e-05,0.0,0.0,0.0,0.00093538,0.0,0.0,0.0
15,0.0,0.0,0.0,0.0,0.0,0.0,0.0,0.0,0.0,0.0,0.0,0.011321,0.00039649,0.0,0.0,0.0,0.0,0.0,0.0,0.0,0.23558,0.0,0.044427,0.0,0.0,0.0,2.09e-05,0.0,0.0,0.0,0.0,0.0,0.00010434,0.0,0.0,0.0,0.0,0.0,0.16578,0.059233,0.00092861,0.095313,2.09e-05,0.0,0.0,0.0,0.0,1.04e-05,0.0,0.0,0.0,9.39e-05,0.10599,0.0016068,0.004184,0.21564,0.0071263,0.0,0.044709,0.0,0.0033597,0.0,0.0023893,0.0,0.0012938,0.00045909,0.0,0.0,0.0,2.09e-05,0.0,0.0,0.0
16,0.0,0.0,1.41e-05,0.0,0.0,0.0,0.0,0.0,0.0,0.0,0.0,0.058642,0.0035823,0.0,0.0,0.0,1.41e-05,0.0,0.0,0.0,0.31632,1.41e-05,0.0048234,0.0,5.64e-05,0.0,0.00029617,0.0,0.0,0.0,0.0,1.41e-05,1.41e-05,0.0,0.0,0.0,0.0,0.0,0.2777,0.093731,0.0042874,0.09964,2.82e-05,0.0,0.0,0.0,0.0,0.0,0.0,0.0,0.0,0.0,0.061519,1.41e-05,0.0074466,0.051886,0.00078979,0.0,0.01117,0.0,0.0033002,0.0,0.0010013,0.0,0.0036951,0.0,0.0,0.0,0.0,0.0,0.0,0.0,0.0
17,0.0,0.0,1.62e-05,0.0,0.0,0.0,0.0,0.0,0.0,0.0,0.0,0.060316,0.002184,0.0,0.0,8.12e-06,8.12e-06,0.0,0.0,0.0,0.25829,1.62e-05,0.021385,0.0,0.0,0.00039783,0.0001705,0.0,0.0,0.0,0.0,0.0,3.25e-05,0.0,0.0,0.0,0.0,0.0,0.22963,0.090754,0.0021434,0.1317,0.0,0.0,0.0,0.0,0.0,0.0,0.0,0.0,0.0,0.0005115,0.074354,0.00063328,0.014021,0.05296,0.0016969,4.06e-05,0.048519,0.0,0.0023139,0.0,0.00074695,0.0,0.0067875,0.00019486,0.0,0.00014614,0.0,2.44e-05,0.0,0.0,0.0
18,0.0,0.0,3.42e-05,0.0,0.0,0.0,0.0,0.0,0.0,0.0,0.0,0.052527,0.0024654,0.0,0.0,0.0,0.0,0.0,0.0,0.0,0.35427,6.85e-05,0.0055472,0.0,0.00010273,0.0,0.00023969,0.0,0.0,0.0,0.0,3.42e-05,0.00017121,0.0,0.0,0.0,0.0,0.0,0.23278,0.085844,0.0024312,0.10464,0.0,0.0,0.0,0.0,0.0,6.85e-05,0.0,0.0,0.0,0.00020545,0.068997,0.0,0.0076017,0.062081,0.0012327,0.0,0.010547,0.0,0.0031503,0.0,0.00089029,0.0,0.0040063,0.0,0.0,3.42e-05,0.0,3.42e-05,0.0,0.0,0.0
19,0.0,0.0,0.0,0.0,0.0,0.0,0.0,0.0,0.0,0.0,0.0,0.01811,0.0016251,0.0,0.0,0.0,0.0,0.0,0.0,0.0,0.2659,0.0,0.052247,0.0,0.0,0.00063989,0.00013204,0.0,0.0,0.0,0.0,1.02e-05,0.0,0.0,0.0,0.0,0.0,0.0,0.18128,0.067899,0.0014321,0.046773,0.00035549,0.0,0.0,0.0,0.0,0.0,0.0,0.0,0.0,0.00024377,0.22969,0.0030166,0.0097405,0.070306,0.011396,0.0,0.019288,0.0,0.0012696,0.0,0.0016962,0.0,0.01554,0.00094459,0.0,0.00011173,0.0,0.00035549,0.0,0.0,0.0
20,0.0,0.0,7.47e-06,0.0,0.0,0.0,0.0,0.0,0.0,0.0,0.0,0.020315,0.0015845,0.0,0.0,0.0,0.0,0.0,0.0,0.0,0.31237,0.0,0.018843,0.0,0.0,0.0,0.00021675,0.0,0.0,0.0,0.0,0.0,7.47e-06,0.0,0.0,0.0,0.0,0.0,0.11758,0.10828,0.0013678,0.16013,3.74e-05,0.0,0.0,0.0,0.0,7.47e-06,0.0,2.24e-05,0.0,0.00014201,0.1527,0.0025861,0.012445,0.041744,0.00096418,0.0,0.036564,0.0,0.0049106,0.0,0.00070258,0.0,0.005942,0.00050825,0.0,0.0,0.0,2.24e-05,0.0,0.0,0.0
21,0.0,0.0,0.0,0.0,0.0,0.0,0.0,0.0,0.0,0.0,0.0,0.021576,0.0014874,0.0,0.0,0.0,0.0,0.0,0.0,0.0,0.34889,0.0,0.010646,3.34e-05,5.01e-05,0.0,0.00038438,0.0,0.0,0.0,0.0,0.00010027,1.67e-05,0.0,0.0,0.0,0.0,0.0,0.08062,0.10457,0.0023397,0.17578,5.01e-05,0.0,0.0,0.0,0.0,0.0,0.0,0.0,0.0,5.01e-05,0.11247,3.34e-05,0.015275,0.084564,0.0030584,0.0,0.017799,0.0,0.011615,0.0,0.00048466,0.0,0.0080386,0.0,0.0,3.34e-05,0.0,1.67e-05,1.67e-05,0.0,0.0
22,0.0,0.0,0.0,0.0,0.0,0.0,0.0,0.0,0.0,0.0,0.0,0.060019,0.0028605,0.0,0.0,0.0,0.0,0.0,0.0,0.0,0.18613,0.0,0.019965,0.0,0.0,0.0,3.65e-05,0.0,0.0,0.0,0.0,7.3e-06,0.00052539,0.0,0.0,0.0,0.0,0.0,0.20344,0.076882,0.0011019,0.091965,0.0,0.0,0.0,0.0,0.0,7.3e-06,0.0,0.0,0.0,0.00018972,0.22061,2.92e-05,0.0076473,0.11741,0.0034588,0.0,0.0054874,0.0,0.00011675,0.0,0.00092673,0.0,0.00083917,0.0,0.0,0.0,0.0,0.00035026,0.0,0.0,0.0
23,0.0,0.0,0.0,0.0,0.0,0.0,0.0,0.0,0.0,0.0,0.0,0.059473,0.0034322,0.0,0.0,0.0,0.0,0.0,0.0,0.0,0.13379,0.0,0.0045427,0.0,0.0,0.0,7.21e-06,0.0,0.0,0.0,0.0,1.44e-05,1.44e-05,0.0,0.0,0.0,0.0,0.0,0.36726,0.037798,0.00076432,0.085582,1.44e-05,0.0,0.0,0.0,0.0,0.0,0.0,0.0,0.0,2.16e-05,0.20591,0.00023795,0.0035404,0.088185,0.00076432,0.0,0.0075495,0.0,0.00052637,0.0,0.00015863,0.0,0.00038937,2.88e-05,0.0,0.0,0.0,0.0,0.0,0.0,0.0
24,0.0,0.0,4.37e-05,1.75e-05,0.0,0.0,0.0,0.0,0.0,0.0,0.0,0.036606,4.37e-05,0.0,0.0,0.0,0.0,0.0,0.0,0.0,0.1309,0.0,0.0060501,0.0,1.75e-05,0.0,5.25e-05,0.0,0.0,0.0,0.0,0.0,3.5e-05,0.0,0.0,0.0,0.0,0.0,0.098279,0.049721,0.00041091,0.10595,0.00017486,0.0,0.0,0.0,0.0,2.62e-05,0.0,0.0,0.0,0.00013989,0.45251,0.0013814,0.011392,0.084919,0.0022819,0.0,0.015361,0.0,0.0017486,0.0,0.00020983,0.0,0.00153,0.00020109,0.0,0.0,0.0,0.0,0.0,0.0,0.0
25,0.0,0.0,0.0,1.05e-05,0.0,0.0,0.0,0.0,0.0,0.0,0.0,0.094643,0.011543,0.0,0.0,0.0,0.0,0.0,0.0,0.0,0.38344,0.0,0.0055876,0.0,1.05e-05,0.0,0.0,0.0,0.0,0.0,0.0,0.0,0.0,0.0,0.0,0.0,0.0,0.0,0.12352,0.14367,0.00501,0.065655,0.0,0.0,0.0,0.0,0.0,1.05e-05,0.0,0.0,0.0,0.00010503,0.12169,2.1e-05,0.0079508,0.024535,0.0082659,0.0,0.0010083,0.0,0.00055666,0.0,0.0014914,0.0,0.0012814,0.0,0.0,0.0,0.0,0.0,0.0,0.0,0.0
26,0.0,0.0,3.83e-05,0.00032522,0.0,0.0,1.91e-05,0.0,0.0,0.0,0.0,0.021502,0.00084174,0.0,0.0,0.0,0.0,0.0,0.0,0.0,0.25807,0.0,0.033574,3.83e-05,3.83e-05,0.0,0.00013391,0.0,0.0,0.0,0.0,0.0,0.00011478,0.0,0.0,0.0,0.0,0.0,0.19796,0.17627,0.0022,0.093356,0.0,0.0,0.0,0.0,0.0,0.0,0.0,0.0,0.0,0.00015304,0.080386,0.0017217,0.013583,0.069615,0.003673,0.0,0.03564,0.0,0.0059304,0.0,0.0018748,0.0,0.001913,0.00047826,0.0,0.00049739,0.0,1.91e-05,0.0,0.0,3.83e-05
27,0.0,0.0,0.0,0.0,0.0,0.0,0.0,0.0,0.0,0.0,0.0,0.064755,0.0027624,0.0,0.0,0.0,0.0,0.0,0.0,0.0,0.3093,0.0,0.0053163,0.0,0.0,0.0,0.0,0.0,0.0,0.0,0.0,0.0,0.0,0.0,0.0,0.0,0.0,0.0,0.16363,0.12693,0.00036485,0.033253,0.0,0.0,0.0,0.0,0.0,0.0,0.0,0.0,0.0,0.00018763,0.23198,0.0,0.0025748,0.056728,1.04e-05,0.0,0.00050036,0.0,0.00013551,0.0,5.21e-05,0.0,0.0015219,0.0,0.0,0.0,0.0,0.0,0.0,0.0,0.0
28,0.0,0.0,0.0,0.0,0.0,0.0,0.0,0.0,0.0,0.0,0.0,0.2153,0.0021145,0.0,0.0,0.0,0.0,0.0,0.0,0.0,0.072052,0.0,0.0025163,0.0,0.0,0.0,4.23e-05,0.0,0.0,0.0,0.0,0.0,0.0031506,0.0,0.0,0.0,0.0,0.0,0.44659,0.075541,0.0028969,0.03509,0.0,0.0,0.0,0.0,0.0,1.06e-05,0.0,0.0,0.0,0.0015119,0.094042,0.00022202,0.0038378,0.038685,0.00044405,0.0,0.0037638,0.0,0.00035947,0.0,0.0010467,0.0,6.34e-05,0.00071893,0.0,0.0,0.0,0.0,0.0,0.0,0.0
29,0.0,0.0,0.0,0.0,0.0,0.0,0.0,0.0,0.0,0.0,0.0,0.063141,0.00061104,0.0,0.0,0.0,0.0,0.0,0.0,0.0,0.24026,0.0,0.013134,0.0,0.0,0.00014749,4.21e-05,0.0,0.0,0.0,0.0,7.02e-06,0.0,0.0,0.0,0.0,0.0,0.0,0.33201,0.079527,0.00087793,0.11465,0.0,0.0,0.0,0.0,0.0,0.0,0.0,0.0,0.0,0.0014047,0.092948,0.00030201,0.0069532,0.03622,0.0034485,0.0,0.0074027,0.0,0.0016294,0.0,0.00023177,0.0,0.0046636,0.0,0.0,0.00039331,0.0,0.0,0.0,0.0,0.0
30,0.0,0.0,1.77e-05,0.0,0.0,0.0,0.0,0.0,0.0,0.0,0.0,0.013725,0.0016636,0.0,0.0,8.85e-06,0.0,0.0,0.0,0.0,0.40579,0.0,0.0010619,0.0,8.85e-06,0.0,0.00022123,0.0,0.0,0.0,0.0,8.85e-06,0.00018583,0.0,0.0,0.0,0.0,0.0,0.062218,0.093872,0.0055838,0.248,0.0,0.0,0.0,0.0,0.0,3.54e-05,0.0,0.0,0.0,0.0011238,0.09204,0.0037167,0.010106,0.0076811,0.0018849,0.0,0.042246,0.0,0.0029379,0.0,0.00012389,0.0,0.0057431,0.0,0.0,0.0,0.0,0.0,0.0,0.0,0.0
31,0.0,0.0,0.0,0.0,0.0,0.0,0.0,0.0,0.0,0.0,0.0,0.014641,0.00092663,0.0,0.0,0.0,0.0,0.0,0.0,0.0,0.37107,1.68e-05,0.0053239,3.37e-05,5.05e-05,0.0,0.00048859,0.0,0.0,0.0,0.0,3.37e-05,8.42e-05,0.0,0.0,0.0,0.0,0.0,0.042221,0.12029,0.0025103,0.21215,0.0,0.0,0.0,0.0,0.0,0.0,0.0,0.0,0.0,8.42e-05,0.10307,0.0016174,0.020605,0.012046,0.0032516,0.0,0.031758,0.0,0.011558,0.0,0.0042456,0.0,0.040805,0.0010951,0.0,0.0,0.0,1.68e-05,0.0,0.0,0.0
32,0.0,0.0,0.0,0.0,0.0,0.0,0.0,0.0,0.0,0.0,0.0,0.037494,0.00054472,0.0,0.0,0.0,0.0,0.0,0.0,0.0,0.19074,0.0,0.014842,0.0,0.0,0.0,2.12e-05,0.0,0.0,0.0,0.0,2.83e-05,7.78e-05,0.0,0.0,0.0,0.0,0.0,0.29421,0.055215,0.0013229,0.070149,0.0,0.0,0.0,0.0,0.0,0.0,0.0,0.0,0.0,0.00016271,0.19778,0.00011319,0.0046054,0.11647,0.0095291,0.0,0.0042163,0.0,0.00062961,0.0,0.00012026,7.07e-06,0.0017049,0.0,0.0,0.0,0.0,7.07e-06,0.0,0.0,0.0
33,0.0,0.0,0.0,0.0,0.0,0.0,0.0,0.0,0.0,0.0,0.0,0.049739,0.0036687,0.0,0.0,0.0,0.0,0.0,0.0,0.0,0.28141,0.0,0.10218,0.0,0.0,0.0,7.94e-05,0.0,0.0,0.0,0.0,8.82e-06,0.0,0.0,0.0,0.0,0.0,0.0,0.29758,0.05869,0.0044094,0.049571,0.0,0.0,0.0,0.0,0.0,0.0,0.0,0.0,0.0,1.76e-05,0.091267,0.0011465,0.0055824,0.031448,0.00037039,0.0,0.012003,0.0,0.0016756,0.0,0.00026457,0.0,0.0088894,0.0,0.0,0.0,0.0,0.0,0.0,0.0,0.0
34,0.0,0.0,1.74e-05,0.0,0.0,0.0,0.0,0.0,0.0,0.0,8.72e-05,0.13439,0.0030349,0.0,0.0,0.0,0.0,0.0,0.0,0.0,0.14791,0.00027907,0.0017965,0.0,1.74e-05,0.0,0.0,0.0,0.0,0.0,5.23e-05,6.98e-05,0.00027907,0.0,0.0,0.00017442,0.0,0.0,0.35304,0.095495,0.0045,0.012052,0.0,0.0,0.0,0.0,1.74e-05,0.00019186,0.0,0.0,1.74e-05,0.0008721,0.10301,8.72e-05,0.0022326,0.13331,8.72e-05,0.0,0.003,0.0,0.00022675,0.0,0.0031396,0.0,0.00043605,0.0,0.0,1.74e-05,0.0,0.00013954,1.74e-05,0.0,0.0
35,0.0,0.0,0.0,0.0,0.0,0.0,0.0,0.0,0.0,0.0,0.0,0.11344,0.0028101,0.0,0.0,0.0,0.0,0.0,0.0,0.0,0.28837,0.0,0.0065595,0.0,0.0,0.0,5.48e-05,0.0,0.0,0.0,0.0,0.0,1.57e-05,0.0,0.0,0.0,0.0,0.0,0.31081,0.09462,0.0015577,0.065431,7.83e-06,0.0,0.0,0.0,0.0,7.83e-06,0.0,0.0,0.0,0.0001409,0.055967,0.00050879,0.0046261,0.045251,0.000227,0.0,0.005902,0.0,0.00056359,0.0,0.0019412,0.0,0.00094714,0.00018003,0.0,6.26e-05,0.0,0.0,0.0,0.0,0.0
36,0.0,0.0,1.32e-05,0.0,0.0,0.0,0.0,0.0,0.0,0.0,0.0,0.088453,0.0049531,0.0,0.0,0.0,0.0,0.0,0.0,0.0,0.28805,0.0,0.0035492,2.65e-05,3.97e-05,0.0,7.95e-05,0.0,0.0,0.0,0.0,5.3e-05,5.3e-05,0.0,0.0,0.0,0.0,0.0,0.23413,0.11278,0.0043703,0.047372,3.97e-05,0.0,0.0,0.0,0.0,7.95e-05,0.0,0.0,0.0,6.62e-05,0.16862,0.00079461,0.0082507,0.028156,0.00023838,0.0,0.005059,0.0,0.0016687,0.0,0.0011919,0.0,0.0017349,0.0,0.0,0.0,0.0,0.00018541,0.0,0.0,0.0
37,0.0,0.0,0.0,0.0,0.0,0.0,0.0,0.0,0.0,0.0,0.0,0.10845,0.0027304,0.0,0.0,0.0,0.0,0.0,0.0,0.0,0.22579,0.0,0.0049281,3.33e-05,9.99e-05,0.0,9.99e-05,0.0,0.0,0.0,0.0,3.33e-05,0.00029968,0.0,6.66e-05,0.0,0.0,0.0,0.13869,0.087673,0.0044286,0.11891,6.66e-05,0.0,0.0,0.0,0.0,0.0,0.0,3.33e-05,0.0,0.00016649,0.22543,0.0012986,0.0076252,0.045651,0.00053277,0.0,0.017781,0.0,0.0034963,0.0,0.0015317,0.0,0.0041289,0.0,0.0,0.0,0.0,3.33e-05,0.0,0.0,0.0
38,0.0,0.0,6.47e-05,0.0,0.0,0.0,0.0,0.0,0.0,0.0,0.0,0.01763,0.0015354,0.0,0.0,0.0,0.0,0.0,0.0,0.0,0.36829,0.0,0.025371,0.0,0.0,0.0,0.00019424,0.0,0.0,0.0,0.0,9.25e-06,0.0,0.0,0.0,0.0,0.0,0.0,0.20786,0.087408,0.0018961,0.0806,0.00017574,0.0,0.0,0.0,0.0,1.85e-05,0.0,0.0,0.0,1.85e-05,0.078935,0.00086945,0.004634,0.049115,0.0066781,0.0,0.059668,0.0,0.0035518,0.0,0.00073996,0.0,0.0043473,0.00037923,0.0,0.0,0.0,9.25e-06,0.0,0.0,0.0
39,0.0,0.0,0.0,0.0,0.0,0.0,0.0,0.0,0.0,0.0,0.0,0.077595,0.0037533,0.0,0.0,0.0,0.0,0.0,0.0,0.0,0.27444,0.0,0.0083195,0.0,0.0,0.0,3.01e-05,0.0,0.0,0.0,0.0,1e-05,0.0,0.0,0.0,0.0,0.0,0.0,0.19961,0.10395,0.00038135,0.026424,0.0,0.0,0.0,0.0,0.0,3.01e-05,0.0,0.0,0.0,0.0035927,0.2349,1e-05,0.0023082,0.058648,4.01e-05,0.0,0.00048171,0.0,0.00018064,0.0,0.00028099,0.0,0.0050178,0.0,0.0,0.0,0.0,0.0,0.0,0.0,0.0
40,0.0,0.0,0.0,0.0,0.0,0.0,0.0,0.0,0.0,0.0,0.0,0.097713,0.0027924,0.0,0.0,0.0,0.0,0.0,0.0,0.0,0.19044,0.0,0.00459,0.0,6.86e-06,0.0,0.00016466,0.0,0.0,0.0,0.0,0.0,0.0051937,0.0,0.0,0.0,0.0,0.0,0.27601,0.083202,0.0041989,0.11976,0.0,0.0,0.0,0.0,0.0,6.86e-06,0.0,6.86e-06,0.0,0.00052829,0.11331,0.00018525,0.0089947,0.083813,0.00057632,0.0,0.0066277,0.0,0.00039107,0.0,0.00044596,0.0,0.00065179,0.0002813,0.0,0.0,0.0,7.55e-05,0.0,0.0,2.06e-05
41,0.0,0.0,0.0,0.0,0.0,0.0,0.0,0.0,0.0,0.0,0.0,0.1126,0.00079726,0.0,0.0,0.0,0.0,0.0,0.0,0.0,0.17313,0.0,0.0095229,0.0,0.0,0.0,0.00034327,0.0,0.0,0.0,0.0,1.11e-05,0.001517,0.0,0.0,0.0,0.0,0.0,0.15077,0.071599,0.0011959,0.10181,0.0,0.0,0.0,0.0,0.0,0.0,0.0,0.0,0.0,0.00078619,0.21784,0.0029233,0.022844,0.068266,0.00052043,0.0,0.056484,0.0,0.0050936,0.0,0.0013288,0.0,0.00027683,0.0001661,0.0,0.00017717,0.0,0.0,0.0,0.0,0.0
42,0.0,0.0,7.48e-06,0.0,0.0,0.0,0.0,0.0,0.0,0.0,0.0,0.12168,0.0020133,0.0,0.0,0.0,0.0,0.0,0.0,0.0,0.22654,2.25e-05,0.0025597,0.0,0.0,0.0,0.00029937,0.0,0.0,0.0,0.0,0.0,0.00021705,0.0,0.0,0.0,0.0,0.0,0.1474,0.21821,0.00099542,0.072651,2.99e-05,0.0,0.0,0.0,0.0,1.5e-05,0.0,0.0,0.0,0.00065862,0.058071,0.0020807,0.0155,0.032639,0.0013921,0.0,0.053079,0.0,0.0063916,0.0,0.00028441,0.0,0.035581,0.0016391,0.0,0.0,0.0,2.99e-05,0.0,0.0,0.0
43,0.0,0.0,6.63e-05,0.0,0.0,0.0,0.0,0.0,0.0,0.0,0.0,0.1225,0.0027277,0.0,0.0,0.0,0.0,0.0,0.0,0.0,0.15885,2.21e-05,0.0023191,0.0,0.0,0.0,0.00020982,0.0,0.0,0.0,0.0,0.0,0.00023191,0.0,0.0,0.0,0.0,0.0,0.24452,0.22635,0.002551,0.071186,0.00011043,0.0,0.0,0.0,0.0,1.1e-05,0.0,0.0,0.0,0.00016565,0.050358,0.00127,0.011176,0.028282,0.0042407,0.0,0.03683,0.0,0.010392,0.0,0.0029817,0.0,0.022308,0.00032026,0.0,0.0,0.0,2.21e-05,0.0,0.0,0.0
44,0.0,0.0,8.18e-05,0.0,0.0,0.0,0.0,0.0,0.0,0.0,0.0,0.035071,0.0043468,0.0,0.0,1.02e-05,0.0,0.0,0.0,0.0,0.35627,0.0,0.0018717,0.0,1.02e-05,0.0,0.00034775,0.0,0.0,0.0,0.0,0.0,0.0013705,0.0,0.0,0.0,0.0,0.0,0.057317,0.16179,0.0037945,0.12551,5.11e-05,0.0,0.0,0.0,0.0,1.02e-05,0.0,0.0,0.0,0.0018717,0.092174,0.002649,0.012969,0.028137,0.0046025,1.02e-05,0.05385,0.0,0.0083971,0.0,0.00082846,0.0,0.045678,0.00096142,0.0,0.0,1.02e-05,1.02e-05,0.0,0.0,0.0
45,0.0,0.0,4.79e-05,0.0,0.0,0.0,0.0,0.0,0.0,0.0,0.0,0.057086,0.040351,0.0,0.0,0.0,0.0,0.0,0.0,0.0,0.43309,0.0,0.0039425,0.0,0.0,0.0,0.00022346,0.0,0.0,0.0,0.0,0.0,3.19e-05,0.0,0.0,0.0,0.0,0.0,0.14764,0.11792,0.0017318,0.10126,0.0,0.0,0.0,0.0,0.0,1.6e-05,0.0,0.0,0.0,2.39e-05,0.065418,2.39e-05,0.0070869,0.017438,0.00048682,0.0,0.0010774,0.0,0.00011971,0.0,0.00044692,0.0,0.0044931,0.0,0.0,4.79e-05,0.0,0.0,0.0,0.0,0.0
46,0.0,0.0,4.81e-05,0.0,0.0,0.0,0.0,0.0,0.0,0.0,0.0,0.065831,0.049135,0.0,0.0,0.0,0.0,0.0,0.0,0.0,0.37373,0.0,0.0026175,0.0,0.0,0.0,8.66e-05,0.0,0.0,0.0,0.0,0.0,0.0,0.0,0.0,0.0,0.0,0.0,0.22814,0.11606,0.0029928,0.095673,0.0,0.0,0.0,0.0,0.0,9.62e-06,0.0,0.0,0.0,0.0001251,0.038627,0.0,0.0059471,0.014694,0.0006255,0.0,0.0008757,0.0,0.00010585,0.0,0.00028869,0.0,0.0043785,0.0,0.0,0.0,0.0,0.0,0.0,0.0,0.0
47,0.0,0.0,6.92e-06,0.0,0.0,0.0,0.0,0.0,0.0,0.0,0.0,0.017805,0.025265,0.0,0.0,0.0,0.0,0.0,0.0,0.0,0.37199,0.0,0.0028165,0.0,0.0,0.0,0.00026988,0.0,0.0,0.0,0.0,0.0,4.84e-05,0.0,0.0,0.0,0.0,0.0,0.18279,0.11683,0.0033424,0.15576,0.0,0.0,0.0,0.0,0.0,5.54e-05,0.0,0.0,0.0,4.15e-05,0.081546,2.08e-05,0.0045188,0.025583,0.0001038,0.0,0.0016746,0.0,0.00022144,0.0,0.0009688,0.0,0.0083456,0.0,0.0,0.0,0.0,0.0,0.0,0.0,0.0
48,0.0,0.0,0.0,0.0,0.0,0.0,0.0,0.0,0.0,0.0,0.0,0.14323,0.0075018,0.0,0.0,0.0,0.0,0.0,0.0,0.0,0.28123,0.0,0.0039868,0.0,0.0,0.0,0.0,0.0,0.0,0.0,0.0,6.64e-06,6.64e-06,0.0,0.0,0.0,0.0,0.0,0.32665,0.13944,0.001422,0.021263,0.0,0.0,0.0,0.0,0.0,6.64e-06,0.0,0.0,0.0,0.00021263,0.054373,0.00033888,0.0027974,0.013475,0.0004319,0.0,0.0015881,0.0,0.0014153,0.0,0.00028572,0.0,0.00030565,0.0,0.0,1.99e-05,0.0,0.0,0.0,0.0,0.0
49,0.0,0.0,0.0,0.0,0.0,0.0,0.0,0.0,0.0,0.0,0.0,0.18343,0.0084766,0.0,0.0,0.0,0.0,0.0,0.0,0.0,0.12258,0.0,0.0019511,0.0,0.0,0.0,1.87e-05,9.34e-06,0.0,0.0,0.0,0.0,0.0,0.0,0.0,0.0,0.0,0.0,0.48069,0.13365,0.00096156,0.017364,0.0,0.0,0.0,0.0,0.0,0.0,0.0,0.0,0.0,1.87e-05,0.037127,0.00045744,0.00092421,0.007123,0.00058814,0.0,0.0015124,0.0,0.0018951,0.0,0.00084953,0.0,0.00036408,0.0,0.0,0.0,0.0,0.0,0.0,0.0,0.0
50,0.0,0.0,0.0,0.0,0.0,0.0,0.0,0.0,0.0,0.0,0.0,0.11766,0.0039232,0.0,0.0,0.0,0.0,0.0,0.0,0.0,0.20213,0.0,0.0066355,0.0,0.00027123,0.0,0.0,0.0,0.0,0.0,0.0,0.0,0.00011624,0.0,0.0,0.0,0.0,0.0,0.2854,0.13567,0.0019761,0.1052,0.0,0.0,0.0,0.0,0.0,9.69e-06,0.0,0.0,0.0,0.00052309,0.088306,0.0011915,0.0047466,0.032848,0.00069746,0.0,0.0063643,0.0,0.0033904,0.0,0.00057153,0.0,0.0022764,0.0,0.0,0.0,0.0,0.00010656,0.0,0.0,0.0
51,0.0,0.0,0.0,0.0,0.0,0.0,0.0,0.0,0.0,0.0,0.0,0.040352,0.0023636,0.0,0.0,0.0,8.59e-06,0.0,0.0,0.0,0.3614,0.0,0.015135,0.0,0.0,0.0,3.44e-05,0.0,0.0,0.0,0.0,8.59e-06,0.0,0.0,0.0,0.0,0.0,0.0,0.20252,0.075213,0.0016072,0.070193,6.02e-05,0.0,0.0,0.0,0.0,8.59e-06,0.0,0.0,0.0,0.0,0.12648,0.0011087,0.0077095,0.056545,0.0010743,0.0,0.031972,0.0,0.0016416,0.0,0.0012376,0.0,0.0029394,0.00037817,0.0,0.0,0.0,0.0,0.0,0.0,8.59e-06
52,0.0,0.0,0.0,0.0,0.0,0.0,0.0,0.0,0.0,0.0,8.56e-06,0.054709,0.0037164,0.0,0.0,0.0,0.0,0.0,0.0,0.0,0.32492,8.56e-06,0.015902,1.71e-05,0.0,0.0,4.28e-05,0.0,0.0,0.0,0.0,8.56e-06,8.56e-06,0.0,0.0,0.0,0.0,0.0,0.24857,0.082967,0.0028601,0.068676,1.71e-05,0.0,0.0,0.0,0.0,0.0,0.0,0.0,0.0,5.14e-05,0.10266,0.00093337,0.0072957,0.048912,0.0013444,0.0,0.030938,0.0,0.0015413,0.0,0.00066792,0.0,0.0029457,0.00028258,0.0,0.0,0.0,0.0,0.0,0.0,0.0
53,0.0,0.0,0.0,0.0,0.0,0.0,0.0,0.0,0.0,0.0,0.0,0.050124,0.003113,0.0,0.0,0.0,0.0,0.0,0.0,0.0,0.41539,0.0,0.0027151,0.0,0.0,0.0,0.0,0.0,0.0,0.0,0.0,0.0,0.0,0.0,0.0,0.0,0.0,0.0,0.27776,0.12184,0.0016033,0.031107,0.0,0.0,0.0,0.0,0.0,0.0,0.0,1.17e-05,0.0,0.00032768,0.042622,0.00011703,0.020749,0.017215,0.00029258,0.0,0.0098188,0.0,0.0021651,0.0,0.0010182,0.0,0.0020129,0.0,0.0,0.0,0.0,0.0,0.0,0.0,0.0
54,0.0,0.0,0.0,0.0,0.0,0.0,0.0,0.0,0.0,0.0,0.0,0.06712,0.0032557,0.0,0.0,0.0,0.0,0.0,0.0,0.0,0.32157,0.0,0.0024264,0.0,0.0,0.0,0.00011262,0.0,0.0,0.0,0.0,1.02e-05,0.0,0.0,0.0,0.0,0.0,0.0,0.37355,0.13503,0.0029792,0.024059,0.0,0.0,0.0,0.0,0.0,1.02e-05,0.0,0.0,0.0,0.0013616,0.028226,0.00033785,0.014354,0.010197,0.00053237,0.0,0.011456,0.0,0.001679,0.0,0.00040952,0.0,0.0011978,0.00012286,0.0,0.0,0.0,0.0,0.0,0.0,0.0
55,0.0,0.0,0.0,0.0,0.0,0.0,0.0,0.0,0.0,0.0,0.0,0.043732,0.0014169,0.0,0.0,0.0,0.0,0.0,0.0,0.0,0.29635,0.0,0.014468,0.0,0.0,0.0,9.64e-06,0.0,0.0,0.0,0.0,0.0,2.89e-05,0.0,0.0,0.0,9.64e-06,0.0,0.19659,0.12464,0.0014073,0.074037,0.0,0.0,0.0,0.0,0.0,1.93e-05,0.0,0.0,0.0,0.00028917,0.15736,0.0017157,0.026603,0.015991,0.0060629,0.0,0.023702,0.0,0.00534,0.0,0.0012049,1.93e-05,0.0082895,0.00050122,0.0,4.82e-05,0.0,0.0001735,0.0,0.0,0.0
56,0.0,0.0,0.0,0.0,0.0,0.0,0.0,0.0,0.0,0.0,0.0,0.076039,0.002549,0.0,0.0,0.0,0.0,0.0,0.0,0.0,0.17226,0.0,0.0058539,0.0,0.0,0.0,7.03e-05,0.0,0.0,0.0,0.0,8.79e-06,3.52e-05,0.0,0.0,0.0,0.0,0.0,0.32775,0.078228,0.0029973,0.10547,0.0,0.0,0.0,0.0,0.0,0.0,0.0,0.0,0.0,0.00012306,0.13745,0.0018195,0.0097038,0.045741,0.0011339,0.0,0.022387,0.0,0.0036389,0.0,0.00015821,0.0,0.0064428,0.00012306,0.0,1.76e-05,0.0,0.0,0.0,0.0,0.0
57,0.0,0.0,0.0,0.0,0.0,0.0,0.0,0.0,0.0,0.0,0.0,0.082341,0.00055276,0.0,0.0,0.0,0.0,0.0,0.0,0.0,0.20447,0.0,0.0088843,0.0,0.0,0.0,4.02e-05,0.0,0.0,0.0,0.0,1.01e-05,0.0018191,0.0,0.0,0.0,0.0,0.0,0.063266,0.093326,0.0018693,0.20909,0.0,0.0,0.0,0.0,0.0,1.01e-05,0.0,0.0,0.0,0.000201,0.21902,0.0020603,0.017136,0.061236,0.00046231,0.0,0.022834,0.0,0.003608,0.0,0.00074371,0.0,0.0069547,5.03e-05,0.0,0.0,0.0,1.01e-05,0.0,0.0,0.0
58,0.0,0.0,0.0001063,0.0,0.0,0.0,0.0,0.0,0.0,0.0,0.0,0.076623,0.0015848,0.0,0.0,0.0,0.0,0.0,0.0,0.0,0.31175,0.0,0.0015558,0.0,0.0,0.00034789,0.00026092,0.0,0.0,0.0,0.0,0.0,5.8e-05,0.0,0.0,0.0,0.0,0.0,0.07383,0.1111,0.0036915,0.15453,0.0,0.0,0.0,0.0,0.0,0.0,0.0,0.0,0.0,0.0017491,0.12908,0.0059045,0.018438,0.04884,0.0064939,2.9e-05,0.034818,0.0,0.0045226,0.0,0.00054116,0.0,0.011123,0.0030247,0.0,0.0,0.0,0.0,0.0,0.0,0.0
59,0.0,0.0,0.0,0.0,0.0,0.0,0.0,0.0,0.0,0.0,0.0,0.13383,0.0024735,0.0,0.0,0.0,0.0,0.0,0.0,0.0,0.39676,0.0,0.0039893,0.0,0.0,0.00013019,3.72e-05,0.0,0.0,0.0,0.0,0.0,4.65e-05,0.0,0.0,0.0,0.0,0.0,0.26427,0.084435,0.0011252,0.035885,0.0,0.0,0.0,0.0,0.0,0.0,0.0,0.0,0.0,0.00040916,0.047416,0.00071603,0.0041102,0.011698,0.00079042,0.0,0.0066488,0.0,0.0014228,0.0,0.00072532,0.0,0.0027153,0.0,0.0,0.00030687,0.0,4.65e-05,0.0,0.0,9.3e-06
60,0.0,0.0,9.77e-06,0.0,0.0,0.0,0.0,0.0,0.0,0.0,0.0,0.12279,0.0016517,0.0,0.0,0.0,0.0,0.0,0.0,0.0,0.34089,0.0,0.0042319,0.0,1.95e-05,0.00016615,5.86e-05,0.0,0.0,0.0,0.0,0.0,0.0,0.0,0.0,0.0,2.93e-05,0.0,0.36092,0.074063,0.00092848,0.023857,0.0,0.0,0.0,0.0,0.0,2.93e-05,0.0,0.0,0.0,0.00025411,0.046619,0.00045935,0.0039094,0.0091968,0.00074278,0.0,0.0041733,0.0,0.0017104,0.0,0.00080142,0.0,0.0021795,0.0,0.0,0.00030298,0.0,0.0,0.0,0.0,0.0
61,0.0,0.0,0.0,0.0,0.0,0.0,0.0,0.0,0.0,0.0,0.0,0.082188,0.0010264,0.0,0.0,0.0,0.0,0.0,0.0,0.0,0.20854,0.0,0.013141,0.0,0.0,0.0,1.56e-05,0.0,0.0,0.0,0.0,0.0,1.56e-05,0.0,0.0,0.0,0.0,0.0,0.25575,0.066193,0.0015862,0.057042,0.0,0.0,0.0,0.0,0.0,0.0,0.0,0.0,0.0,3.11e-05,0.19913,5.44e-05,0.0041755,0.10214,0.0029936,0.0,0.0045254,0.0,0.00012441,0.0,0.00054429,0.0,0.00072313,0.0,0.0,6.22e-05,0.0,0.0,0.0,0.0,0.0
62,0.0,0.0,1.49e-05,0.0,0.0,0.0,0.0,0.0,0.0,0.0,0.0,0.074601,0.0080784,0.0,0.0,0.0,0.0,0.0,0.0,0.0,0.37485,0.0,0.0044442,0.0,0.0,0.0,6.69e-05,0.0,0.0,0.0,0.0,7.43e-06,0.00037902,0.0,0.0,0.0,0.0,0.0,0.15998,0.18026,0.0026903,0.095536,0.0,0.0,0.0,0.0,0.0,7.43e-06,0.0,0.0,0.0,0.0001858,0.03675,0.00096614,0.012753,0.0098249,0.00027498,0.0,0.02124,0.0,0.0055888,0.0,0.0086284,0.0,0.0028761,0.0,0.0,0.0,0.0,0.0,0.0,0.0,0.0
63,0.0,0.0,0.0,0.0,0.0,0.0,0.0,0.0,0.0,0.0,0.0,0.039856,0.0031045,0.0,0.0,0.0,0.0,0.0,0.0,0.0,0.37663,0.0,0.0066172,0.0,0.0,0.0,0.0,0.0,0.0,0.0,0.0,0.0,0.00077399,0.0,0.0,0.0,0.0,0.0,0.068128,0.24216,0.0049841,0.13746,0.0,0.0,0.0,0.0,0.0,0.0,0.0,0.0,0.0,0.00062089,0.038674,0.0041676,0.016917,0.0081651,0.0013353,0.0,0.025788,0.0,0.0098832,0.0,0.008684,0.0,0.0060643,0.0,0.0,0.0,0.0,0.0,0.0,0.0,0.0
64,0.0,0.0,2.99e-05,0.0,0.0,0.0,0.0,0.0,0.0,0.0,0.0,0.1205,0.00080056,0.0,0.0,0.0,0.0,0.0,0.0,0.0,0.17166,0.0,0.0051176,0.0,0.0,2.99e-05,5.24e-05,0.0,0.0,0.0,0.0,0.0,4.49e-05,0.0,0.0,0.0,0.0,0.0,0.13705,0.1106,0.0014665,0.099315,0.0,0.0,0.0,0.0,0.0,0.0,0.0,0.0,0.0,4.49e-05,0.20957,0.0021997,0.0055142,0.11135,0.00065093,8.98e-05,0.017687,0.0,0.0019827,0.0,0.003494,0.0,0.00049381,0.00025438,0.0,0.0,0.0,0.0,0.0,0.0,0.0
65,0.0,0.0,0.0,0.0,0.0,0.0,0.0,0.0,0.0,0.0,0.0,0.04009,0.0030009,0.0,0.0,0.0,0.0,0.0,0.0,0.0,0.53957,0.0,0.0016176,0.0,0.0,0.0,5.86e-05,0.0,0.0,0.0,0.0,0.0,0.0,0.0,0.0,0.0,0.0,0.0,0.26638,0.070157,0.0027078,0.031239,0.0,0.0,0.0,0.0,0.0,1.17e-05,0.0,0.0,0.0,3.52e-05,0.014313,0.00062127,0.0027312,0.016915,0.0,0.0,0.0072443,0.0,0.00044544,0.0,0.0012894,0.0,0.001559,1.17e-05,0.0,0.0,0.0,0.0,0.0,0.0,0.0
66,0.0,0.0,0.0,0.0,0.0,0.0,0.0,0.0,0.0,0.0,0.0,0.05338,0.00016811,0.0,0.0,0.0,0.0,0.0,0.0,0.0,0.14582,0.0,0.0051125,0.0,0.0,0.0,0.0,0.0,0.0,0.0,0.0,9.89e-06,0.0,0.0,0.0,0.0,0.0,0.0,0.33068,0.039496,0.000356,0.096317,4.94e-05,0.0,0.0,0.0,0.0,0.0,0.0,0.0,0.0,0.0,0.23329,0.00046478,0.0041731,0.076975,0.001068,0.0,0.010502,0.0,0.000623,0.0,0.00077133,0.0,0.00068233,5.93e-05,0.0,0.0,0.0,0.0,0.0,0.0,0.0
67,0.0,0.0,0.0,0.0,0.0,0.0,0.0,0.0,0.0,0.0,0.0,0.074765,0.0025502,0.0,0.0,0.0,0.0,0.0,0.0,0.0,0.42062,0.0,0.020944,0.0,0.0,0.0,8.1e-06,0.0,0.0,0.0,0.0,8.1e-06,0.0,0.0,0.0,0.0,0.0,0.0,0.14131,0.094131,0.0023883,0.045402,0.0,0.0,0.0,0.0,0.0,8.1e-06,0.0,0.0,0.0,8.1e-06,0.12359,0.00015382,0.0057076,0.056841,0.0015868,0.0,0.0064524,0.0,0.0001862,0.0,0.0025259,0.0,0.00074482,7.29e-05,0.0,0.0,0.0,0.0,0.0,0.0,0.0
68,0.0,0.0,2.13e-05,0.0,0.0,0.0,0.0,0.0,0.0,0.0,0.0,0.074371,0.0020783,0.0,0.0,0.0,0.0,0.0,0.0,0.0,0.38247,0.0,0.018065,0.0,0.0,0.0,2.13e-05,0.0,0.0,0.0,0.0,0.0,0.0,0.0,0.0,0.0,0.0,0.0,0.21529,0.084954,0.0033466,0.036962,0.0,0.0,0.0,0.0,0.0,2.13e-05,0.0,0.0,0.0,4.26e-05,0.1109,0.00011724,0.0044017,0.055368,0.0012896,0.0,0.0058832,0.0,0.00027711,0.0,0.0031228,0.0,0.00094855,4.26e-05,0.0,0.0,0.0,1.07e-05,0.0,0.0,0.0
69,0.0,0.0,0.0,0.00013863,0.0,0.0,0.0,0.0,0.0,0.0,0.0,0.03628,0.00045549,0.0,0.0,0.0,0.0,0.0,0.0,0.0,0.27812,0.0,0.025626,0.0,0.0,0.0,8.91e-05,0.0,0.0,0.0,0.0,9.9e-06,9.9e-06,0.0,0.0,0.0,0.0,0.0,0.1499,0.094751,0.0031488,0.10104,1.98e-05,0.0,0.0,0.0,0.0,9.9e-06,0.0,0.0,0.0,3.96e-05,0.15859,0.00028715,0.0073076,0.11772,0.0026042,0.0,0.013318,0.0,0.0005248,0.0,0.0069511,0.0,0.0028616,0.00018814,0.0,0.0,0.0,0.0,0.0,0.0,0.0
70,0.0,0.0,3.2e-05,0.0,0.0,0.0,0.0,0.0,0.0,0.0,0.0,0.12005,0.0062439,0.0,0.0,0.0,0.0,0.0,0.0,0.0,0.3758,0.0,0.0091101,0.0,0.0,0.0006393,0.00022376,0.0,0.0,0.0,0.0,0.0,8.52e-05,0.0,0.0,0.0,0.0,0.0,0.1262,0.12947,0.0020884,0.085741,0.0,0.0,0.0,0.0,0.0,1.07e-05,0.0,0.0,0.0,0.00012786,0.032381,0.0028982,0.0064357,0.035492,0.0019179,0.0,0.053382,0.0,0.0027916,0.0,0.0039957,0.0,0.0038252,0.0010549,0.0,0.0,0.0,0.0,0.0,0.0,0.0
71,0.0,0.0,0.000101,0.0,0.0,0.0,0.0,0.0,0.0,0.0,0.0,0.16182,0.0097972,0.0,0.0,0.0,0.0,0.0,0.0,0.0,0.27819,0.0,0.0075549,0.0,0.0,0.00046461,9.09e-05,0.0,0.0,0.0,0.0,0.0,0.0002525,0.0,0.0,0.0,0.0,0.0,0.18431,0.1573,0.0047269,0.084428,0.0,0.0,0.0,0.0,0.0,0.0,0.0,0.0,0.0,0.00047471,0.019675,0.0013433,0.0057773,0.031917,0.002626,0.0,0.040684,0.0,0.0033432,0.0,0.00058581,0.0,0.0033533,0.0011918,0.0,0.0,0.0,0.0,0.0,0.0,0.0
72,0.0,0.0,4.18e-05,0.0,0.0,0.0,0.0,0.0,0.0,0.0,0.0,0.08223,0.0025893,0.0,0.0,0.0,0.0,0.0,0.0,0.0,0.33452,0.0,0.00632,0.0,1.39e-05,0.0,0.0004037,0.0,0.0,0.0,1.39e-05,0.0,0.00032018,0.0,0.0,0.0,0.0,0.0,0.18818,0.10459,0.0020324,0.13453,0.0,0.0,0.0,0.0,0.0,1.39e-05,0.0,0.0,0.0,6.96e-05,0.078291,0.0003341,0.018612,0.016315,0.0038143,0.0,0.011958,0.0,0.003522,0.0,0.0030347,0.0,0.0078374,0.0004037,0.0,0.0,0.0,1.39e-05,0.0,0.0,0.0
73,0.0,0.0,0.0,1.13e-05,0.0,0.0,0.0,0.0,0.0,0.0,0.0,0.082103,0.0037479,0.0,0.0,0.0,0.0,0.0,0.0,0.0,0.36168,0.0,0.0044499,0.0,0.0,0.0,0.00020381,0.0,0.0,0.0,0.0,2.26e-05,0.0,0.0,0.0,0.0,0.0,0.0,0.25772,0.094683,0.0014493,0.05794,5.66e-05,0.0,0.0,0.0,0.0,2.26e-05,0.0,0.0,0.0,0.00020381,0.076668,0.001087,0.0075524,0.027888,0.0003963,0.0,0.016328,0.0,0.0026043,0.0,0.00028307,0.0,0.0024684,0.00043027,0.0,0.0,0.0,0.0,0.0,0.0,0.0
74,0.0,0.0,5.39e-05,0.0,0.0,0.0,0.0,0.0,0.0,0.0,0.0,0.077652,0.0040657,0.0,0.0,0.0,0.0,0.0,0.0,0.0,0.29065,0.0,0.0023066,0.0,0.0,0.0,0.0002154,0.0,0.0,0.0,0.0,8.98e-06,6.28e-05,0.0,0.0,0.0,8.98e-06,0.0,0.33894,0.10053,0.0027912,0.06716,0.0,0.0,0.0,0.0,0.0,8.98e-06,0.0,0.0,0.0,0.00017053,0.05219,0.0009693,0.007539,0.029393,0.00024233,2.69e-05,0.017699,8.98e-06,0.0033118,0.0,0.0001795,0.0,0.003231,0.0005744,0.0,0.0,0.0,8.98e-06,0.0,0.0,0.0
75,0.0,0.0,0.0,0.0,0.0,0.0,0.0,0.0,0.0,0.0,0.0,0.032077,0.0024301,0.0,0.0,0.0,0.0,0.0,0.0,0.0,0.28928,0.0,0.0042437,0.0,0.0,0.0,0.00018966,0.0,0.0,0.0,0.0,1.19e-05,0.0025367,0.0,0.0,0.0,0.0,0.0,0.17329,0.11585,0.0011024,0.13602,1.19e-05,0.0,0.0,0.0,0.0,0.0,0.0,0.0,0.0,9.48e-05,0.13956,0.0043148,0.014545,0.029327,0.00033191,5.93e-05,0.041975,0.0,0.0092461,0.0,0.00016595,0.0,0.0024419,0.00088905,0.0,0.0,0.0,0.0,0.0,0.0,0.0
76,0.0,0.0,0.0,0.0,0.0,0.0,0.0,0.0,0.0,0.0,0.0,0.049366,0.00046209,0.0,0.0,0.0,0.0,0.0,0.0,0.0,0.16096,0.0,0.010855,0.0,0.0,0.0,3.13e-05,0.0,0.0,0.0,0.0,1.57e-05,7.83e-06,0.0,0.0,0.0,0.0,0.0,0.39594,0.051308,0.0017152,0.060205,0.0,0.0,0.0,0.0,0.0,0.0,0.0,0.0,0.0,7.05e-05,0.15578,3.13e-05,0.0049577,0.097345,0.0065633,0.0,0.0025768,0.0,0.00053258,0.0,9.4e-05,0.0,0.0011748,0.0,0.0,0.0,0.0,0.0,0.0,0.0,0.0
77,0.0,0.0,0.0,0.0,0.0,0.0,0.0,0.0,0.0,0.0,0.0,0.025271,0.00040638,0.0,0.0,0.0,0.0,0.0,0.0,0.0,0.15321,0.0,0.010919,0.0,0.0,0.0,2.14e-05,0.0,0.0,0.0,0.0,1.07e-05,0.0,0.0,0.0,0.0,0.0,0.0,0.16464,0.060882,0.0017752,0.079287,0.0,0.0,0.0,0.0,0.0,1.07e-05,0.0,0.0,0.0,9.62e-05,0.34108,7.49e-05,0.0088121,0.12742,0.009935,0.0,0.0095286,0.0,0.0026843,0.0,0.00036361,0.0,0.0035612,0.0,1.07e-05,0.0,0.0,0.0,0.0,0.0,0.0
78,0.0,0.0,0.0,0.0,0.0,0.0,0.0,0.0,0.0,0.0,0.0,0.033872,0.0026386,0.0,0.0,0.0,0.0,0.0,0.0,0.0,0.3318,0.0,0.10021,0.0,0.0,0.0,0.00013511,0.0,0.0,0.0,0.0,1.59e-05,0.0,0.0,0.0,0.0,0.0,0.0,0.21478,0.072776,0.0028214,0.067189,0.0,0.0,0.0,0.0,0.0,7.95e-06,0.0,0.0,0.0,7.95e-06,0.11093,0.00182,0.0055633,0.026934,0.00051659,0.0,0.016642,0.0,0.0017802,0.0,0.00030201,0.0,0.0092509,0.0,0.0,0.0,0.0,0.0,0.0,0.0,0.0
79,0.0,0.0,0.00011409,0.0,0.0,0.0,0.0,0.0,0.0,0.0,0.0,0.098785,0.001236,0.0,0.0,0.0,0.0,0.0,0.0,0.0,0.29955,0.0,0.0074921,1.9e-05,5.7e-05,0.0,0.00058948,0.0,0.0,0.0,0.0,0.0,0.00066554,0.0,0.0,0.0,0.0,0.0,0.16325,0.12271,0.00077963,0.086767,0.0,0.0,0.0,0.0,0.0,1.9e-05,0.0,0.0,0.0,0.00015212,0.092529,0.0017874,0.012988,0.051912,0.0017494,0.0,0.043431,0.0,0.0050201,0.0,0.00058948,0.0,0.0068836,0.00091274,0.0,0.0,0.0,1.9e-05,0.0,0.0,0.0
80,0.0,0.0,1.15e-05,0.0,0.0,0.0,1.15e-05,0.0,0.0,0.0,0.0,0.077772,0.0017639,0.0,0.0,0.0,0.0,0.0,1.15e-05,0.0,0.29706,2.29e-05,0.0086247,2.29e-05,6.87e-05,0.0,0.00024053,0.0,0.0,0.0,0.0,3.44e-05,0.00041234,0.0,0.0,0.0,0.0,0.0,0.17263,0.14345,0.001741,0.11883,0.0,0.0,0.0,0.0,0.0,0.0,0.0,0.0,0.0,0.00020617,0.056582,0.0017295,0.015703,0.039859,0.0021304,0.0,0.045449,0.0,0.0045701,0.0,0.00069868,0.0,0.0089913,0.0013286,0.0,0.0,0.0,3.44e-05,0.0,0.0,1.15e-05
81,0.0,0.0,1.77e-05,0.0,0.0,0.0,0.0,0.0,0.0,0.0,0.0,0.033936,0.00030095,0.0,0.0,0.0,0.0,0.0,0.0,0.0,0.36463,3.54e-05,0.015189,1.77e-05,1.77e-05,0.0,0.00017703,0.0,0.0,0.0,0.0,0.0,0.00010622,0.0,0.0,0.0,0.0,0.0,0.044133,0.076353,0.00044257,0.072405,0.0,0.0,0.0,0.0,0.0,0.0,0.0,0.0,0.0,8.85e-05,0.10836,0.00031865,0.015756,0.19052,0.0030095,0.0,0.055463,0.0,0.0036291,0.0,0.00065501,0.0023545,0.010976,0.0010976,0.0,0.0,0.0,1.77e-05,0.0,0.0,0.0
82,0.0,0.0,0.00013776,0.00052202,0.0,0.0,0.0,0.0,0.0,0.0,0.0,0.053188,0.0020591,0.0,0.0,0.0,0.0,0.0,0.0,0.0,0.32082,0.0,0.0041327,0.0,0.0,0.00040602,0.00046402,0.0,0.0,0.0,0.0,7.25e-06,0.00028276,0.0,0.0,0.0,0.0,0.0,0.13129,0.10425,0.0016603,0.16895,7.25e-06,0.0,0.0,0.0,0.0,0.0,0.0,0.0,0.0,4.35e-05,0.099141,0.005793,0.0075041,0.013826,0.00018851,0.0,0.049411,0.0,0.013319,0.0,0.00031176,0.0,0.02199,0.00029001,0.0,0.0,0.0,0.0,0.0,7.25e-06,0.0
83,0.0,0.0,0.00011769,0.0012475,0.0,0.0,0.0,0.0,0.0,0.0,0.0,0.015335,0.00090622,0.0,0.0,1.18e-05,0.0,0.0,0.0,0.0,0.31048,0.0,0.0060376,0.0,0.0,0.000612,0.00028246,0.0,0.0,0.0,0.0,0.0,7.06e-05,0.0,0.0,0.0,0.0,0.0,0.084232,0.13584,0.0019654,0.072133,0.000153,0.0,0.0,0.0,0.0,0.0,0.0,0.0,0.0,5.88e-05,0.25305,0.004178,0.0065436,0.0059199,0.00034131,0.0,0.043063,0.0,0.019855,0.0,0.0017771,0.0,0.034342,0.0014358,0.0,0.0,0.0,1.18e-05,0.0,0.0,0.0
84,0.0,0.0,0.0,0.0,1.25e-05,0.0,0.0,0.0,0.0,0.0,0.0,0.065642,0.0012575,0.0,0.0,1.25e-05,0.00023657,0.0,0.0,0.0,0.20849,1.25e-05,0.001519,1.25e-05,2.49e-05,0.0,0.00029882,0.0,0.0,0.0,0.0,0.0,9.96e-05,0.0,0.0,0.0,0.0,0.0,0.077893,0.069489,0.0021167,0.16013,0.0,0.0,0.0,0.0,1.25e-05,0.0,0.0,0.0,0.0,0.00014941,0.2298,0.0024902,0.016298,0.094727,0.0,0.0,0.047749,0.0,0.0050053,0.0,0.00028637,0.0,0.016224,0.0,0.0,0.0,0.0,1.25e-05,0.0,0.0,0.0
85,7.66e-06,7.66e-06,3.06e-05,0.0,7.66e-06,0.0,0.0,7.66e-06,0.0,0.0,7.66e-06,0.058647,0.0042268,0.0,0.0,1.53e-05,3.83e-05,0.0,0.0,0.0,0.26486,7.66e-06,0.012941,3.06e-05,2.3e-05,0.00042881,0.00023738,0.0,0.0,7.66e-06,0.0,0.0,3.83e-05,0.0,0.0,0.0,0.0,0.0,0.22416,0.12155,0.003798,0.11775,0.0,0.0,0.0,0.0,0.0,0.0,0.0,1.53e-05,0.0,0.00056664,0.052881,0.0026188,0.01755,0.044144,0.0018071,2.3e-05,0.055982,0.0,0.0037444,0.0,0.00029098,0.0,0.010789,0.00046709,7.66e-06,0.000268,0.0,1.53e-05,0.0,0.0,0.0
86,6.32e-06,0.0,0.0,0.0,0.0,6.32e-06,6.32e-06,0.0,1.26e-05,0.0,0.0,0.17522,0.0045739,0.0,0.0,6.32e-06,5.05e-05,0.0,0.0,0.0,0.25675,6.32e-06,0.0029819,0.0,6.32e-06,0.00022743,1.26e-05,0.0,0.0,0.0,0.0,6.32e-06,3.79e-05,0.0,0.0,0.0,0.0,0.0,0.28663,0.12577,0.0020216,0.040338,0.0,0.0,0.0,0.0,0.0,0.0,0.0,0.0,0.0,0.00034747,0.05025,0.00060649,0.0055089,0.033148,0.0011119,0.0,0.0117,0.0,0.00070757,0.0,0.0012382,0.0,0.00041064,0.00019584,0.0,0.00010108,0.0,0.0,0.0,0.0,0.0
87,0.0,0.0,4.89e-05,0.0,0.0,0.0,0.0,0.0,0.0,1.22e-05,0.0,0.033729,0.0011006,0.0,0.0,2.45e-05,6.11e-05,0.0,0.0,0.0,0.22657,0.0,0.0064449,1.22e-05,0.0,0.0008316,6.11e-05,0.0,0.0,0.0,0.0,0.0,1.22e-05,0.0,0.0,0.0,0.0,1.22e-05,0.34592,0.082353,0.0017977,0.04465,0.0,0.0,0.0,0.0,0.0,0.0,0.0,0.0,0.0,0.00029351,0.13739,0.0027272,0.0071664,0.044405,0.0023114,0.0,0.054237,0.0,0.0026538,0.0,0.0025559,0.0,0.0011129,0.0011373,0.0,0.00036688,0.0,0.0,0.0,0.0,0.0
88,0.0,0.0,0.00011276,0.0,0.0,0.0,0.0,0.0,0.0,0.0,0.0,0.11374,0.005815,0.0,0.0,0.0,0.0,0.0,0.0,0.0,0.16899,0.0,0.0022712,0.0,0.0,9.66e-05,0.00012886,0.0,0.0,0.0,0.0,4.83e-05,0.00025773,0.0,0.0,0.0,1.61e-05,0.0,0.29331,0.13257,0.0013209,0.043024,0.0,0.0,0.0,0.0,0.0,4.83e-05,0.0,0.0,0.0,0.00027384,0.13508,0.0013531,0.0055573,0.060228,0.00066043,0.00017719,0.029526,0.0,0.0012081,0.0,0.0027867,0.0,0.00046713,0.00070875,0.0,1.61e-05,0.0,0.0001933,0.0,1.61e-05,0.0
89,0.0,0.0,0.0,0.0,0.0,0.0,0.0,0.0,0.0,0.0,2.06e-05,0.1362,0.0060558,0.0,0.0,0.0,0.0,0.0,0.0,0.0,0.079085,0.0,0.00054492,0.0,1.03e-05,3.08e-05,0.0001645,0.0,0.0,0.0,0.0,0.0,5.14e-05,0.0,0.0,0.0,0.0,0.0,0.3882,0.23412,0.0015422,0.023935,0.0,0.0,0.0,0.0,0.0,0.0,0.0,0.0,0.0,7.2e-05,0.090631,0.0012543,0.0015011,0.021355,0.00041126,0.0001645,0.010816,0.0,0.0011721,0.0,0.0021077,0.0,0.00028788,0.00019535,0.0,0.0,0.0,7.2e-05,0.0,0.0,0.0
90,0.0,0.0,0.0,0.0,0.0,0.0,0.0,0.0,0.0,0.0,0.0,0.052819,0.00043729,0.0,0.0,0.0,0.0,0.0,0.0,0.0,0.18744,3.12e-05,0.020022,3.12e-05,3.12e-05,0.0,6.25e-05,0.0,0.0,0.0,0.0,0.0,0.00018741,0.0,0.0,0.0,0.0,0.0,0.51585,0.059566,0.0012494,0.062252,0.0,0.0,0.0,0.0,0.0,0.0,0.0,0.0,0.0,0.00018741,0.053943,0.00037482,0.003717,0.027893,0.0016867,0.0,0.0093706,0.0,0.00081212,0.0,0.001062,0.0,0.00065594,0.00012494,0.0,0.00015618,0.0,3.12e-05,0.0,0.0,0.0
91,0.0,0.0,0.0,0.0,0.0,0.0,2.76e-05,0.0,0.0,0.0,0.0,0.085641,0.0070193,0.0,0.0,0.0,0.0,0.0,0.0,0.0,0.27997,0.0,0.0033438,0.0,0.0,0.0,5.53e-05,0.0,0.0,0.0,0.0,0.00022108,2.76e-05,0.0,0.0,0.0,0.0,0.0,0.29268,0.11264,0.0042558,0.033411,0.00013818,0.0,0.0,0.0,0.0,5.53e-05,0.0,0.0,0.0,0.00024871,0.14003,0.00077378,0.0069364,0.02244,0.00044216,0.0,0.0048638,0.0,0.0018239,0.0,0.0017963,0.0,0.0011607,0.0,0.0,0.0,0.0,0.0,0.0,0.0,0.0
92,0.0,0.0,0.0,0.0,0.0,0.0,0.0,0.0,0.0,0.0,0.0,0.097254,0.0024147,0.0,0.0,0.0,0.0,0.0,0.0,0.0,0.24374,0.0,0.00085273,4.22e-05,0.0,0.0,9.29e-05,0.0,0.0,0.0,0.0,0.0,0.0045676,0.0,0.0,0.0,8.44e-06,0.0,0.19699,0.088034,0.0013509,0.030453,0.0,0.0,0.0,0.0,0.0,8.44e-06,0.0,0.0,0.0,0.00040526,0.19748,0.00032927,0.0057243,0.10363,0.00044747,0.0,0.021082,0.0,0.0021698,0.0,0.00098782,0.0,0.0019419,0.0,0.0,0.0,0.0,0.0,0.0,0.0,0.0
93,0.0,0.0,0.0,0.0,0.0,0.0,0.0,0.0,0.0,0.0,0.0,0.042713,0.000605,0.0,0.0,0.0,0.0,0.0,0.0,0.0,0.18587,0.0,0.0033621,1.73e-05,0.0,0.0,9.51e-05,0.0,0.0,0.0,0.0,1.73e-05,0.17674,0.0,0.0,0.0,0.0,0.0,0.099765,0.039273,0.00077786,0.029351,0.0,0.0,1.73e-05,0.0,0.0,0.0,0.0,0.0,0.0,0.0077008,0.19468,0.00021607,0.0020916,0.20224,0.00027657,0.0,0.010268,0.0,0.0014001,0.0,0.0012359,0.0,0.0012791,0.0,0.0,0.0,0.0,0.0,0.0,0.0,0.0
94,0.0,0.0,3.31e-05,0.0,0.0,0.0,0.0,0.0,0.0,0.0,0.0,0.02317,0.0024642,0.0,0.0,0.0,0.0,0.0,0.0,0.0,0.44667,0.0,0.0029356,0.0,0.0,0.0,6.62e-05,0.0,0.0,0.0,0.0,0.0,0.0011577,0.0,0.0,0.0,0.0,0.0,0.084288,0.13474,0.0054659,0.13693,0.0,0.0,0.0,0.0,0.0,0.0,0.0,0.0,0.0,3.31e-05,0.010452,0.0015463,0.007128,0.0095592,0.00015711,0.0,0.10286,0.0,0.0076655,0.0,0.0053502,0.0,0.017324,8.27e-06,0.0,0.0,0.0,0.0,0.0,0.0,0.0
95,0.0,0.0,1.14e-05,0.0,0.0,0.0,0.0,0.0,0.0,0.0,0.0,0.019841,0.001228,0.0,0.0,0.0,0.0,0.0,0.0,0.0,0.31037,0.0,0.038249,0.0,0.0,0.0,0.00010233,0.0,0.0,0.0,0.0,1.14e-05,2.27e-05,0.0,0.0,0.0,0.0,0.0,0.21812,0.088972,0.0027743,0.10781,0.00014781,0.0,0.0,0.0,0.0,7.96e-05,0.0,0.0,0.0,1.14e-05,0.072497,0.0010802,0.0072428,0.052258,0.0082662,0.0,0.059046,0.0,0.0023991,0.0,0.0025015,0.0,0.0066175,0.00034111,0.0,0.0,0.0,0.0,0.0,0.0,0.0
96,0.0,0.0,9.52e-06,0.0,0.0,0.0,0.0,0.0,0.0,0.0,0.0,0.015204,0.00074257,0.0,0.0,0.0,0.0,0.0,0.0,0.0,0.32492,0.0,0.031464,0.0,0.0,0.0,7.62e-05,0.0,0.0,0.0,0.0,0.0,0.0,0.0,0.0,0.0,0.0,0.0,0.10052,0.084168,0.0022087,0.16238,0.00022848,0.0,0.0,0.0,0.0,9.52e-06,0.0,0.0,0.0,9.52e-06,0.13941,0.0031417,0.013414,0.045402,0.0057121,0.0,0.047496,0.0,0.0069593,0.0,0.0013519,0.0,0.014395,0.00077114,0.0,0.0,0.0,0.0,0.0,0.0,0.0
97,0.0,0.0,1.75e-05,0.0,0.0,0.0,0.0,0.0,0.0,0.0,0.0,0.092281,0.003495,0.0,0.0,0.0,0.0,0.0,0.0,0.0,0.3991,0.0,0.004809,0.0,0.0,0.0,7.88e-05,0.0,0.0,0.0,0.0,0.0,0.00011387,0.0,0.0,0.0,0.0,0.0,0.16093,0.13008,0.0029519,0.05741,2.63e-05,0.0,0.0,0.0,0.0,1.75e-05,0.0,0.0,0.0,4.38e-05,0.10392,0.00094602,0.0057375,0.017738,0.0020059,0.0,0.010205,0.0,0.0021724,0.0,0.0034074,0.0,0.0019358,0.00030658,0.0,0.00025403,0.0,0.0,0.0,0.0,1.75e-05
98,0.0,0.0,1.7e-05,0.0,0.0,0.0,0.0,0.0,0.0,0.0,0.0,0.1061,0.004544,0.0,0.0,0.0,0.0,0.0,0.0,0.0,0.26231,0.0,0.0066419,0.0,0.0,0.0,8.49e-06,0.0,0.0,0.0,0.0,8.49e-06,0.0,0.0,0.0,0.0,0.0,0.0,0.39046,0.087313,0.0028198,0.054673,0.0,0.0,0.0,0.0,0.0,0.0,0.0,0.0,0.0,0.00014439,0.028852,0.00038221,0.0037541,0.042119,0.00033974,0.0,0.0057841,0.0,0.00047564,0.0,0.0017327,0.0,0.001274,0.00023782,0.0,0.0,0.0,0.0,0.0,0.0,0.0
99,0.0,0.0,0.0,0.0,0.0,0.0,0.0,0.0,0.0,0.0,0.0,0.05008,0.0024965,0.0,0.0,0.0,0.0,0.0,0.0,0.0,0.35855,8.32e-06,0.003595,0.0,0.0,0.0,2.5e-05,0.0,0.0,0.0,0.0,8.32e-06,4.16e-05,0.0,0.0,0.0,0.0,0.0,0.11596,0.14051,0.0032371,0.035051,0.0,0.0,0.0,0.0,0.0,8.32e-06,0.0,0.0,0.0,0.00053259,0.20332,0.00034951,0.0045769,0.075636,0.0,0.0,4.99e-05,0.0,0.0,0.0,0.0030541,0.0,0.0012899,0.0,0.0,0.0016061,0.0,8.32e-06,0.0,0.0,0.0
100,0.0,0.0,3.4e-05,0.0,0.0,0.0,0.0,0.0,0.0,0.0,0.0,0.028771,0.00064615,0.0,0.0,0.0,0.0,0.0,0.0,0.0,0.1414,0.0,0.0054413,0.0,0.0,0.0,0.00034008,0.0,0.0,0.0,0.0,3.4e-05,0.0004421,0.0,0.0,0.0,0.0,0.0,0.056589,0.086482,0.0013603,0.057745,0.0,0.0,0.0,0.0,0.0,0.0,0.00010202,0.0,0.0,0.0,0.26564,0.00027206,0.0049651,0.34236,0.0,0.0,0.00020405,0.0,0.0,0.0,0.0027546,0.0,0.004421,0.0,0.0,0.0,0.0,0.0,0.0,0.0,0.0
101,0.0,0.0,2.17e-05,0.0,0.0,0.0,0.0,0.0,0.0,0.0,0.0,0.03897,0.0012144,0.0,0.0,0.0,0.0,0.0,0.0,0.0,0.20525,0.0,0.0024289,0.0,0.0,0.0,0.00026023,0.0,0.0,0.0,0.0,2.17e-05,7.95e-05,0.0,0.0,0.0,0.0,0.0,0.22048,0.10325,0.0055083,0.097356,0.0,0.0,0.0,0.0,0.0,7.23e-06,0.0,0.0,0.0,8.67e-05,0.10311,0.00031806,0.0046625,0.16279,0.00093251,0.0,0.042483,0.0,0.0069323,0.0,0.00031806,0.0,0.0035204,0.0,0.0,0.0,0.0,0.0,0.0,0.0,0.0
102,0.0,0.0,0.0,0.0,0.0,0.0,0.0,0.0,0.0,0.0,0.0,0.01836,0.00064585,0.0,0.0,0.0,0.0,0.0,0.0,0.0,0.28785,0.0,0.0014301,0.0,0.0,0.0,6.92e-05,0.0,0.0,0.0,0.0,0.0,0.0,0.0,0.0,0.0,0.0,0.0,0.20195,0.082484,0.00084191,0.15376,0.0,0.0,0.0,0.0,0.0,0.0,0.0,0.0,0.0,2.31e-05,0.17501,0.00077271,0.0061817,0.046651,0.00059971,0.0,0.019548,0.0,0.0018453,0.0,0.00024219,0.0,0.0014647,0.00026526,0.0,0.0,0.0,0.0,0.0,0.0,0.0
103,0.0,0.0,2.84e-05,0.0,0.0,0.0,0.0,0.0,0.0,0.0,0.0,0.013543,0.00074606,0.0,0.0,0.0,0.0,0.0,0.0,0.0,0.31523,0.0,0.0021103,0.0,0.0,0.0,0.000135,0.0,0.0,0.0,0.0,7.11e-06,0.0,0.0,1.42e-05,0.0,0.0,0.0,0.082919,0.071856,0.0016413,0.11849,0.0,0.0,0.0,0.0,0.0,0.00049737,0.0,0.0,0.0,7.11e-06,0.30778,0.0023021,0.01031,0.028727,0.00070343,0.0,0.031853,0.0,0.0059045,0.0,0.00039079,0.0,0.0041922,0.00061817,0.0,0.0,0.0,0.0,0.0,0.0,0.0
104,0.0,0.0,0.0,0.0,0.0,0.0,0.0,0.0,0.0,0.0,0.0,0.10899,0.00196,0.0,0.0,0.0,0.0,0.0,0.0,0.0,0.15924,0.0,0.0020458,0.0,0.0,0.0,2.45e-05,0.0,0.0,0.0,0.0,0.0,0.00037975,0.0,0.0,0.0,6.13e-05,0.0,0.17194,0.0711,0.001813,0.037706,0.0,0.0,0.0,0.0,0.0,2.45e-05,0.0,0.0,0.0,0.00011025,0.27022,0.00018375,0.0046673,0.16443,0.00082076,0.0,0.0022663,0.0,0.0002695,0.0,0.00042875,0.0,0.0013108,0.0,0.0,0.0,0.0,0.0,0.0,0.0,0.0
105,0.0,0.0,0.0,0.0,0.0,0.0,0.0,0.0,0.0,0.0,0.0,0.13093,0.0031102,0.0,0.0,0.0,0.0,0.0,0.0,0.0,0.16359,0.0,0.0016251,0.0,0.0,0.0,1.08e-05,0.0,0.0,0.0,0.0,1.08e-05,0.00012914,0.0,0.0,0.0,0.0,0.0,0.34491,0.096384,0.0012591,0.014217,0.0,0.0,0.0,0.0,0.0,4.3e-05,0.0,0.0,0.0,5.38e-05,0.14246,1.08e-05,0.0025398,0.095265,0.00049505,0.0,0.0020448,0.0,6.46e-05,0.0,0.00069953,0.0,0.00015067,0.0,0.0,0.0,0.0,0.0,0.0,0.0,0.0
106,0.0,0.0,2.19e-05,0.0,0.0,0.0,0.0,0.0,0.0,0.0,0.0,0.094536,0.017641,0.0,0.0,0.0,0.0,0.0,1.1e-05,0.0,0.39506,1.1e-05,0.00553,1.1e-05,6.57e-05,0.0,6.57e-05,0.0,0.0,0.0,0.0,1.1e-05,7.67e-05,0.0,0.0,0.0,0.0,0.0,0.2487,0.12159,0.002661,0.020959,0.0,0.0,0.0,0.0,0.0,1.1e-05,0.0,1.1e-05,0.0,0.00019711,0.019963,0.00094174,0.005968,0.034319,0.0039641,0.0,0.016929,0.0,0.0022668,0.0,0.0013579,0.0,0.0029785,0.00068988,0.0,0.0034385,0.0,1.1e-05,0.0,0.0,0.0
107,0.0,0.0,0.0,0.0,0.0,0.0,0.0,0.0,0.0,0.0,0.0,0.076788,0.0012377,0.0,0.0,0.0,0.0,0.0,0.0,0.0,0.21427,0.0,0.0082096,0.0,0.0,0.0,2.9e-05,0.0,0.0,0.0,0.0,9.67e-06,0.00011604,0.0,0.0,0.0,0.0,0.0,0.19794,0.074651,0.0016535,0.11684,0.0,0.0,0.0,0.0,0.0,0.0,0.0,0.0,0.0,0.00082193,0.2062,0.00084127,0.0073974,0.053464,0.00093797,0.0,0.026814,0.0,0.0046802,0.0,0.0012281,0.0,0.0058115,2.9e-05,0.0,0.0,0.0,2.9e-05,0.0,0.0,0.0
108,0.0,0.0,0.0,0.0,0.0,0.0,0.0,0.0,0.0,0.0,0.0,0.077156,0.0011363,0.0,0.0,0.0,0.0,0.0,0.0,0.0,0.21738,0.0,0.011477,3.79e-05,0.00011363,0.0,7.58e-05,0.0,0.0,0.0,0.0,3.79e-05,7.58e-05,0.0,0.0,0.0,0.0,0.0,0.13515,0.17882,0.0040908,0.12295,0.0,0.0,0.0,0.0,0.0,0.0,0.0,0.0,0.0,0.00064392,0.15484,7.58e-05,0.013484,0.062687,0.0047725,0.0,0.0014772,0.0,0.002765,0.0,0.0079921,0.0,0.0026893,0.0,0.0,0.0,0.0,0.0,0.0,3.79e-05,3.79e-05
109,0.0,0.0,0.0,0.0,0.0,0.0,0.0,0.0,0.0,0.0,0.0,0.147,0.00066334,0.0,0.0,0.0,0.0,0.0,0.0,0.0,0.077455,0.0,0.015168,0.0,0.0,0.0,0.0,0.0,0.0,0.0,0.0,1.11e-05,0.0,0.0,0.0,0.0,0.0,0.0,0.48752,0.049916,0.00025428,0.012493,0.0,0.0,0.0,0.0,0.0,0.00045328,0.0,0.0,0.0,0.0010503,0.16429,0.0,0.0014262,0.040784,0.0,0.0,0.00024322,0.0,1.11e-05,0.0,0.0012714,0.0,0.0,0.0,0.0,0.0,0.0,0.0,0.0,0.0,0.0
110,0.0,0.0,0.0,0.0,0.0,0.0,0.0,0.0,0.0,0.0,0.0,0.085414,0.0067028,0.0,0.0,0.0,0.0,0.0,0.0,0.0,0.25788,0.0,0.0026243,3.34e-05,8.36e-05,0.0,0.0,0.0,0.0,0.0,0.0,8.36e-05,1.67e-05,0.0,0.0,0.0,0.0,0.0,0.15995,0.20073,0.0077391,0.028683,0.0,0.0,0.0,0.0,1.67e-05,6.69e-05,0.0,0.0,0.0,0.00013372,0.097349,0.00023401,0.0033263,0.052068,0.0039281,0.0,0.00045131,0.0,0.00025073,0.0,0.0016047,0.0,0.0010196,0.0,0.0,0.088925,0.0,0.00066861,0.0,0.0,1.67e-05
111,0.0,0.0,7.88e-05,0.0,0.0,0.0,0.0,0.0,0.0,0.0,0.0,0.074713,0.018718,0.0,0.0,0.0,0.0,0.0,0.0,0.0,0.45135,3.94e-05,0.0052804,3.94e-05,3.94e-05,0.0,3.94e-05,0.0,0.0,0.0,0.0,3.94e-05,7.88e-05,0.0,0.0,0.0,3.94e-05,0.0,0.21744,0.11837,0.0014974,0.030934,0.0,0.0,0.0,0.0,0.0,0.0,0.0,0.0,0.0,0.0017733,0.021319,0.001655,0.0072113,0.025771,0.0030736,0.0,0.01458,0.0,0.0011822,0.0,0.00086693,0.0,0.0033495,0.00051227,0.0,0.0,0.0,0.0,0.0,0.0,0.0
112,0.0,0.0,1.33e-05,0.0,0.0,0.0,0.0,0.0,0.0,0.0,0.0,0.11563,0.0063455,0.0,0.0,0.0,0.0,0.0,0.0,0.0,0.10657,0.0,0.0018452,0.0,0.0,0.0,0.00049118,0.0,0.0,0.0,0.0,0.0,0.00033188,0.0,0.0,0.0,0.0,0.0,0.42575,0.15576,0.0035312,0.077805,0.0,0.0,0.0,0.0,0.0,0.0,0.0,0.0,0.0,0.0002124,0.066973,0.0,0.0027612,0.029484,2.66e-05,0.0,0.003571,0.0,0.0011815,0.0,0.00035843,0.0,0.00075668,0.0,0.0,0.0,0.0,0.00061065,0.0,0.0,0.0
113,0.0,0.0,0.0,0.0,0.0,0.0,0.0,0.0,0.0,0.0,0.0,0.02351,0.00046038,0.0,0.0,0.0,0.0,0.0,0.0,0.0,0.30303,0.0,0.0019745,0.0,0.00020461,0.0,7.16e-05,0.0,0.0,0.0,0.0,0.0,0.00055245,0.0,0.0,0.0,0.0,0.0,0.041833,0.08475,0.0069773,0.24464,0.0,0.0,0.0,0.0,0.0,1.02e-05,0.0,0.0,0.0,0.00011254,0.10447,0.00032738,0.008031,0.12579,0.00056268,0.0,0.036411,0.0,0.0095861,0.0,0.00014323,0.0,0.0063225,0.0,0.0,0.00020461,0.0,2.05e-05,0.0,0.0,0.0
114,0.0,0.0,6.24e-05,0.0,0.0,0.0,0.0,0.0,0.0,0.0,0.0,0.079588,0.0032347,0.0,0.0,0.0,0.0,0.0,0.0,0.0,0.2484,0.0,0.0023298,0.0,0.0,0.0,0.00015601,0.0,0.0,0.0,0.0,2.08e-05,0.0,0.0,0.0,0.0,0.0,0.0,0.31571,0.086734,0.0041396,0.028613,0.0,0.0,0.0,0.0,0.0,5.2e-05,0.0,0.0,0.0,1.04e-05,0.14215,0.0017578,0.0022882,0.05214,0.0010193,0.0,0.015653,0.0,0.0014977,0.0,0.008404,0.0,0.0057621,0.0,0.0,0.00026002,0.0,2.08e-05,0.0,0.0,0.0
115,0.0,0.0,0.0,0.0,0.0,0.0,0.0,0.0,0.0,0.0,0.0,0.15256,0.0012289,0.0,0.0,0.0,0.0,0.0,0.0,0.0,0.036779,0.0,0.010005,0.0,0.0,0.0,0.0,0.0,0.0,0.0,0.0,0.0,0.0,0.0,0.0,0.0,0.0,0.0,0.59503,0.04077,0.00057637,0.0070469,0.0,0.0,0.0,0.0,0.0,2.17e-05,0.0,0.0,0.0,0.00015225,0.12282,0.0,0.00071774,0.029471,0.0,0.0,0.00046762,0.0,2.17e-05,0.0,0.0014246,0.0,0.00089174,0.0,0.0,0.0,0.0,1.09e-05,0.0,0.0,0.0
116,0.0,0.0,0.0,0.0,0.0,0.0,0.0,0.0,0.0,0.0,0.0,0.086746,0.0069177,0.0,0.0,2.29e-05,2.29e-05,0.0,0.0,0.0,0.29018,2.29e-05,0.0069177,0.0,2.29e-05,0.0,0.00011453,0.0,0.0,0.0,0.0,0.00011453,0.00011453,0.0,0.0,0.0,0.0,0.0,0.21156,0.11403,0.0020845,0.02341,0.0,0.0,0.0,0.0,0.0,0.0,0.0,0.0,0.0,0.0003665,0.17258,0.0025426,0.0094603,0.015645,0.0079714,0.0,0.02845,0.0,0.0056808,0.0,0.0053143,0.0,0.0086128,0.0010537,0.0,2.29e-05,0.0,2.29e-05,0.0,0.0,0.0
117,0.0,0.0,6.88e-06,0.0,0.0,0.0,0.0,0.0,1.38e-05,0.0,0.0,0.16791,0.0028129,0.0,0.0,5.5e-05,4.81e-05,0.0,0.0,0.0,0.18038,0.0,0.00051582,0.0,0.0,0.0,0.00018569,0.0,0.0,0.0,0.0,6.88e-06,8.25e-05,0.0,0.0,0.0,0.0,0.0,0.19448,0.070818,0.001348,0.10367,0.0,0.0,0.0,0.0,0.0,6.88e-06,6.88e-06,0.0,0.0,0.00013067,0.17088,0.00088721,0.011231,0.057338,0.0,0.0,0.028157,0.0,0.003542,0.0,0.00024759,0.0,0.005227,0.0,0.0,0.0,0.0,1.38e-05,0.0,0.0,0.0
118,0.0,0.0,0.0,0.0,0.0,0.0,0.0,0.0,0.0,0.0,0.0,0.12103,0.0015447,0.0,0.0,0.0,0.0,0.0,0.0,0.0,0.1565,0.0,0.0021475,1.88e-05,0.00011302,0.0,0.00011302,0.0,0.0,0.0,0.0,1.88e-05,0.00028256,0.0,0.0,0.0,0.0,0.0,0.13587,0.063049,0.0022228,0.047659,0.0,0.0,0.0,0.0,0.0,0.0,0.0,0.0,0.0,0.00024489,0.2314,0.00039559,0.0021851,0.22846,0.0,0.0,0.0034472,0.0,0.0015823,0.0,0.0011114,0.0,0.00050861,0.0,0.0,5.65e-05,0.0,3.77e-05,0.0,0.0,0.0
119,0.0,0.0,2.07e-05,0.0,0.0,0.0,0.0,0.0,0.0,0.0,0.0,0.038603,0.00051691,0.0,0.0,0.0,0.0,0.0,0.0,0.0,0.22269,0.0,0.0033427,0.0,0.0,0.0,0.00013784,0.0,0.0,0.0,0.0,2.07e-05,0.00010338,0.0,0.0,0.0,6.89e-06,0.0,0.18569,0.096593,0.0057066,0.099405,0.0,0.0,0.0,0.0,0.0,6.89e-06,0.0,0.0,0.0,6.2e-05,0.11227,0.0003446,0.0055343,0.17276,0.00064096,0.0,0.047032,0.0,0.0054447,0.0,0.0002619,0.0,0.0027982,0.0,0.0,6.89e-06,0.0,6.89e-06,0.0,0.0,0.0
120,0.0,0.0,0.0,0.0,0.0,0.0,0.0,0.0,0.0,0.0,0.0,0.057445,0.00076985,0.0,0.0,0.0,0.0,0.0,0.0,0.0,0.3581,0.0,0.0027206,0.0,0.0,0.0,0.00013048,0.0,0.0,0.0,0.0,1.3e-05,2.61e-05,0.0,0.0,0.0,0.0,0.0,0.26531,0.083718,0.0019768,0.065979,0.0,0.0,0.0,0.0,0.0,0.0,0.0,0.0,0.0,1.3e-05,0.056153,0.0017746,0.0057608,0.068817,1.3e-05,0.0,0.017446,0.0,0.0041037,0.0,0.00061979,0.0,0.0088859,0.00022182,0.0,0.0,0.0,6.52e-06,0.0,0.0,0.0
121,0.0,0.0,0.0,0.0,2.23e-05,0.0,0.0,0.0,0.0,0.0,0.0,0.075067,0.0011576,0.0,0.0,0.0,0.0,0.0,0.0,0.0,0.060675,0.0,0.025167,0.0,1.11e-05,0.0,0.0,0.0,0.0,0.0,0.0,0.0,0.00011131,0.0,0.0,0.0,0.0,0.0,0.33919,0.024855,0.00076803,0.034895,0.0,0.0,0.0,0.0,0.0,0.0,0.0,0.0,0.0,0.00091273,0.36992,1.11e-05,0.0010574,0.05994,0.0,0.0,0.0046082,0.0,1.11e-05,0.0,0.0015806,0.0,2.23e-05,0.0,0.0,0.0,0.0,1.11e-05,0.0,0.0,0.0
122,0.0,0.0,3.17e-05,0.0,0.0,0.0,0.0,0.0,0.0,0.0,0.0,0.068003,0.00049145,0.0,0.0,0.0,0.0,0.0,0.0,0.0,0.35044,0.0,0.0037889,0.0,0.0,0.0,0.0002378,0.0,0.0,0.0,0.0,7.93e-06,1.59e-05,0.0,0.0,0.0,0.0,0.0,0.074391,0.081525,0.0023304,0.10311,0.0,0.0,0.0,0.0,0.0,2.38e-05,0.0,0.0,0.0,0.00019817,0.17824,0.005945,0.012294,0.048574,0.00081644,0.0,0.044889,0.0,0.0054773,0.0,0.0013158,0.0,0.016979,0.0,0.0,0.00087193,0.0,0.0,0.0,0.0,0.0
123,0.0,0.0,0.0004274,0.0,0.0,0.0,0.0,0.0,0.0,0.0,0.0,0.021156,0.001389,0.0,0.0,0.0,0.0,0.0,0.0,0.0,0.40517,0.0,0.0026712,0.0,0.0,0.0,0.00010685,0.0,0.0,0.0,0.0,0.0,0.00085479,0.0,0.0,0.0,0.0,0.0,0.13153,0.1747,0.0049151,0.085372,0.0,0.0,0.0,0.0,0.0,0.0,0.0,0.0,0.0,0.0,0.094455,0.0024575,0.0098301,0.02543,0.00053425,0.0,0.027674,0.0,0.004274,0.0,0.0,0.0,0.0067315,0.00032055,0.0,0.0,0.0,0.0,0.0,0.0,0.0
124,0.0,0.0,9.58e-05,0.0,0.0,0.0,0.0,0.0,0.0,0.0,0.0,0.18119,0.0019644,0.0,0.0,0.0,0.0,0.0,0.0,0.0,0.1246,0.0,0.0012577,0.0,0.0,0.0,4.79e-05,0.0,0.0,0.0,0.0,0.0,0.0,0.0,0.0,0.0,0.0,0.0,0.24026,0.097214,0.00089835,0.044882,0.0,0.0,0.0,0.0,0.0,0.0,0.0,0.0,0.0,5.99e-05,0.15639,0.0010062,0.0031143,0.13207,0.0024076,1.2e-05,0.0063364,0.0,0.00064682,0.0,0.0048631,0.0,0.00067077,2.4e-05,0.0,0.0,0.0,0.0,0.0,0.0,0.0
125,0.0,0.0,0.0,0.0,0.0,0.0,0.0,0.0,0.0,0.0,0.0,0.14309,0.006201,0.0,0.0,0.0,0.0,0.0,0.0,0.0,0.33132,0.0,0.0024348,0.0,0.0,0.0,1.47e-05,0.0,0.0,0.0,0.0,7.36e-06,6.62e-05,0.0,0.0,0.0,0.0,0.0,0.33852,0.091603,0.0046048,0.041781,0.0,0.0,0.0,0.0,0.0,7.36e-06,0.0,0.0,0.0,4.41e-05,0.019096,0.00040457,0.0032219,0.0072161,0.0012726,0.0,0.004899,0.0,0.00051491,7.36e-06,0.0014344,0.0,0.0012358,0.00014712,0.0,0.00085328,0.0,0.0,0.0,0.0,0.0
126,0.0,0.0,6.53e-05,0.0,0.0,0.0,0.0,0.0,0.0,0.0,0.0,0.1128,0.0040455,0.0,0.0,0.0,0.0,0.0,0.0,0.0,0.22042,0.0,0.003287,0.0,0.0,0.0,3.26e-05,0.0,0.0,0.0,0.0,8.16e-06,9.79e-05,0.0,0.0,0.0,0.0,0.0,0.23207,0.13851,0.0083439,0.019004,0.0,0.0,0.0,0.0,0.0,2.45e-05,0.0,0.0,0.0,2.45e-05,0.21002,0.00066066,0.0023001,0.040439,0.0,0.0,8.16e-06,0.0,0.0,0.0,0.0070307,0.0,0.00080747,0.0,0.0,0.0,0.0,0.0,0.0,0.0,0.0
127,0.0,0.0,0.0,0.0,0.0,0.0,0.0,0.0,0.0,0.0,0.0,0.12826,0.0028846,0.0,0.0,0.0,0.0,0.0,0.0,0.0,0.19188,0.0,0.002924,0.0,9.85e-06,0.0,9.85e-06,0.0,0.0,0.0,0.0,0.0,9.85e-06,0.0,0.0,0.0,0.0,0.0,0.28744,0.087808,0.00093528,0.033453,0.0,0.0,0.0,0.0,0.0,0.0,0.0,0.0,0.0,3.94e-05,0.14277,1.97e-05,0.0028157,0.11552,0.00068915,0.0,0.0020478,0.0,1.97e-05,0.0,0.00034458,0.0,0.00011814,0.0,0.0,0.0,0.0,0.0,0.0,0.0,0.0
128,0.0,0.0,0.0001591,0.0,0.0,0.0,0.0,0.0,0.0,0.0,0.0,0.13906,0.0025312,0.0,0.0,0.0,0.0,0.0,0.0,0.0,0.26856,1.45e-05,0.0019526,0.0,0.0,0.00030374,0.00026035,0.0,0.0,0.0,0.0,1.45e-05,0.00010125,0.0,0.0,0.0,5.79e-05,0.0,0.20472,0.13859,0.003182,0.16317,0.0,0.0,0.0,0.0,0.0,2.89e-05,0.0,0.0,0.0,0.0026903,0.0095606,0.0034135,0.014392,0.0084613,0.010949,2.89e-05,0.016185,0.0,0.0020683,0.0,0.0003182,0.0,0.0069716,0.0022564,0.0,0.0,0.0,0.0,0.0,0.0,0.0
129,0.0,0.0,0.00020585,0.0,0.0,0.0,0.0,0.0,0.0,0.0,0.0,0.10702,0.002866,0.0,0.0,0.0,0.0,0.0,0.0,0.0,0.23373,7.92e-06,0.0015755,0.0,0.0,0.0001821,0.00026127,0.0,0.0,0.0,0.0,0.0,3.96e-05,0.0,0.0,0.0,7.92e-06,0.0,0.23512,0.098339,0.0028027,0.10232,0.0,0.0,0.0,0.0,0.0,7.92e-06,0.0,0.0,0.0,0.0001821,0.09594,0.0027552,0.011409,0.061754,0.0032777,0.0,0.029974,0.0,0.001916,0.0,0.00043544,0.0,0.00631,0.0015438,0.0,7.92e-06,0.0,0.0,0.0,0.0,7.92e-06
130,0.0,0.0,3.79e-05,0.0,0.0,0.0,0.0,0.0,0.0,0.0,0.0,0.10494,0.0034799,0.0,0.0,0.0,0.0,0.0,0.0,0.0,0.32471,0.0,0.0018575,0.0,0.0,0.0,0.00010614,0.0,0.0,0.0,0.0,1.52e-05,0.0,0.0,0.0,0.0,0.0,0.0,0.15154,0.096521,0.0028431,0.030372,2.27e-05,0.0,0.0,0.0,0.0,7.58e-06,0.0,0.0,0.0,1.52e-05,0.19222,0.0013571,0.0053602,0.058499,0.00099318,0.0,0.014663,0.0,0.0012585,0.0,0.003624,0.0,0.0052995,0.0,0.0,0.00025777,0.0,0.0,0.0,0.0,0.0
131,0.0,0.0,0.0,0.0,0.0,0.0,0.0,0.0,0.0,0.0,0.0,0.042583,0.0023375,0.0,0.0,0.0,0.0,0.0,0.0,0.0,0.48376,0.0,0.00076223,0.0,0.0,0.0,0.0,0.0,0.0,0.0,0.0,0.0,0.0,0.0,0.0,0.0,0.0,0.0,0.37197,0.052188,0.0021343,0.016972,0.0,0.0,0.0,0.0,0.0,0.0,0.0,0.0,0.0,5.08e-05,0.0098074,0.00030489,0.0022359,0.0082321,0.0,0.0,0.004421,0.0,0.0009655,0.0,0.00035571,0.0,0.00091468,0.0,0.0,0.0,0.0,0.0,0.0,0.0,0.0
132,0.0,0.0,1.75e-05,0.0,0.0,0.0,0.0,0.0,0.0,0.0,0.0,0.099049,0.0065397,0.0,0.0,0.0,0.0,0.0,0.0,0.0,0.1839,0.0,0.0022557,0.0,0.0,0.0,0.00041966,0.0,0.0,0.0,0.0,0.00011366,0.00047212,0.0,0.0,0.0,0.0,0.0,0.29356,0.18514,0.0034622,0.095202,8.74e-06,0.0,0.0,0.0,0.0,8.74e-06,0.0,8.74e-06,0.0,0.00013114,0.080671,0.0,0.0038382,0.037577,1.75e-05,0.0,0.0039693,0.0,0.001565,0.0,0.00029726,0.0,0.0017748,0.0,0.0,0.0,0.0,0.0,0.0,0.0,0.0
133,0.0,0.0,5.17e-05,0.0,0.0,0.0,0.0,0.0,0.0,0.0,0.0,0.044431,0.0055371,0.0,0.0,0.0,0.0,0.0,0.0,0.0,0.36912,0.0,0.0018388,0.0,0.0,0.0,1.03e-05,0.0,0.0,0.0,0.0,0.0,0.0,0.0,0.0,0.0,0.0,0.0,0.16972,0.11627,0.0038326,0.14345,0.0,0.0,0.0,0.0,0.0,1.03e-05,0.0,0.0,0.0,0.00017562,0.044948,0.0027169,0.010795,0.01783,0.0018388,0.0,0.058966,0.0,0.0030372,0.0,0.0011777,0.0,0.0042458,0.0,0.0,0.0,0.0,0.0,0.0,0.0,0.0
134,0.0,0.0,0.0,0.0,0.0,0.0,0.0,0.0,0.0,0.0,0.0,0.12899,0.0030888,0.0,0.0,0.0,0.0,0.0,0.0,0.0,0.13528,0.0,0.00055788,1.36e-05,1.36e-05,0.0,1.36e-05,0.0,0.0,0.0,0.0,0.0,0.00025853,1.36e-05,0.0,1.36e-05,0.0,0.0,0.2892,0.088445,0.0017145,0.029064,0.0,0.0,0.0,0.0,0.0,0.0,0.0,0.0,0.0,5.44e-05,0.13284,2.72e-05,0.0023948,0.18379,0.0,0.0,0.0012654,0.0,0.00021771,0.0,0.0024356,0.0,0.00028575,0.0,0.0,0.0,1.36e-05,0.0,0.0,0.0,0.0
135,0.0,0.0,0.0,0.0,0.0,0.0,0.0,0.0,0.0,0.0,0.0,0.017739,0.00075887,0.0,0.0,0.0,0.0,0.0,0.0,0.0,0.33533,0.0,0.0029406,0.0,0.0,0.0,9.49e-05,0.0,0.0,0.0,0.0,0.0,0.0,0.0,0.0,0.0,0.0,0.0,0.066401,0.18346,0.0037943,0.15557,0.0,0.0,0.0,0.0,0.0,0.0,0.0,0.0,0.0,0.0,0.02694,0.00075887,0.0020869,0.072662,9.49e-05,0.0,0.091823,0.0,0.0023715,0.0,0.0036995,0.0,0.033485,0.0,0.0,0.0,0.0,0.0,0.0,0.0,0.0
136,0.0,0.0,0.0,0.0,0.0,0.0,0.0,0.0,0.0,0.0,0.0,0.024617,0.00090577,0.0,0.0,0.0,0.0,0.0,0.0,0.0,0.29252,0.0,0.0010811,0.0,0.0,0.0,7.3e-05,0.0,0.0,0.0,0.0,0.0,0.0,0.0,0.0,0.0,0.0,0.0,0.17258,0.078203,0.0012272,0.15901,0.0,0.0,0.0,0.0,0.0,7.3e-05,0.0,0.0,0.0,0.0017969,0.19971,0.0011395,0.00075968,0.04691,0.00055515,0.0,0.015471,0.0,0.0014317,0.0,0.0001607,0.0,0.0014171,0.00036523,0.0,0.0,0.0,0.0,0.0,0.0,0.0
137,0.0,0.0,0.16667,0.0,0.0,0.0,0.0,0.0,0.0,0.0,0.0,0.0,0.0,0.0,0.0,0.0,0.0,0.0,0.0,0.0,0.16667,0.0,0.0,0.0,0.0,0.0,0.0,0.0,0.0,0.0,0.0,0.0,0.0,0.0,0.0,0.0,0.0,0.0,0.0,0.5,0.0,0.0,0.0,0.0,0.0,0.0,0.0,0.0,0.0,0.0,0.0,0.0,0.0,0.0,0.0,0.16667,0.0,0.0,0.0,0.0,0.0,0.0,0.0,0.0,0.0,0.0,0.0,0.0,0.0,0.0,0.0,0.0,0.0
138,0.0,0.0,0.0,0.0,0.0,0.0,0.0,0.0,0.0,0.0,0.0,0.0069071,0.0015349,0.0,0.0,0.0,0.0,0.0,0.0,0.0,0.41213,0.0,0.00038373,0.0,0.0,0.0,0.0,0.0,0.0,0.0,0.0,0.0,0.0,0.0,0.0,0.0,0.0,0.0,0.16193,0.17843,0.0038373,0.072909,0.0,0.0,0.0,0.0,0.0,0.00076746,0.0,0.0,0.0,0.0034536,0.082118,0.00076746,0.0030698,0.061013,0.0011512,0.0,0.0061397,0.0,0.0023024,0.0,0.0,0.0,0.0011512,0.0,0.0,0.0,0.0,0.0,0.0,0.0,0.0
139,0.0,0.0,0.0,0.0,0.0,0.0,0.0,0.0,0.0,0.0,0.0,0.12903,0.0,0.0,0.0,0.0,0.0,0.0,0.0,0.0,0.35484,0.0,0.0,0.0,0.0,0.0,0.0,0.0,0.0,0.0,0.0,0.0,0.0,0.0,0.0,0.0,0.0,0.0,0.064516,0.32258,0.0,0.064516,0.0,0.0,0.0,0.0,0.0,0.0,0.0,0.0,0.0,0.0,0.032258,0.0,0.0,0.032258,0.0,0.0,0.0,0.0,0.0,0.0,0.0,0.0,0.0,0.0,0.0,0.0,0.0,0.0,0.0,0.0,0.0
140,0.0,0.0,0.0,0.0,0.0,0.0,0.0,0.0,0.0,0.0,0.0,0.010631,0.0018556,0.0,0.0,0.0,0.0,0.0,0.0,0.0,0.1654,0.0,0.01268,0.0,0.0,0.0,3.87e-05,0.0,0.0,0.0,0.0,0.0,0.00021263,0.0,0.0,0.0,0.0,0.0,0.067035,0.068253,0.00048324,0.10106,0.0,0.0,0.0,0.0,0.0,3.87e-05,1.93e-05,0.0,0.0,0.00059922,0.53684,1.93e-05,0.0028801,0.023041,5.8e-05,0.0,0.0,0.0,0.0,0.0,0.00046391,0.0,0.0083891,0.0,0.0,0.0,0.0,0.0,0.0,0.0,0.0
141,0.0,0.0,0.0,0.0,0.0,0.0,0.0,0.0,0.0,0.0,0.0,0.054688,0.015625,0.0,0.0,0.0,0.0,0.0,0.0,0.0,0.3125,0.0,0.0,0.0,0.0,0.0,0.0,0.0,0.0,0.0,0.0,0.0,0.0,0.0,0.0,0.0,0.0,0.0,0.29688,0.070312,0.0,0.13281,0.0,0.0,0.0,0.0,0.0,0.0,0.0,0.0,0.0,0.0,0.039062,0.0,0.0,0.054688,0.0,0.0,0.0078125,0.0,0.0,0.0,0.015625,0.0,0.0,0.0,0.0,0.0,0.0,0.0,0.0,0.0,0.0
142,0.0,0.0,0.0023364,0.0,0.0,0.0,0.0,0.0,0.0,0.0,0.0,0.03972,0.0,0.0,0.0,0.0,0.0,0.0,0.0,0.0,0.27804,0.0,0.0,0.0,0.0093458,0.0,0.0,0.0,0.0,0.0,0.0,0.0023364,0.023364,0.0,0.0,0.0,0.0,0.0,0.049065,0.20327,0.03271,0.0093458,0.0,0.0,0.0,0.0,0.0,0.0046729,0.0,0.0,0.0,0.0093458,0.051402,0.0023364,0.0023364,0.25,0.0,0.0,0.011682,0.0,0.0,0.0,0.0,0.0,0.011682,0.0,0.0,0.0,0.0,0.0046729,0.0023364,0.0,0.0
143,0.0,0.0,0.0,0.0,0.0,0.0,0.0,0.0,0.0,0.0,0.0,0.0,0.0,0.0,0.0,0.0,0.0,0.0,0.0,0.0,0.33333,0.0,0.0,0.0,0.0,0.0,0.0,0.0,0.0,0.0,0.0,0.0,0.0,0.0,0.0,0.0,0.0,0.0,0.33333,0.0,0.0,0.0,0.0,0.0,0.0,0.0,0.0,0.0,0.0,0.0,0.0,0.0,0.33333,0.0,0.0,0.0,0.0,0.0,0.0,0.0,0.0,0.0,0.0,0.0,0.0,0.0,0.0,0.0,0.0,0.0,0.0,0.0,0.0
144,0.0,0.0,0.0,0.0,0.0,0.0,0.0,0.0,0.0,0.0,0.0,0.014184,0.0,0.0,0.0,0.0,0.0,0.0,0.0,0.0,0.34752,0.0,0.014184,0.0,0.0,0.0,0.0,0.0,0.0,0.0,0.0,0.0,0.0,0.0,0.0,0.0,0.0,0.0,0.056738,0.2766,0.014184,0.092199,0.0,0.0,0.0,0.0,0.0,0.0,0.0,0.0,0.0,0.0,0.085106,0.0070922,0.014184,0.021277,0.0070922,0.0,0.035461,0.0,0.0,0.0,0.0,0.0,0.014184,0.0,0.0,0.0,0.0,0.0,0.0,0.0,0.0
145,0.0,0.0,0.0,0.0,0.0,0.0,0.0,0.0,0.0,0.0,0.0,0.11111,0.0,0.0,0.0,0.0,0.0,0.0,0.0,0.0,0.66667,0.0,0.0,0.0,0.0,0.0,0.0,0.0,0.0,0.0,0.0,0.0,0.0,0.0,0.0,0.0,0.0,0.0,0.0,0.11111,0.0,0.0,0.0,0.0,0.0,0.0,0.0,0.0,0.0,0.0,0.0,0.0,0.11111,0.0,0.0,0.0,0.0,0.0,0.0,0.0,0.0,0.0,0.0,0.0,0.0,0.0,0.0,0.0,0.0,0.0,0.0,0.0,0.0
146,0.0,0.0,0.0,0.0,0.0,0.0,0.0,0.0,0.0,0.0,0.0,0.0,0.0,0.0,0.0,0.0,0.0,0.0,0.0,0.0,0.55556,0.0,0.0,0.0,0.0,0.0,0.0,0.0,0.0,0.0,0.0,0.0,0.0,0.0,0.0,0.0,0.0,0.0,0.074074,0.25926,0.037037,0.0,0.0,0.0,0.0,0.0,0.0,0.0,0.0,0.0,0.0,0.0,0.0,0.0,0.0,0.074074,0.0,0.0,0.0,0.0,0.0,0.0,0.0,0.0,0.0,0.0,0.0,0.0,0.0,0.0,0.0,0.0,0.0
147,0.0,0.0,0.0,0.0,0.0,0.0,0.0,0.0,0.0,0.0,0.0,0.0,0.0,0.0,0.0,0.0,0.0,0.0,0.0,0.0,0.38889,0.0,0.0,0.0,0.0,0.0,0.0,0.0,0.0,0.0,0.0,0.0,0.0,0.0,0.0,0.0,0.0,0.0,0.055556,0.27778,0.0,0.0,0.0,0.0,0.0,0.0,0.0,0.0,0.0,0.0,0.0,0.0,0.083333,0.0,0.027778,0.11111,0.0,0.0,0.0,0.0,0.027778,0.0,0.0,0.0,0.027778,0.0,0.0,0.0,0.0,0.0,0.0,0.0,0.0
148,0.0,0.0,0.0,0.0,0.0,0.0,0.0,0.0,0.0,0.0,0.0,0.032258,0.0,0.0,0.0,0.0,0.0,0.0,0.0,0.0,0.32258,0.0,0.0,0.0,0.0,0.0,0.0,0.0,0.0,0.0,0.0,0.0,0.0,0.0,0.0,0.0,0.0,0.0,0.12903,0.25806,0.064516,0.032258,0.0,0.0,0.0,0.0,0.0,0.0,0.0,0.0,0.0,0.032258,0.0,0.0,0.0,0.064516,0.0,0.0,0.032258,0.0,0.0,0.0,0.0,0.0,0.0,0.032258,0.0,0.0,0.0,0.0,0.0,0.0,0.0
149,0.0,0.0,0.0,0.0,0.0,0.0,0.0,0.0,0.0,0.0,0.0,0.1,0.0,0.0,0.0,0.0,0.0,0.0,0.0,0.0,0.2,0.0,0.0,0.0,0.0,0.0,0.0,0.0,0.0,0.0,0.0,0.0,0.0,0.0,0.0,0.0,0.0,0.0,0.0,0.3,0.0,0.2,0.0,0.0,0.0,0.0,0.0,0.1,0.0,0.0,0.0,0.0,0.1,0.0,0.0,0.0,0.0,0.0,0.0,0.0,0.0,0.0,0.0,0.0,0.0,0.0,0.0,0.0,0.0,0.0,0.0,0.0,0.0
