0.0,0.0004927029499923211,0.0,0.0,0.0,0.0,0.0,0.0,0.0,3.058819197008637,0.04827575666549651,0.0,0.0,0.0,0.7146072386254054,0.18571081787948102,0.7416096446994052,0.0,0.0,0.0,0.15888020622701157,0.0,0.0,0.14379850983756143,0.0733578163816371,0.0,0.0,0.0,0.0,1.0024746863072098,0.763125545855908,0.0871967210615613,1.353609123038225,0.0,0.0,0.0,0.0008719386620380723,0.0,0.0,0.10944537952604638,4.077332331595143,0.056026607730947434,0.7387732979587684,2.8993454084278287,1.5383591779820793,0.0,0.16621088607912207,0.01548571357364167,0.2059529302879955,0.0,0.0932500147294951,0.0,0.0,0.000717179438411932,0.0,0.0,0.0,0.0,0.0
3.7260928969265588,0.00524344423845039,1.7211122185837802,0.7910161768409351,1.6285158605701058,1.239012190264353,3.904739791185817,1.2901615805367415,0.15225658616368495,1.255280429059013,0.277942873912759,1.277603013710389,0.3291222380163372,1.546767259268383,2.821281266892139,0.17965297264793834,0.34994142496894337,0.8809876038790982,0.003229722340960143,1.7703041706582656,3.0003229964695817,0.0,0.0,0.017424564329806554,0.0034699304436882927,0.36664600246540086,0.0,0.0,0.0,1.2156702639805825,1.6462587380359306,0.2774352080643576,2.6155379647767014,0.23889498776371318,0.0,2.94846802262525,0.0008434962184241903,0.0,0.0,0.1091173646391616,2.001784918779808,1.8547154819743197,0.6635580755617755,0.25766218817353986,0.06254599026941811,0.0,1.8115352786137415,3.1192651626906795,0.19707717750311834,0.0,1.9245171626641142,0.1684471974433091,0.0,0.0,0.0,0.023021747925455367,0.0,0.0,0.0
5.1435002054518355,0.0019738252736695434,0.0,0.0,0.0,0.0,0.0,0.0,0.0,2.2231286820409273,0.86997432133862,0.8808736568213734,1.5867156316998152,0.0,1.8875873165419295,0.9919721566651178,0.14142516697797058,1.2161156597277332,0.017814468491190682,0.0,2.334809479569701,6.968085106382979,0.0,0.0,0.0036836376671245253,0.0,0.0,0.0,0.0,1.6504701191862607,1.621898211538514,0.2919767851531689,3.283364345167668,0.0,0.0,0.0,0.0011643625354432975,0.0,0.0,0.15937803746151993,1.2707317520866896,3.1400280446082967,2.0346963914508183,0.9144751715272901,0.0,0.0,2.1309881569195457,1.1930056788646157,0.24437719339560762,0.0,0.8069529970128081,0.0,0.0,0.0,0.0,0.04247674617231906,0.0,0.0,0.0
0.0,0.0005574926345478863,0.0,1.2289893442286526,1.2650996895797242,0.0,0.0,2.004503676707611,0.0,0.5930305890792519,0.08839699099718894,0.4962479074306668,0.6391900306738338,0.0,3.2292132791961707,0.6285014427725556,1.1107525966968401,1.3739321957229351,0.0,2.496955127425022,1.5554858557602682,0.0,0.0,0.0,0.009131484702458155,0.0,0.0,0.0,0.8672150411280846,0.6731164237076144,1.5582403094018442,0.48321736011079,3.4534356176391605,0.09279184261558963,0.0,0.0,0.0,0.0,0.8676621958553411,0.24208513131129722,1.2012749028642964,0.8499166597463655,3.245580831940419,1.2315673965533152,0.9156342825016179,0.2666104368878357,2.4332912460151586,0.7415233866997533,0.11020959701390287,0.0,1.6723955786626314,0.14984827320495278,0.0,0.03291276077197266,0.0,0.005982411960910585,0.0,0.0,0.0
0.0,0.0,0.0,0.9408929261371122,3.874153520935199,0.0,4.644585225305235,1.5346132484279136,0.0,4.715806809932609,0.8973748289793702,3.4226312314662524,0.8817011534227138,0.0,1.268427127152386,0.10695882986942587,0.09780799469074786,0.5245078990428772,0.0038416697318789067,0.2275013314083265,0.2747979077089639,0.0,0.0,0.0,0.0003177488980038712,0.0,0.0,0.0,0.0,3.701842522271875,1.8816904053037247,0.3473703990168688,0.40771621215636816,0.0,0.9699570815450643,0.0,0.0005021868950576053,0.0,0.0,0.05349686093317021,0.46029609181248043,0.2330211969330741,0.42766744995951034,0.41001731307470995,0.34816971349595477,0.0,0.511144900897819,0.11159984909575948,1.091549597219038,0.0,0.03643031210528577,0.04406353002392547,0.0,0.006608870665895887,0.0,0.009160061674564988,0.0,0.0,0.0
0.0,0.0004469985988717286,0.0,0.0,0.0,0.0,0.0,0.0,0.0,0.597086915691569,0.09492553111111379,0.0,0.0,0.0,1.5116858065008643,0.0,0.3654868372224463,0.0,0.0,0.0,0.4328675006388989,0.0,0.0,0.06529626212011717,0.010512145843342232,0.0,0.0,0.0,0.0,2.7903744938129127,0.8025511347925162,0.18241014576172118,2.148830751947954,0.5595172081834334,0.0,0.0,0.0,0.0,0.0,0.1745749333549249,2.0321510453566454,1.0335418044500595,1.1272203346800806,2.0954641797190434,0.26103501981837074,0.0,0.5735538971360876,0.8063895644750585,0.839043296908995,0.0,0.41147073078629504,0.14361994634896183,0.0,0.013665156027314815,0.0,0.0,0.0,0.0,0.0
0.0,0.0010346259704222033,0.20899781424363512,0.0,0.0,0.0,0.0,0.0,0.0,0.9544798217273422,0.10475853963153388,0.0,0.0,0.0,1.6223016551567562,0.0,1.5844548916911099,0.0,0.0,0.0,0.0,0.0,0.0,0.07556758425137157,0.0,0.0,0.0,0.0,0.0,5.020606950147921,0.8777001537046119,0.31967359208501883,0.5995407869207263,0.0,0.0,0.0,0.0,0.0,0.0,0.013932178700673911,0.7400043756467384,0.18295891663894326,0.7624888188607443,0.35787180406592245,0.6922533921184003,0.0,0.35531014468107575,0.2440896097673907,0.6727745946349822,0.0,0.12379858272946669,0.03877106575251348,0.0,0.012045836500217537,0.0,0.06679549398089867,0.0,0.0,0.0
0.0,0.0009592891279157323,0.0,0.0,0.0,0.0,0.0,0.0,0.0,0.6363416893591546,0.2872459205189299,0.0,0.0,0.0,2.0270594735428364,0.0,0.9167984776676119,0.0,0.0,0.0,0.0,0.0,0.0,0.0,0.0016140519243736467,0.0,0.0,0.0,0.0,2.1055034084274977,1.404143952643516,0.11100422120934679,1.9471578639637348,0.0,0.0,0.0,0.0,0.0,0.0,0.009705182735663622,2.8344739643513712,0.006072192933014348,1.2659029827985129,1.002836666482405,0.03782877447410147,0.0,0.0014562099122262663,0.0,0.1517884389241317,0.0,0.2226910063805034,0.0,0.0,0.0,0.0,0.015515361101873792,0.0,0.0,0.0
0.0,0.0,0.0,0.0,0.0,0.0,0.0,0.0,0.0,0.6908622083419123,0.3337775610393895,0.0,0.0,0.0,1.6702031270094813,0.0,0.7706923758640876,0.0,0.0,0.0,0.3169497991569466,0.0,0.0,0.0,0.0,0.0,0.0,2.384182496796482,0.0,2.877001620484632,1.9236802601874292,0.15622023801005894,1.3645253256433723,0.0,0.0,0.0,0.0008692721829492709,0.0,0.0,0.01653600821512025,2.292642556551233,0.0,1.036042037549223,0.9110309503245959,0.048343723894559466,0.0,0.00694769419098058,0.010297472801520227,0.1597402174443371,0.0,0.13894554915452326,0.0,0.0,0.0,0.0,0.015855823571193906,0.0,0.0,0.0
0.0,0.0007835031620672996,0.0,0.0,0.0,0.0,0.0,0.0,0.0,1.9788331405829866,0.19456001173893134,0.0,0.0,0.0,2.587256606214065,0.0,0.1485573605731189,0.0,0.0,0.0,0.31613918585987,0.0,0.0,0.0,0.0,0.0,0.0,0.0,0.0,1.3619466052766103,1.310948912128729,0.5525347223994242,1.1941178657728078,0.0,0.0,0.0,0.0,0.0,0.0,0.03165174578599704,1.4704910101276023,0.22769771744425588,1.5899295744112893,3.1409575257968143,0.5321401384862933,0.0,0.30716896124134474,0.6081566289839004,0.04367878342084646,0.0,0.45869298325575353,0.0,0.0,0.0,0.0,0.0,0.0,0.0,0.0
0.0,0.0,0.0,0.0,0.0,0.0,0.0,0.0,0.0,1.0198826362990583,0.06466519803217036,0.0,0.0,0.0,2.5252155432722825,0.0,0.22296068113609846,0.0,0.0,0.0,0.6030962930249828,0.0,0.0,0.027292370234475945,0.0,0.0,0.0,0.0,0.0,0.4345108061480276,1.3151158442927608,0.22635132585599452,2.349752162216601,0.46773123920053317,0.0,0.0,0.0,0.0,0.0,0.03520580399337769,1.0093111280640048,0.6180946733298429,2.8674887174058274,5.183897332174774,1.3942605449025969,0.0,0.49992650328133026,1.7057724191346895,0.05552245354072983,0.0,0.8167231182133858,0.0,0.0,0.0,0.0,0.012062098913055487,0.0,0.0,0.0
0.0,0.004309267391370148,0.0,0.0,0.0,0.0,0.0,0.0,0.0,0.3231540201146013,0.2653255144063298,0.0,0.0,0.0,2.407674180613587,0.0,3.1294403625158647,0.0,0.0,2.2852545315743154,0.5463533622296215,0.0,0.0,0.0,0.0,0.0,0.0,0.0,0.0,2.0939414461214643,1.0801810035522166,0.1541557861332018,0.7317810891319905,2.9267150685136585,0.0,0.0,0.0,0.0,0.0,0.3707920860507025,2.614546159554201,2.2698072914600025,1.3853419702159602,0.9468680719386272,3.9278657816314415,0.0,0.7132891618842108,0.4565388516991129,0.3887551720556043,0.0,1.5183030630830516,0.32451304046305074,0.0,0.06672473735357495,0.0,0.07944124284136007,0.0,0.0,0.0
0.0,0.0060666248042377646,0.0,0.0,0.0,0.0,0.0,0.0,0.0,0.09927968424684243,0.034683792276516016,0.0,0.0,0.0,3.159958139168134,0.0,2.1658325365927165,0.0,0.025633796264041556,3.976152690900189,0.9791398015388127,0.0,0.0,0.02769588646106094,0.0008492050194439744,0.0,0.0,0.0,0.0,0.46653393811079874,1.4448035945671645,0.2354982038797339,1.151540720466863,1.8984607474970026,0.0,0.0,0.002684255616060121,0.0,0.0,0.31912128737441675,2.381474807432728,6.241732112920454,3.5241557297070596,0.870440803450847,6.405848221049935,0.0,2.591394036485439,1.292398677209724,0.4086766171863301,0.0,6.447077852188761,1.1308608489692338,0.0,0.03146012515105063,0.0,0.0,0.0,0.0,0.0
0.0,0.001019558601920909,0.0,0.0,0.0,0.0,0.0,0.0,0.0,0.9960462653997967,0.5315862557201582,0.0,0.0,0.0,3.7921036673129342,0.0,0.9578605242882232,0.0,0.0,0.0,0.1645544993065477,0.0,0.0,0.0374169591924267,0.0,0.0,0.0,0.0,0.0,2.069416071532909,0.967353301879972,0.28007228162968606,1.2960815263382748,0.25524043429491455,0.0,0.0,0.0,0.0,0.0,0.10646957436667914,0.6369521662376573,0.35443333044742054,0.7724771951293508,1.4385823119412395,1.462503917669029,0.0,1.3686851004286944,0.20595999052943423,0.25119033696338927,0.0,0.11876052246831871,0.07374489596070088,0.0,0.0,0.0,0.0,0.0,0.0,0.0
0.0,0.0,0.0,0.0,0.0,0.0,0.0,0.0,0.0,1.018530527428286,0.8555029155067987,0.0,0.0,0.0,3.788640910311533,0.0,0.7592670171922481,0.0,0.0,0.0,0.0,0.0,0.0,0.0,0.0,0.0,0.0,0.0,0.0,2.314056683053751,1.067039140573347,0.561018564783881,1.1510858786916487,1.0486232620786144,0.0,0.0,0.0008230532120767124,0.0,0.0,0.18164247060842212,0.5354862470228886,0.2526780973578165,0.6992963025778905,1.1432231227042136,1.6845667322865985,0.0,1.1475137064428307,0.22927283688213426,0.6136962401362733,0.0,0.12348165486054416,0.01992741882681036,0.0,0.0,0.0,1.5164846883459466,0.0,0.0,0.0
0.0,0.0,0.0,0.0,0.0,0.0,0.0,0.0,0.0,0.2468907181615199,0.06505405553581455,0.0,0.0,0.0,2.2659897066395627,0.0,3.076329755841314,0.0,0.0,0.0,0.16941817908900725,0.0,0.0,0.0,0.005867950445614853,0.0,0.0,0.0,0.0,1.4520773568895524,0.9493072802772807,0.13993216477141007,1.8848840922180685,0.26278448654008446,0.0,0.0,0.0009243794174511674,0.0,0.0,0.031753193689157286,1.2009349835369436,1.0195192899443526,0.7668140606944895,3.7135593007446954,2.3482508321845756,0.0,2.268490904729064,0.8848189097510871,1.11497561140415,0.0,0.14139354372826976,0.12346125113630725,0.0,0.0,0.0,0.03388412194662093,0.0,0.0,0.0
0.0,0.0007081663195608285,0.0,0.0,0.0,0.0,0.0,0.0,0.0,1.2788769096747505,0.5877655001284986,0.0,0.2442433450542292,0.0,3.0426091518984055,0.2669238055148504,0.3339943940469758,0.0,0.03834870316424254,0.0,2.400793401951736,0.0,0.0,0.05172344358953103,0.0007929662764344398,0.0,0.0,0.0,0.0,2.4323916154435317,1.5021950717956172,0.6460679545136748,1.9704536731464581,0.35457045552298483,0.0,0.0,0.0,0.0,0.0,0.0,0.6970499033136073,0.008946491155224902,1.364760416913859,0.8935343066149104,0.26025076473781006,0.0,0.5667548682776096,0.8691488424444259,0.46726031879587143,0.0,0.4038207477433372,0.0,0.0,0.0,0.0,0.0,0.0,0.0,0.0
0.0,0.0008136378990698882,0.0,0.0,0.0,0.0,0.0,0.0,0.0,1.3153838491856051,0.35833957297843316,0.5460071827014925,0.14065645119435044,0.0,2.484431960811328,0.30667841484684943,1.4807957284684201,0.0,0.0,1.4550941265944461,1.3820956715155854,0.0,0.0,0.0,0.0018277591478098787,0.0,0.0,0.0,0.0,2.0113434881321504,1.4544836985174536,0.3229887702814318,2.6044635563366976,0.0,0.0,0.0,0.0,0.0,0.0,0.172968674888221,0.8424787221993199,0.401818008424172,2.569670158938202,0.9120297744733773,0.5591606916820799,0.7313772795706843,2.461806576003701,0.6093944326198888,0.34856695807907334,0.0,0.7417751414868072,0.05240292621582005,0.0,0.0106838535300224,0.0,0.039558496435289504,0.0,0.0,0.0
0.0,0.0017176800091475415,0.0,0.0,0.0,0.0,0.0,0.0,0.0,1.145519720242925,0.4045102487275774,0.0,0.0,0.0,3.407641452462848,1.2967574948771101,0.38411363408744537,0.0,0.06985039496564957,0.0,1.9429590117628779,0.0,0.0,0.12545686317460716,0.009628635190662442,0.0,0.0,0.0,0.0,2.0389345345442753,1.3757927872659308,0.3663573286872338,2.0693323199322093,0.0,0.0,0.0,0.006088460586096632,0.0,0.0,0.06947490568090911,0.78178046097838,0.0,1.3931860528635998,1.069103482422238,0.4061979990786139,0.0,0.53514445798782,0.8296708073306693,0.41545709499727984,0.0,0.437830386642887,0.0,0.0,0.0025002585926287534,0.0,0.05544674500356152,0.0,0.0,0.0
0.0,0.0,0.0,0.0,0.0,0.0,0.0,0.0,0.0,0.3949466395110967,0.2666381135747489,0.0,0.0,0.0,2.5576307963131835,0.0,3.6178225122884986,0.0,0.0,2.3404473786957243,1.070333797459929,0.0,0.0,0.0374169591924267,0.0,0.0,0.0,0.0,0.0,1.5878428233619135,1.088194334636893,0.21580303159468062,0.924970189221992,4.469725221059074,0.0,0.0,0.0,0.0,0.0,0.08243318451124465,2.602535676654407,1.9140415048830806,1.785170257694712,1.2107470793830297,3.755197856331536,0.0,0.978654243450182,0.33436499920230384,0.7915379534021342,0.0,1.6982962355366458,0.2540248387262726,0.0,0.008168242472351189,0.0,0.5763381105647978,0.0,0.0,0.0
0.0,0.00037517747568222617,0.0,0.0,0.0,0.0,0.0,0.0,0.0,0.44303373725388895,0.2599766727950217,0.0,0.0,0.0,3.0046150125774687,0.0,1.3047759603240792,0.0,0.0,0.0,1.7570043214135083,0.0,0.0,0.0,0.0004201034102812244,0.0,0.0,0.0,0.0,1.0298905514722738,1.7353669796975326,0.2061136698660737,3.166687541960481,0.47024592328225645,0.0,0.0,0.0006639532931115597,0.0,2.6335546324064554,0.04802205575928889,1.7301893762250335,1.6408879983352564,2.2808319754643693,0.7188778494262965,0.31771557293065467,0.0,1.8552215759805295,1.2932677733796734,0.32786153478438357,0.0,0.6493742748750805,0.13668165477363514,0.0,0.0,0.0,0.036315996727478886,0.0,0.0,0.0
0.0,0.0,0.0,0.0,0.0,0.0,0.0,0.0,0.0,0.47053388702879195,0.24404500038833402,0.0,0.0,0.0,3.3558924728307873,0.0,0.7371779904266915,3.1006307660233805,0.03406507142781119,0.0,3.1158353913029955,0.0,0.0,0.36782338217888483,0.00093918700825923,0.0,0.0,0.0,0.0,0.70615560690334,1.6759080630492333,0.35256920118851637,3.4761777063998833,0.6299283624716857,0.0,0.0,0.0,0.0,0.0,0.016941799827761235,1.274357558245118,0.02119239748826324,2.7994944495956804,1.4562856089230867,1.007800730414564,0.0,0.9031038406869446,3.0589551557457146,0.22616836723020775,0.0,0.8785021955588727,0.0,0.0,0.0024417730115146308,0.0,0.027074872560218635,0.015274127892451155,0.0,0.0
0.0,0.0,0.0,0.0,0.0,0.0,0.0,0.0,0.0,1.3089068115304534,0.46933624015787917,0.0,0.0,0.0,1.790341557419228,0.0,1.3824683992925886,0.0,0.0,0.0,0.29587385343295525,0.0,0.0,0.02677880412791323,0.029547273189779455,0.0,0.0,0.0,0.0,1.7819436451056252,1.2321618409041901,0.16604522066488275,1.8186749503303294,0.0,0.0,0.0,0.0006488432449416848,0.0,0.0,0.06415565395854016,2.4996534269090023,0.01852748522926008,1.4015432997965989,2.021930057041526,1.1397401145559423,0.0,0.27842530565680884,0.03074756904290247,0.43246195469659227,0.0,0.09170908957369929,0.0,0.0,0.0,0.0,0.5678589738288731,0.0,0.0,0.0
0.0,0.0,0.0,0.0,0.0,0.0,0.0,0.0,0.0,1.296999530184619,0.5631378582310339,0.0,0.0,0.0,1.2868951644931956,0.0,0.3145574353852463,0.0,0.0,0.0,0.05844521871922212,0.0,0.0,0.05282394238930828,0.0008098378993373,0.0,0.0,0.0,0.0,3.216853239783188,0.6057757766772011,0.11517531814010634,1.6924464698436388,0.18105725388407734,0.0,0.0,0.0,0.0,0.0,0.007304249027537778,2.3330929565061997,0.15097996953090534,0.648859584245404,1.5186432337978621,0.2518579173000456,0.0,0.3830542415453727,0.13862610635642458,0.07402527151761618,0.0,0.04255248424909291,0.007745069665480948,0.0,0.0,0.0,0.0,0.0,0.0,0.0
0.0,0.0021948133450218586,0.04438667171436425,0.0,0.0,0.0,0.0,0.0,0.0,0.7983112471531311,0.00717007295748971,0.0,0.0,0.0,1.2590969207874976,0.0,0.41893674242725215,0.0,0.01189897704564263,0.0,0.42557198096520965,0.0,0.0,0.0,0.0019683560053337153,0.0,0.0,0.0,0.0,0.8608318889959483,0.7968616697223958,0.06191999421309281,2.0952385253900765,2.198588292650678,0.0,0.0,0.002328725070886595,0.0,0.0,0.047305157243623136,5.127229827345055,0.8765023320445162,2.087845549577348,1.4623991015578686,0.7519292724081196,0.0,0.77940210667971,0.4605156250828201,0.0979179393717544,0.0,0.16720677222465044,0.05407833538304041,0.0,0.0,0.0,0.0,0.0,0.0,0.0
0.0,0.0,0.026632003028618553,0.0,0.0,0.0,0.0,0.0,0.0,2.0639941912340545,1.8939165251328083,0.0,0.0,0.0,3.6882209572708797,0.0,0.38691111584709575,0.0,0.007139386227385578,0.0,0.0,0.0,0.0,0.0,0.0,0.0,0.0,0.0,0.0,1.081919381849424,2.302550553870932,0.754956489274038,1.2983755109437045,0.0,0.0,0.0,0.0009332676810805055,0.0,0.0,0.03551691089640245,1.3788260981848353,0.013324561295015809,1.4571666428703982,0.42251983604048926,2.723770617817729,0.0,0.05116015520898064,0.146603355746656,0.6959672819855813,0.0,0.14003840387494582,0.0,0.0,0.0,0.0,0.0,0.0,0.0,0.0
0.0,0.0019236007119985627,0.8248819071397453,0.0,0.0,2.493691552586843,0.0,0.0,0.0,0.4689200796669023,0.13810840300314392,0.0,0.0,0.0,2.4823158315326936,0.0,2.324818133626314,3.5555137227154336,0.026041761191320734,0.0,1.0854922661152613,0.0,0.0,0.0,0.006455082922634396,0.0,0.0,0.0,0.0,1.7339439834108805,2.825019740591837,0.3315178196412942,1.8461829898661253,0.0,0.0,0.0,0.0,0.0,0.0,0.05175195699881397,0.9108251682856945,1.0924236753156533,2.4893966028712358,1.198847295127722,1.2103230718063998,0.0,1.8083387202698302,1.5618448261415743,0.8748822986902024,0.0,0.2090631080168342,0.128616563132393,0.0,0.03636267898794198,0.0,0.030965872209591374,0.0,0.0,3.4325732794120927
0.0,0.0,0.0,0.0,0.0,0.0,0.0,0.0,0.0,1.4121904826913894,0.45324049285513907,0.0,0.0,0.0,2.97508539037107,0.0,0.3681250564066711,0.0,0.0,0.0,0.0,0.0,0.0,0.0,0.0,0.0,0.0,0.0,0.0,1.4332453728304828,2.0342642291559643,0.05497921658914826,0.6576023283133196,0.0,0.0,0.0,0.0,0.0,0.0,0.06344890023319043,2.62848285197566,0.0,0.4718912149799645,0.9769189019321327,0.0034269969906851505,0.0,0.025387776713642323,0.035688249087826245,0.02431265615626176,0.0,0.1663215599011082,0.0,0.0,0.0,0.0,0.0,0.0,0.0,0.0
0.0,0.0,0.0,0.0,0.0,0.0,0.0,0.0,0.0,4.6953070947950915,0.3469363677027916,0.0,0.0,0.0,0.6930515762916791,0.0,0.17424018197545407,0.0,0.0,0.0,0.34288942466339745,0.0,0.0,0.0,0.17718578372584012,0.0,0.0,0.0,0.0,3.9117096562510865,1.2106700869350877,0.43653362350857505,0.6939303431424049,0.0,0.0,0.0,0.0009421559447098437,0.0,0.0,0.5112636159599244,1.0655564460966247,0.1408723380342576,0.703364962268956,0.6661984861310913,0.14632288593401355,0.0,0.19097152848910176,0.09467090915505054,0.488446395369658,0.0,0.0069286989274789795,0.1933389907848687,0.0,0.0,0.0,0.0,0.0,0.0,0.0
0.0,0.0,0.0,0.0,0.0,0.0,0.0,0.0,0.0,1.3769920356361212,0.10025632448385613,0.0,0.0,0.0,2.3110055476577864,0.0,0.90945855027843,0.0,0.0,0.5394561313410624,0.3412681980692443,0.0,0.0,0.025751671914787787,0.0,0.0,0.0,0.0,0.0,2.9080962918379796,1.2745523623421284,0.1322951997262188,2.2672873707972845,0.0,0.0,0.0,0.0,0.0,0.0,0.4750128985639962,1.0531607212924978,0.19162622650989167,1.274333538915135,0.6237484598078876,1.1363460694593983,0.0,0.37560575321384604,0.4291228179743493,0.10815632087018787,0.0,0.5096637274162614,0.0,0.0,0.028753704884994596,0.0,0.0,0.0,0.0,0.0
0.0,0.0008889747415763592,0.0,0.0,0.0,0.0,0.0,0.0,0.0,0.29931764921533965,0.2729549970727662,0.5950940353335232,0.0,0.0,3.903200454441243,0.0,0.07353083862803905,0.0,0.006017482677367845,0.0,1.7933197971225394,0.0,0.0,0.03246471459342905,0.010450845613461839,0.0,0.0,0.0,0.0,0.5449713414824114,1.5044548311614958,0.8414223642332084,4.90438088057328,0.0,0.0,0.0,0.0031464453247857043,0.0,0.0,0.38002384523828503,1.0428724963179572,2.358256998342155,1.8521565242300457,0.1322770374000653,0.6211102526675423,0.0,2.1435206951885313,0.7737326174830249,0.057813723055648164,0.0,0.6276373944858759,0.0,0.0,0.0,0.0,0.0,0.0,0.0,0.0
0.0,0.0,0.0,0.0,0.0,0.0,0.0,0.0,0.0,0.3192939673706221,0.1520367209290318,0.0,0.0,0.0,3.5692367791949335,0.31803687465599195,0.3686513153515558,3.1284807429637103,0.03433704804599731,0.0,3.9605755081865097,0.0,0.0,0.12362269850831174,0.0047353021614028245,0.0,0.0,0.0,0.0,0.36981637160835923,1.9278471923514608,0.37827690120251856,4.1954209831194405,0.0,0.0,0.0,0.0,0.0,0.0,0.028473044820309303,1.167849502341285,1.0262450208837415,3.776339321369492,0.20744544303826098,1.0714637898953687,0.0,1.611369839459295,3.043943494628409,1.9812248172173692,0.0,4.459393686684224,0.294500895509312,0.0,0.0,0.0,0.027236997545609164,0.0,0.0,0.0
0.0,0.0,0.0,0.0,0.0,0.0,0.0,0.0,0.0,0.8176769354958067,0.08937487737766121,0.0,0.0,0.0,1.8346840845760681,0.0,1.0277283236814725,0.0,0.0,0.0,0.17185001898023702,0.0,0.0,0.10381372011232114,0.004375374206141802,0.0,0.0,0.0,0.0,2.5770037348924792,0.8849121516808207,0.1993476925470309,1.3872476386747379,0.0,0.0,0.0,0.0,0.0,0.0,0.05502196107734592,2.240974818793629,0.07181938538013521,0.8440452856411095,2.0057422173888644,3.1400189446094102,0.0,0.21393093564179813,0.16581564835204987,0.05611977023708328,0.006405623067849288,0.1863208012848409,0.0,0.0,0.0,0.0,0.011462236467110525,0.0,0.0,0.0
0.0,0.0,0.0,0.0,0.0,0.0,0.0,0.0,0.0,1.0847184374733538,0.6019415711474256,0.0,0.0,0.0,2.7068179104569117,0.0,7.075413024779198,0.0,0.0,0.0,0.6436269578788123,0.0,0.0,0.032354664713451324,0.0,0.0,0.0,0.0,0.0,2.6065217750222764,0.940604802719322,0.6644521245119648,0.9803026799632985,0.0,0.0,0.0,0.0,0.0,0.0,0.005951610318734486,1.0341139083165038,0.7274575964159822,1.0231029666397988,0.5415693419116081,0.12205052070960316,0.0,0.6090204730471036,0.44129016435363916,0.12346256121424518,0.0,0.9714822751724235,0.0,0.0,0.0,0.0,0.0,0.0,0.0,0.0
0.0,0.0008739073730750649,0.0,0.0,0.0,0.0,0.0,0.0,2.7951103817838585,2.9308050184371224,0.497950902029417,0.0,0.0,0.0,1.4227121891037342,5.2830089648956955,0.12439792032702905,0.0,0.011830982891096102,0.0,0.0,0.0,2.7239583333333335,0.25604938741484157,0.01569454601167086,0.0,2.1691331923890065,0.0,0.0,3.092299373122738,1.5304661038623557,0.6781046310844653,0.23833709021237567,0.0,0.0,5.406042528311839,0.01705302259924817,0.0,0.0,0.2949090544868378,1.1671696636865796,0.05532865452025613,0.409175208390659,2.2957456426557012,0.028734051691129338,0.0,0.15221706399577697,0.05971744137454505,1.465105859274461,0.0,0.04765393008402538,0.0,0.0,0.0012720613892321729,0.0,0.22622920461394663,0.01591436079812276,0.0,0.0
0.0,0.0,0.0,0.0,0.0,0.0,0.0,0.0,0.0,2.4739230693616125,0.46106686539683833,0.0,0.0,0.0,2.773764545817347,0.0,0.45420994065413145,0.0,0.0,0.0,0.44421608679797114,0.0,0.0,0.0,0.0008829482652496952,0.0,0.0,0.0,0.0,2.7224041699532013,1.516442774464172,0.23472968529783814,1.2939457475677028,0.09844988179946705,0.0,0.0,0.000695951042177177,0.0,0.0,0.047646698517595974,0.6341421664648753,0.3228287400614806,0.8478390358935894,0.7792722682155362,0.07480079970053165,0.0,0.2994617039010252,0.14842845770354948,0.9058681023135379,0.0,0.10350864199010158,0.04841475319015747,0.0,0.004576496722180117,0.0,0.0,0.0,0.0,0.0
0.0,0.0006629642140569459,0.0,0.0,0.0,0.0,0.0,0.0,0.0,1.9290013862327462,0.8126793676371232,0.0,0.0,0.0,2.7706865395938785,0.0,0.2457629272611698,2.460081296395796,0.02699367935497214,0.0,0.6444375711758888,0.0,0.0,0.19442145462731522,0.002980653379505341,0.0,0.0,0.0,0.0,2.0507592687209004,1.8074869594596208,0.6585601487174308,0.9368158511069249,0.4991647902220744,0.0,0.0,0.007066169585323827,0.0,0.0,0.022386170630694487,1.9105732326068443,0.5041823643158339,1.5121302032915929,0.48487746091526457,0.0785507252538006,0.0,0.2566887089182119,0.439472963271018,0.5562045081122532,0.0,0.18959936544610853,0.0,0.0,0.0,0.0,0.30059593541258306,0.0,0.0,0.0
0.0,0.0,0.0,0.0,0.0,0.0,0.0,0.0,0.0,2.3651001134720286,0.4479900961814624,0.0,0.0,0.0,2.1718219537403294,0.0,0.34124430345874307,3.0913474403766044,0.06792616039198279,0.0,0.8098026837795131,0.0,0.0,0.12215536677527541,0.016853626505097367,2.5730899646149314,0.0,0.0,0.0,1.2147943577452769,1.4051055523736773,0.6673453709379252,2.3515319778587447,0.8373897992138578,0.0,0.0,0.0,0.0,3.9150611276399547,0.05630020465716503,2.554267132170329,0.8239654903670253,1.3974929674014391,0.7861607106209242,0.1755578064160892,0.0,0.9021905383029701,0.9207942239374723,0.7147734248473346,0.0,0.45122878551526746,0.0,0.0,0.0,0.0,0.053987620135046745,0.0,0.0,0.0
0.0,0.0032495291401124543,0.0,0.0,0.0,0.0,0.0,0.0,0.0,0.3844786998664072,0.251920595398849,0.0,0.0,0.0,3.542496600128553,0.0,1.7568046961408597,0.0,0.0,0.0,1.574535268241568,0.0,0.0,0.03393204632646539,0.0,0.0,0.0,0.0,0.0,1.8206587007061306,1.4008584868987988,0.28572315355538996,1.593923786186316,2.2096529026102605,0.0,0.0,0.0016443287714275573,0.0,0.0,0.006255954028215226,0.894384403486071,0.5516685627595951,0.8492868922701396,0.8458146218515846,2.200560442643702,0.0,3.0274959248333397,0.9354108413411647,0.3453050489325806,0.0,0.475096732609296,0.1019848183764007,0.0,0.0,0.0,0.014996561148624094,0.0,0.0,0.0
0.0,0.0,0.0,0.0,0.0,0.0,0.0,0.0,0.0,1.6922078681868329,0.6158223073534584,0.0,0.0,0.0,2.6397750874019934,0.0,0.5760804331537536,0.0,0.0,0.0,0.24399460242005352,0.0,0.0,0.036683293325908535,0.0,0.0,0.0,0.0,0.0,1.7483964362934223,1.6659715325042346,0.05746560023645797,0.5225538725333401,0.0,0.0,0.0,0.0026753673524307826,0.0,0.0,1.214906272279397,2.661568333171319,0.006345029188102767,0.42303064409536817,1.0099834254779954,0.01321370955062255,0.0,0.024441493965801905,0.04757379761807196,0.13112501445965435,0.0,0.5483726416136282,0.0,0.0,0.0,0.0,0.0,0.0,0.0,0.0
0.0,0.0,0.0,0.0,0.0,0.0,0.0,0.0,0.0,2.1309453885448804,0.45816273973671096,0.0,0.0,0.0,1.8317984537415666,0.0,0.31783270487117365,0.0,0.004664399001891912,0.0,1.3347558549663128,0.0,0.0,0.0,0.2920871595686205,0.0,0.0,0.0,0.0,2.4175888000668673,1.3334503458145004,0.6327318967690138,2.3683413478123225,0.0,0.0,0.0,0.000609734884972597,0.0,0.8065261061744771,0.17864637586842283,1.2838752994109923,0.11754166570960375,1.6484852848300011,1.4433525583069706,0.18990835631458325,0.0,0.3362830116816037,0.10299316338850421,0.20810887023889624,0.0,0.07123117782242151,0.07564889225346497,0.0,0.0,0.0,0.12240436396985073,0.0,0.0,1.8462404583783056
0.0,0.0,0.0,0.0,0.0,0.0,0.0,0.0,0.0,2.455604174983406,0.13081035162673335,0.0,0.0,0.0,1.6652975545908288,0.0,0.6594093824003703,0.0,0.0,0.0,2.78259226487481,0.0,0.0,0.04071845559175847,0.08531417314546418,0.0,0.0,0.0,0.0,1.320603830970188,1.1474929846634987,0.18021007295864713,2.013367005851474,0.0,0.0,0.0,0.0,0.0,0.0,0.2658577566185151,2.468267542350107,1.8548423825580818,4.186687476698116,1.1756160231155508,0.1714915426790647,0.0,2.8659428809124887,1.341463106440497,0.6200893954019314,0.0,0.030253497225457508,0.044668613591541166,0.0,0.012952363007486442,0.0,0.0,0.0,0.0,0.0
0.0,0.000375679721298936,0.0,0.0,0.0,0.0,0.0,0.0,0.0,2.653622699928782,0.3303319882222891,0.0,0.0,0.0,2.179036030826583,0.42594224284284643,0.17724539752913793,0.0,0.0,0.0,2.4267330274581864,0.0,0.0,0.0,0.012206619170219512,0.0,0.0,0.0,0.0,1.291085790840391,3.497177951974497,0.1499997581942441,1.4367265135263279,0.3759452702176328,0.0,0.0,0.0013332395444007222,0.0,0.0,0.2227187265980061,0.6579818419565417,1.3202102231685426,2.8407308653835055,0.5620796791736511,0.4587233183396921,0.0,2.693176513277282,1.6833075999538794,0.13272097000772376,0.0,3.8884863807354826,0.44079665585728556,0.0,0.0,0.0,0.0484753706317687,0.0,0.0,0.0
0.0,0.0033298884387860236,0.0,0.0,0.0,0.0,0.0,0.0,0.0,2.6715054301551264,0.4475470939621209,0.0,0.0,0.0,1.5279415268685563,0.418369936303418,0.1605851472476555,0.0,0.0,0.0,1.7008288199261006,0.0,0.0,0.0,0.013042326891341199,0.0,0.0,0.0,0.0,2.1417659265691475,3.62763498203303,0.38440998086588246,1.4077550700181027,1.388482815723518,0.0,0.0,0.0009777089992271963,0.0,0.0,0.056016150528316336,0.5705885828941731,0.8058187068890514,2.048258590421036,0.4870473202729618,1.3973909748460112,0.0,1.8687181556548218,2.7368628479129975,1.391421244935234,0.0,2.4379403103186292,0.08612625038426835,0.0,0.0,0.0,0.035829621771307295,0.0,0.0,0.0
0.0,0.0041083691446862245,0.0,0.0,0.0,0.0,0.0,0.0,0.0,0.7648356484977179,0.7132007581605554,0.6858710915708405,0.0,0.0,3.426878991359525,0.0,0.12960511409746747,0.0,0.0069354037637459915,0.0,2.818907740583841,0.0,0.0,0.0,0.07707519729456734,0.0,0.0,0.0,0.0,0.502043176890086,2.5929536723796063,0.5717928939222231,2.482051791615937,0.6425017828803022,0.0,0.0,0.0009066028901924912,0.0,0.0,0.6329334678167806,1.0443908026467992,1.6807982319284227,2.3768670060102375,0.4845502599010086,1.516610927848885,0.18374503082810298,2.7322962987241968,2.211481045054872,0.38660389864139383,0.0,4.991941791946133,0.258550863812038,0.0,0.0,6.000000000000001,0.016536748509834137,0.0,0.0,0.0
0.0,0.002405756504039978,0.0,0.0,0.0,0.0,0.0,0.0,0.0,1.244943338659882,6.620586130610236,0.0,0.0,0.0,4.165792860380882,0.0,0.27299682765895467,0.0,0.0,0.0,1.8113964736473476,0.0,0.0,0.0,0.0017940159020041581,0.0,0.0,0.0,0.0,1.2931879658051242,1.8898640030100946,0.260964800024906,2.0024903547050417,0.0,0.0,0.0,0.0014221221806941036,0.0,0.0,0.008082016285099672,0.7412280852252079,0.015164619759565613,1.2988371335410558,0.30030164666289183,0.16041641105820623,0.0,0.054666221583016705,0.031527121971099394,0.20855685776116134,0.0,0.4910305544330568,0.0,0.0,0.003501824169208108,0.0,0.0,0.0,0.0,0.0
0.0,0.002415801416374174,0.0,0.0,0.0,0.0,0.0,0.0,0.0,1.4356561140615685,8.061820017534483,0.0,0.0,0.0,3.594822705927514,0.0,0.18124773529418234,0.0,0.0,0.0,0.7019911152683268,0.0,0.0,0.0,0.0,0.0,0.0,0.0,0.0,1.9982924852260977,1.860054411375098,0.4509847866465751,1.8920033547866426,0.0,0.0,0.0,0.0008550509611423298,0.0,0.0,0.04230377561782297,0.43766879525503843,0.0,1.0899426148078868,0.2530469317619299,0.20611409785322707,0.0,0.04443216098036729,0.02787691805731243,0.1347182477111556,0.0,0.47850643933701437,0.0,0.0,0.0,0.0,0.0,0.0,0.0,0.0
0.0,0.00034755396676318677,0.0,0.0,0.0,0.0,0.0,0.0,0.0,0.3882951361952003,4.145352248763788,0.0,0.0,0.0,3.578086047087405,0.0,0.19502741029840098,0.0,0.0,0.0,2.1876831661503005,0.0,0.0,0.0,0.002721955161661481,0.0,0.0,0.0,0.0,1.6010690075150276,1.8723949412455,0.5036659819859372,3.0802676046697344,0.0,0.0,0.0,0.004924098050653334,0.0,0.0,0.014033626603834157,0.9239687156099972,0.013197660711253755,0.8281738473867732,0.440567555142606,0.0342040661185691,0.0,0.0849675651224427,0.05831898662835394,0.45209407455252193,0.0,0.912052835475845,0.0,0.0,0.0,0.0,0.0,0.0,0.0,0.0
0.0,0.0,0.0,0.0,0.0,0.0,0.0,0.0,0.0,3.123589573560153,1.2308570552058653,0.0,0.0,0.0,2.7050865319562107,0.0,0.2760643633508486,0.0,0.0,0.0,0.0,0.0,0.0,0.024357706768403264,0.00037342525358331064,0.0,0.0,0.0,0.0,2.8611477176256015,2.2347577728945693,0.21428106342269107,0.4204913333210873,0.0,0.0,0.0,0.000590180704988053,0.0,0.0,0.07190289216321101,0.616081119538204,0.21502034912642656,0.5126877756660527,0.2320544035315098,0.14231923079585734,0.0,0.08057863977723113,0.37273691191794317,0.13333228631414798,0.0,0.0334031045297153,0.0,0.0,0.001454828830213807,0.0,0.0,0.0,0.0,0.0
0.0,0.0,0.0,0.0,0.0,0.0,0.0,0.0,0.0,4.0002795188028974,1.390797263877741,0.0,0.0,0.0,1.179068758977322,0.0,0.1351031351795527,0.0,0.0,0.0,0.15158468655332227,4.968085106382979,0.0,0.0,0.0,0.0,0.0,0.0,0.0,4.210393682490282,2.1419633989340157,0.14489739757012854,0.3433857645575582,0.0,0.0,0.0,0.0,0.0,0.0,0.006323585963655392,0.4206728288874055,0.29024701518057294,0.1693827014900703,0.12266593813394763,0.1938032702020735,0.0,0.07673769586240435,0.49909822777905327,0.39643629144777454,0.0,0.03978865466114428,0.0,0.0,0.0,0.0,0.0,0.0,0.0,0.0
0.0,0.0,0.0,0.0,0.0,0.0,0.0,0.0,0.0,2.5659537054045076,0.6436986321927605,0.0,0.0,0.0,1.9442418685926428,0.0,0.4594725301029787,0.0,0.1844205453765515,0.0,0.0,0.0,0.0,0.0,0.006537191487428317,0.0,0.0,0.0,0.0,2.4998363955620593,2.1743372565161088,0.2977783469968916,2.0804067283722136,0.0,0.0,0.0,0.0008612727456828666,0.0,0.0,0.17688794554697856,1.0005638707067963,0.7560102277624446,0.8699234274599579,0.5656788903304664,0.22982628087723703,0.0,0.3229183534627744,0.8929041377563728,0.2667065714585083,0.0,0.24877744855698974,0.0,0.0,0.0,0.0,0.17276038443214956,0.0,0.0,0.0
0.0,0.0,0.0,0.0,0.0,0.0,0.0,0.0,0.0,0.8800047927968953,0.3878074243094435,0.0,0.14879789602949142,0.0,3.4762232786295013,0.0,1.0480169908987391,0.0,0.0,0.0,0.2788509741943469,0.0,0.0,0.03151094896695543,0.0,0.0,0.0,0.0,0.0,1.7738853077408139,1.2054133417435402,0.24218883623976728,1.3881177707664525,0.7569199085987122,0.0,0.0,0.000763501845760147,0.0,0.0,0.0,1.4330998841188098,0.7034733860849537,1.4129428778499442,0.9737674395316676,0.3540021987589478,0.0,1.622227990024327,0.4323358401784042,0.5775305807867476,0.0,0.32123371652100496,0.1016997567845462,0.0,0.0,0.0,0.0,0.0,0.0,0.7698643464791091
0.0,0.0,0.0,0.0,0.0,0.0,0.0,0.0,0.27438239527603014,1.193105229211076,0.6097679436891249,0.0,0.0,0.0,3.125330569154116,0.16204735994376732,1.1011275975732904,1.5874486855987966,0.0,0.0,0.3469424911487804,0.0,0.0,0.0314008990869777,0.0004814036401616173,0.0,0.0,0.0,0.0,2.177240129099023,1.3296840802047025,0.4309882345254843,1.3581179893316555,0.21500548898734184,0.0,0.0,0.0,0.0,0.0,0.01738140740812231,1.1632039382007986,0.5922259893299479,1.3371045273921573,0.8423187373308502,0.44300526483433805,0.0,1.5697638419671158,0.405920583861461,0.3116873186159377,0.0,0.3219222149948711,0.07599311757193078,0.0,0.0,0.0,0.0,0.0,0.0,0.0
0.0,0.0,0.0,0.0,0.0,0.0,0.0,0.0,0.0,1.0931145973966985,0.5107651514111091,0.0,0.0,0.0,3.9955406411452916,0.0,0.18800600806007045,0.0,0.0,0.0,0.0,0.0,0.0,0.0,0.0,0.0,0.0,0.0,0.0,2.432917159184715,1.952688518713958,0.24160114555949405,0.615163613112875,0.0,0.0,0.0,0.0,0.0,1.3755620178194434,0.1108081630251657,0.4829347190141675,0.07425587658836667,3.8027306274737005,0.29646134002188806,0.09641065187833282,0.0,0.4981963026539116,0.5702060962294487,0.47514676580241305,0.0,0.21998072667385551,0.0,0.0,0.0,0.0,0.0,0.0,0.0,0.0
0.0,0.0,0.0,0.0,0.0,0.0,0.0,0.0,0.0,1.4637668936490782,0.5341786390777861,0.0,0.0,0.0,3.0931076915021825,0.0,0.16801509261425177,0.0,0.0,0.0,0.9129126951676554,0.0,0.0,0.0374169591924267,0.0,0.0,0.0,0.0,0.0,3.271947741983908,2.164080192727723,0.4489354037615198,0.47578427260367956,0.0,0.0,0.0,0.0009066028901924912,0.0,0.0,0.4604382164766407,0.31981876446187163,0.21436681112005196,2.6307000543041834,0.17560361801935476,0.17542599883952437,0.0,0.5812662283785403,0.44218559677116265,0.19110401053958379,0.0,0.13090213841221326,0.033040252052117684,0.0,0.0,0.0,0.0,0.0,0.0,0.0
0.0,0.0,0.0,0.0,0.0,0.0,0.0,0.0,0.0,0.9537165344615837,0.23247772021664007,0.0,0.0,0.0,2.8505223260150876,0.0,1.0018308440253028,0.0,0.0,0.0,0.07814312183818324,0.0,0.0,0.0,0.0016252996729755537,0.0,0.0,0.47001061900036983,0.0,1.7219440679871942,1.9975631727881462,0.21206592162781512,1.4641356744153384,0.0,0.0,0.0,0.0017154348804622628,0.0,0.0,0.09778563385616201,1.7829901784071465,1.0886166578027916,4.875610529793381,0.2753827062614006,1.9978403898870192,0.0,1.202616283609302,1.4063556204633763,0.562271005809593,0.017486354343633843,0.9059219204942744,0.13479110478237366,0.0,0.003523756262125904,0.0,0.28128684965257084,0.0,0.0,0.0
0.0,0.0,0.0,0.0,0.0,0.0,0.0,0.0,0.0,1.6582742971719646,0.41822691003755774,0.0,0.0,0.0,1.6569292251707743,0.0,0.40535095229746476,0.0,0.0,0.0,0.5698611478448427,0.0,0.0,0.0322446148334736,0.0019796037539356226,0.0,0.0,0.0,0.0,2.8707826862139627,1.2537337281841392,0.4516628912776596,2.0857461752986444,0.0,0.0,0.0,0.0,0.0,0.0,0.04161392987633329,1.5573970514874318,1.1544780607752982,1.77844414009732,0.7877106101621365,0.37364152766710496,0.0,1.1358944705578196,0.9583497129783108,0.0738292769766252,0.0,0.7041044392738418,0.03309403725812797,0.0,0.0012866827845107037,0.0,0.0,0.0,0.0,0.0
0.0,0.0,0.0,0.0,0.0,0.0,0.0,0.0,0.0,1.7957096214237,0.09069403954192248,0.0,0.0,0.0,1.9667497891017547,0.0,0.6151897821104504,0.0,0.0,0.0,0.3258665454247891,0.0,0.0,0.037050126259167614,0.10230389740864462,0.0,0.0,0.0,0.0,0.5541508388284136,1.4957042736170294,0.2816846637524869,4.134907251286561,0.0,0.0,0.0,0.0008977146265631529,0.0,0.0,0.06797009511736544,2.4816377025593113,1.307266363624813,3.140565426400758,1.0545516478408559,0.1523399018041973,0.0,1.1585748130931903,0.9502118124778767,0.34705500019142865,0.0,0.7600476724122722,0.013526979311586518,0.0,0.0,0.0,0.016374623524443604,0.0,0.0,0.0
0.0,0.0053388709056252535,0.0,0.0,0.0,0.0,0.0,0.0,0.0,1.6710102904063366,0.26002589526383735,0.0,0.0,0.0,2.9986513755194992,0.0,0.10773074558574551,0.0,0.0,1.2724346974862173,2.1150522147322377,0.0,0.0,0.0,0.0032618470945530143,0.0,0.0,0.0,0.0,0.6466815735260928,1.780562167015108,0.5562718323662897,3.055943457560439,0.0,0.0,0.0,0.0,0.0,0.0,0.5914750913919596,1.46255955915604,3.7464224841152785,3.3791868190929724,0.8410788176978804,2.139863053635606,0.5224123425504889,1.7666312447349874,1.1910831327916975,0.25253429953018447,0.0,1.2155823055260044,0.8134205630965355,0.0,0.0,0.0,0.0,0.0,0.0,0.0
0.0,0.0,0.0,0.0,0.0,0.0,0.0,0.0,0.0,2.9185924221849846,0.40583925538560184,0.0,0.0,0.0,3.8163429663227473,0.0,0.27623747484587646,0.0,0.0,0.47618003755707444,0.3015481465124914,0.0,0.0,0.0,0.002615101549943365,0.0,0.0,0.0,0.0,2.3147574080419955,1.3532112202693125,0.1695562957547201,0.7096520479813393,0.0,0.0,0.0,0.0,0.0,0.0,0.13836141352348877,0.5372538275251224,0.45432312495572236,0.7532885163160828,0.2014524981455734,0.26045836167089964,0.0,0.3373536050317073,0.3747121304860097,0.33847323921803796,0.0,0.2967428422363355,0.0,0.0,0.022434337845613616,0.0,0.0753881182065968,0.0,0.0,0.8334969059669051
0.0,0.0004906939675254819,0.0,0.0,0.0,0.0,0.0,0.0,0.0,2.6778298103571263,0.2710025058097427,0.0,0.0,0.0,3.2789423172440806,0.0,0.2930362143233812,0.0,0.013258860136573217,0.6077065307635604,0.4750193920868816,0.0,0.0,0.0,0.0,0.0,0.0,1.4285592465467674,0.0,3.161320784464816,1.1869826802487844,0.13991257508206764,0.4717895752735352,0.0,0.0,0.0,0.0026042612433960777,0.0,0.0,0.08592975557350115,0.5282233040617867,0.2914589157555006,0.7164873061374373,0.15837906778468194,0.24476007930203036,0.0,0.21174915772452532,0.4504551785094679,0.373985583430927,0.0,0.23818768631609522,0.0,0.0,0.022149951707446193,0.0,0.0,0.0,0.0,0.0
0.0,0.0,0.0,0.0,0.0,0.0,0.0,0.0,0.0,1.7923729656619554,0.16840647330817937,0.0,0.0,0.0,2.0058981807564917,0.0,0.9099432624645082,0.0,0.0,0.0,0.126455674343948,0.0,0.0,0.0,0.0008773243909487418,0.0,0.0,0.0,0.0,2.2401301967939617,1.060852848975977,0.23902434796137312,1.1280471539905685,0.0,0.0,0.0,0.0,0.0,0.0,0.010516765960945597,2.2562711885244986,0.03451695878327905,0.7652562405425051,1.7589637682158374,0.986447903011064,0.0,0.22961436713549635,0.03276492560708776,0.2539949255142363,0.0,0.07902760339791601,0.0,0.0,0.004547253931623055,0.0,0.0,0.0,0.0,0.0
0.0,0.0007483459688976132,0.0,0.0,0.0,0.0,0.0,0.0,0.0,1.6269140946530825,1.3254626402696768,0.0,0.0,0.0,3.605595727709653,0.0,0.3077368424811481,0.0,0.0,0.0,0.5423002957442385,0.0,0.0,0.027255686941150038,0.021315608375473853,0.0,0.0,0.0,0.0,1.40127479524183,2.8889661226475547,0.4054010864458972,1.8892940798647129,0.0,0.0,0.0,0.0006603979876598244,0.0,0.0,0.06283006802391293,0.41640117600700705,0.6130186499793606,2.3372800468539254,0.1691956444717425,0.09061111850948103,0.0,1.0776968130901008,1.4718802044280368,4.0264745178251236,0.0,0.31431594614073016,0.0,0.0,0.0,0.0,0.0,0.0,0.0,0.0
0.0,0.0,0.0,0.0,0.0,0.0,0.0,0.0,0.0,0.8691879218307161,0.5093705147946638,0.0,0.0,0.0,3.622717137327695,0.0,0.45820535395937473,0.0,0.0,0.0,0.0,0.0,0.0,0.0,0.04352822470194979,0.0,0.0,0.0,0.0,0.5967373999889698,3.8810165109304995,0.7510536203973519,2.718371757433883,0.0,0.0,0.0,0.0,0.0,0.0,0.20995996197721906,0.4382013355345576,2.644354364433709,3.1004286483672754,0.14061205271058483,0.44000664246748855,0.0,1.3084578821076986,2.6028640202553635,4.052420461822978,0.0,0.6627398881058482,0.0,0.0,0.0,0.0,0.0,0.0,0.0,0.0
0.0,0.0015017143939623243,0.0,0.0,0.0,0.0,0.0,0.0,0.0,2.6278890149689205,0.13135179878370623,0.0,0.0,0.0,1.6511579635017715,0.0,0.3543661547818558,0.0,0.0,0.10936157249371323,0.42476136766813305,0.0,0.0,0.0,0.0025251195611281094,0.0,0.0,0.0,0.0,1.2004294954862658,1.7725488359304313,0.2209867647745263,1.9640265611053842,0.0,0.0,0.0,0.0,0.0,0.0,0.015183369506316956,2.374563114443224,1.3957160705069656,1.0106037508321115,1.9175701545998973,0.21449376453333507,1.6176768400356516,0.8974210702977691,0.5221687806540705,1.630487919577324,0.0,0.053966258949186045,0.06840940352448069,0.0,0.0,0.0,0.0,0.0,0.0,0.0
0.0,0.0,0.0,0.0,0.0,0.0,0.0,0.0,0.0,0.8742910424075022,0.4923723555636355,0.0,0.0,0.0,5.189999431239955,0.0,0.11201006174283452,0.0,0.0,0.0,0.4750193920868816,0.0,0.0,0.0,0.0,0.0,0.0,0.0,0.0,2.3332390296069425,1.1243825378152918,0.40803816001122556,0.6177740093880189,0.0,0.0,0.0,0.0010399268446325634,0.0,0.0,0.011903220637468973,0.16217551107995354,0.3941976283692606,0.5005551057764794,0.291295008217847,0.0,0.0,0.36756869223486904,0.11731218119460793,0.6017032408423015,0.0,0.17037605091387586,0.0031464345516016355,0.0,0.0,0.0,0.0,0.0,0.0,0.0
0.0,0.0,0.0,0.0,0.0,0.0,0.0,0.0,0.0,1.164122121319842,0.02758263077536831,0.0,0.0,0.0,1.402608960956707,0.0,0.3540130073319989,0.0,0.0,0.0,0.0,0.0,0.0,0.036279777099323535,0.0,0.0,0.0,0.0,0.0,2.8964467389084154,0.6329890490407624,0.053645610814682144,1.9047389244926474,0.6211269681856543,0.0,0.0,0.0,0.0,0.0,0.0,2.643325995936726,0.29490426660464036,0.7648163854407681,1.3255946353868622,0.35192622942805196,0.0,0.5328612020278831,0.16407482238739388,0.35994397452993054,0.0,0.07456875613859199,0.015947313582049313,0.0,0.0,0.0,0.0,0.0,0.0,0.0
0.0,0.0,0.0,0.0,0.0,0.0,0.0,0.0,0.0,1.6304906406983513,0.4184237999128206,0.0,0.0,0.0,4.045846805360101,0.0,1.4502588607455034,0.0,0.0,0.0,0.06565967706320378,0.0,0.0,0.02971346759398591,0.0,0.0,0.0,0.0,0.0,1.2377431011102824,1.5086057366633585,0.35989273120422854,0.8978576642733388,0.0,0.0,0.0,0.0007199493539763901,0.0,0.0,0.002739093385326667,1.4003543222505037,0.09759923897139675,1.0460487411137354,0.9788648869116549,0.522880656232615,0.0,0.32738846124211707,0.049038092983198625,1.1787205025931204,0.0,0.08139800528651252,0.01960470759074865,0.0,0.0,0.0,0.0,0.0,0.0,0.0
0.0,0.00106978316359189,0.0,0.0,0.0,0.0,0.0,0.0,0.0,1.6218982069066687,0.34099685646569483,0.0,0.0,0.0,3.678890750905991,0.0,1.2509036630714057,0.0,0.0,0.0,0.1726606322773136,0.0,0.0,0.0,0.0,0.0,0.0,0.0,0.0,1.8857385339893336,1.3615290579352068,0.5042988796416159,0.7309505084989902,0.0,0.0,0.0,0.0018932001530490255,0.0,0.0,0.014405602248755063,1.2565684467803289,0.07438912220131683,0.8067125838811984,0.9534981977538133,0.4249476268449586,0.0,0.298507810299985,0.07298037565292251,1.4572660776348219,0.0,0.10366273450568117,0.01145624888019057,0.0,0.0,0.0,0.01734737343678679,0.0,0.0,0.0
0.0,0.0,0.3516185314149895,0.0,0.0,0.0,0.0,0.0,0.0,0.7912017714777795,0.07473447440290591,0.0,0.0,0.0,2.675172158971878,0.0,1.7744620686337025,0.0,0.0,0.0,0.7222564476952414,0.0,0.0,0.03631646039264944,0.0005567635557943938,0.0,0.0,0.0,0.0,1.31298344672303,1.5185422672083573,0.47449241385750324,1.9981396942464684,0.24895372409060634,0.0,0.0,0.0008799380993044767,0.0,0.0,0.013391123217152594,1.7969268708286057,0.18219751313637095,1.3392854756049357,2.027268599905702,0.8581332272252181,0.0,0.6757422860985859,0.13821262726950934,3.2437563187675837,0.0,0.3127313067961175,0.0505957432938745,0.0,0.0,0.0,0.0,0.0,0.0,0.0
0.0,0.001607185973471384,0.0,0.0,0.0,0.0,0.0,0.0,0.0,2.6180753215520243,1.0244672434615563,0.0,0.0,0.0,3.6147335586855744,0.0,0.6308252123413679,0.0,0.0,2.3382894078672534,1.8138283135385773,0.0,0.0,0.0,0.004791540904412359,0.0,0.0,0.0,0.0,1.105393668955613,2.0749719510661206,0.3147008247903994,1.6955908108114257,0.0,0.0,0.0,0.0009510442083391818,0.0,0.0,0.04323709632689724,0.3668975913002149,1.8389163592959439,1.1794897826031372,0.6112114946300814,0.6319843777341394,0.0,2.7085504367408553,0.7352026872819403,1.864608065327737,0.0,0.4180387876560346,0.28369006910124484,0.0,0.0,0.0,0.0,0.0,0.0,0.0
0.0,0.005072680728769056,0.0,0.0,0.0,0.0,0.0,0.0,0.0,3.529004152715939,1.6074745716045353,0.0,0.0,0.0,2.675845472833262,0.0,0.5231360135144291,0.0,0.0,1.6993471637559903,0.73684748704262,0.0,0.0,0.0,0.01420028260990752,0.0,0.0,0.0,0.0,1.614382782291672,2.520993959239212,0.7122961734829243,1.6696252781654874,0.0,0.0,0.0,0.0,0.0,0.0,0.16052778036400273,0.22293042552211878,0.8523277708378446,1.058822866360008,0.5496460406319257,0.8653167401480004,0.0,2.0642663438680633,0.8804734289013407,0.2733703858522015,0.0,0.36646697339929435,0.32050604261528454,0.0,0.0,0.0,0.0,0.0,0.0,0.0
0.0,0.002099386677846995,0.0,0.0,0.0,0.0,0.0,0.0,0.0,1.7932889103808658,0.4248391283484693,0.0,0.0,0.0,3.2176707558581645,0.0,0.4376258594304613,0.0,0.009451187481967577,0.0,3.272445880298193,0.0,0.7239583333333334,0.0,0.01800652073679283,0.0,0.0,0.0,0.0,1.6482803535979969,1.6762285962926204,0.30626218938134836,2.660428870417433,0.0,0.0,0.0,0.0012354686444780026,0.0,0.0,0.023535913533177286,0.8870874685922338,0.2119874251745134,3.411076313968891,0.28096234460976494,1.2568840982279201,0.0,0.606737217087167,0.927562639564047,1.4161538893936192,0.0,0.8565139585839708,0.108565438331759,0.0,0.0,0.0,0.022535372969283776,0.0,0.0,0.0
0.0,0.0,0.02866110802127521,0.0,0.0,0.0,0.0,0.0,0.0,1.7905192680165416,0.6149363029147755,0.0,0.0,0.0,3.478916534075036,0.0,0.30813153668981164,0.0,0.0,0.0,1.6521109607717974,0.0,0.0,0.08290424291655328,0.0,0.0,0.0,0.0,0.0,2.2573855496294812,1.5174524541808412,0.21839489818460348,1.1458057589532895,0.7116555951276928,0.0,0.0,0.0020087475802304214,0.0,0.0,0.06892032381029975,0.868697832982455,0.6897046727467707,1.3841506959820895,0.48026220450365453,0.13058835648158895,0.0,0.828466740307682,0.6858748955754252,0.13209565409122873,0.0,0.26976025918910274,0.11571080295022527,0.0,0.0,0.0,0.0,0.0,0.0,0.0
0.0,0.0027071038740658624,0.0,0.0,0.0,0.0,0.0,0.0,0.0,1.69345093601964,0.6670793048802269,0.0,0.0,0.0,2.795695340159559,0.0,0.15971958977251613,0.0,0.0,0.0,1.7460610419029743,0.0,0.0,0.032941597406665864,0.0035317930609987808,0.0,0.0,0.43783146873685913,0.0,2.968796593944655,1.6111603478850476,0.42060569917399104,1.3281379836262155,0.0,0.0,0.0,0.0007981660739145658,0.0,0.0,0.05766636975305636,0.5913463231511755,0.6150236792028011,1.3816948383307257,0.506179969053927,0.07985232507237812,0.48458248326235,0.8980299385537521,0.8722038471630356,0.08376433359019166,0.0,0.35310136016852656,0.15447111166153668,0.0,0.0,0.0,0.014558823688069662,0.0,0.0,0.0
0.0,0.0,0.0,0.0,0.0,0.0,0.0,0.0,0.0,0.6995418749639674,0.39871840489692784,0.0,0.0,0.0,2.782517626015335,0.0,0.29385330057991277,0.0,0.0,0.0,1.53740917923546,0.0,0.0,0.04365311905783115,0.14266081939228675,0.0,0.0,0.0,0.0,1.5178579151609997,1.856688812319534,0.16612056562389213,2.6898947071595867,0.14962370286253612,0.0,0.0,0.0,0.0,0.0,0.03205753739863803,1.5813047108445688,2.7377531940825817,2.66570518948407,0.5050433760570381,0.10937063184406809,1.0682431694222063,2.129770420407579,2.4350757869600046,0.0774411763748875,0.0,0.26686419417998297,0.23908868701721656,0.0,0.0,0.0,0.0,0.0,0.0,0.0
0.0,0.0,0.0,0.0,0.0,0.0,0.0,0.0,0.0,1.0765839760411264,0.07581736871685173,0.0,0.0,0.0,1.5482371304045504,0.0,0.7516501114110217,0.0,0.0,0.0,0.2537219619849726,0.0,0.0,0.057592770521676384,0.0004403493577646569,0.0,0.0,0.0,0.0,3.4680631480688224,0.8222959825851589,0.25846334738579446,1.1905977859472352,0.0,0.0,0.0,0.0,0.0,0.0,0.02384025724265803,1.7650877604999065,0.019859941358761662,0.9086123491168906,1.6763885648812484,2.162731668169601,0.0,0.13074431016810603,0.14026158733078367,0.043865444888456916,0.0,0.12838857255524141,0.0,0.0,0.0,0.0,0.0,0.0,0.0,0.0
0.0,0.0,0.0,0.0,0.0,0.0,0.0,0.0,0.0,0.5511152140853077,0.06667675625777274,0.0,0.0,0.0,1.4736916671799278,0.0,0.7560817656837352,0.0,0.0,0.0,0.1734712455743902,0.0,0.0,0.03925112385872212,0.0,0.0,0.0,0.0,0.0,1.442092025807069,0.9757352461945435,0.26750474246692063,1.5679582535403773,0.0,0.0,0.0,0.0009510442083391818,0.0,0.0,0.03253096094671918,3.864656139114829,0.047524268618889726,1.615019642506193,2.1943133282363623,3.2737706829285544,0.0,0.4834718386633868,0.7069438936348017,0.16967994059459382,0.0,0.3891874230368792,0.0,7.0394736842105265,0.0,0.0,0.0,0.0,0.0,0.0
0.0,0.0,0.0,0.0,0.0,0.0,0.0,0.0,0.0,0.7386876075935873,0.43292802072385245,0.0,0.0,0.0,3.1915077029586842,0.0,6.939001166697234,0.0,0.0,0.0,1.0952196256801805,0.0,0.0,0.05832643638819456,0.0,0.0,0.0,0.0,0.0,1.881271412189275,1.166356366036827,0.4251565346981579,1.328711479777573,0.0,0.0,0.0,0.0007066169585323828,0.0,0.0,0.0026883694337465434,1.2569083661076814,1.1547953122347034,1.0196024531218102,0.4638332693668041,0.17022618994404248,0.0,0.8443987930059068,0.46883787931627385,0.14093407458258375,0.0,1.0109889733156985,0.0,0.0,0.0,0.0,0.0,0.0,0.0,0.0
0.0,0.005730120241042193,0.0,0.0,0.0,0.0,0.0,0.0,0.0,2.154323787084687,0.20279657152076158,0.0,0.0,0.0,2.8813023882497704,0.0,0.5187874527593289,1.763831872887552,0.038756668091521715,0.0,4.778403263607081,0.0,0.0,0.0,0.037429133022565744,0.0,0.0,0.0,0.0,1.4299169291363218,1.966631714801295,0.11748238078497372,1.7158807091318617,0.0,0.0,0.0,0.0016887700895742482,0.0,0.0,0.051440850095789206,1.0484131813538056,1.1341105170814885,2.3803491922323206,0.8939820553712606,0.5764604361062117,0.0,2.203646435466863,1.322105964473445,0.27508300481752745,0.0,0.752277475350068,0.24545954466913475,0.0,0.0,0.0,0.030803747224200845,0.0,0.0,0.0
0.0,0.0005775824592162786,0.0,0.0,0.0,1.5014373222381516,0.0,0.0,0.0,1.696067920930812,0.2894117091468215,0.0,0.0,3.744804943491874,2.8573516523234077,0.4335145493822748,0.5972138844667563,2.125881573111839,0.04671198417346565,0.0,1.9497681634583213,0.0,0.0,0.12619052904112535,0.023189483292551553,0.0,0.0,0.0,0.0,1.512076934007983,2.2990246881936742,0.2623511472706787,2.3499499195101725,0.0,0.0,0.0,0.0,0.0,0.0,0.0697183806484937,0.6411105126756048,1.0973727980823733,2.877935276072077,0.6864160645909053,0.7020071527841966,0.0,2.306037780514689,1.2035928503894524,0.3260415854751817,0.0,0.9826184647735292,0.3572951235263191,0.0,0.0,0.0,0.05577099497434258,0.0,0.0,1.0306682170558503
0.0,0.0008889747415763592,0.0,0.0,0.0,0.0,0.0,0.0,0.0,0.740083332879546,0.04937833996696862,0.0,0.0,0.0,3.5072919039476345,0.6701491287394117,1.0517561991913411,1.643148639479456,0.01203496535473569,0.0,1.435028719814687,0.0,0.0,0.0,0.005973679282472779,0.0,0.0,0.0,0.0,0.38656369882740144,1.2236837366166025,0.06669083701756708,1.431861684104469,0.0,0.0,0.0,0.0,0.0,0.0,0.02992713143227284,1.2277886103978037,0.20218435507889468,2.8876487429020976,3.280965117686326,0.9916872541795154,0.0,2.8141383401325926,0.9557687607160372,0.30566281974881027,2.1332446270510816,1.1995173411357931,0.2951732105844406,0.0,0.0,0.0,0.028696122414123944,0.0,0.0,0.0
0.0,0.006918935615794308,1.3240417353332816,0.0,0.0,0.0,0.0,0.0,0.0,1.1599349454619663,0.33784661846148883,0.0,0.0,0.0,3.0858936144159284,0.0,0.2861671502006752,0.0,0.0,1.4850496877557675,3.761407821094792,0.0,0.0,0.026595387661283682,0.015902066973376042,0.0,0.0,0.0,0.0,1.1499772963326655,1.6707795311550404,0.25019047088656393,3.3411094748905463,0.09115729796246949,0.0,0.0,0.0,0.0,0.0,0.014709945958235804,1.1233314011023317,3.675675408667933,1.3752986120596362,0.2380990117422378,0.06211761564558247,0.0,2.5070657830317784,3.507724814410432,0.1454839478555886,0.0,2.4031875302091916,0.07799123797521285,0.0,0.0,0.0,0.0,0.0,0.5629003764368113,0.0
0.0,0.005910928663057724,3.1641355979239663,0.0,0.0,0.0,0.0,0.0,0.0,0.33442886344023565,0.14868795230060242,0.7934587137780311,0.0,0.0,2.986435538320109,0.0,0.41807118495211276,0.0,0.0,2.2384375373295153,2.2896583189225352,0.0,0.0,0.0,0.003970455256473152,0.0,0.0,0.0,0.0,0.7377933401225767,2.1770617890848984,0.2961659648740907,1.4264826857193242,1.9237333225183217,0.0,0.0,0.0,0.0,0.0,0.019883789019408397,2.867219526219677,2.650953194789336,1.1992649348853877,0.10194722548914173,0.11246810989334122,0.0,2.1849744756167144,5.229061955861487,0.8292902352263488,0.0,3.7530816808751277,0.3861239939478315,0.0,0.0,0.0,0.01913074827608263,0.0,0.0,0.0
0.0,0.0,0.0,2.0816215180024606,0.0,0.0,0.0,0.0,0.0,1.431534362826472,0.20632418178588813,0.8405282984936769,4.097918307764468,0.0,2.005417242284075,0.2366345793571369,0.10518254437893523,1.1604157058470737,0.0169305444820858,0.0,2.4222746543242653,0.0,0.0,0.0,0.005601378803749659,0.0,0.0,0.0,0.0,0.6822696438665575,1.113676727486164,0.3189653494703306,3.166687541960481,0.0,0.0,3.883651241603333,0.0,0.0,0.0,0.05052443737057497,2.6037820475213667,1.580039168421351,2.986982686710992,1.6313037093379836,0.0,0.0,2.422737529578118,1.3182081998324602,0.13363561119901496,0.0,1.7730474984135483,0.0,0.0,0.0,0.0,0.020265623173816347,0.0,0.0,0.0
3.00757340257718,0.0015368715871320107,0.0,1.2756176662319076,0.0,0.0,6.296906694838601,0.0,0.24553377895027928,1.278985950712716,0.6935117706342679,1.0288066373562605,0.6634411429487219,0.0,2.547627276086911,0.14500967023005348,0.8960943428622783,2.840697647913636,0.015638655545701746,1.5684058829775644,1.9242338446004088,0.0,0.0,0.0,0.0021539438572651805,0.0,0.0,0.0,0.0,1.9634314170609364,1.9480407866848457,0.5723203086352888,2.32859213180445,0.0,0.0,0.0,0.0,0.0,1.798811869456195,0.1916147994890744,0.5991757983245317,1.6616362437803525,3.2164404314503563,0.7602085038586248,0.595473679025686,0.4143270302986635,2.840471892203862,0.9861344541691135,0.13578688461322544,0.0,1.1790809578638914,0.12561265937671862,5.0394736842105265,0.01959266967323117,0.0,0.024805122764751206,0.0,0.0,0.0
2.4814443739279084,0.0,0.0,0.0,2.166783208169067,0.8251377283952276,0.0,3.422323350476409,0.0,3.8212341344635203,0.7504621670540546,0.424971107718403,0.8747722642013174,0.0,2.4696190558608864,0.1196424433229684,0.206480466809445,0.0,0.004297230567340653,0.831842890710542,0.1021372754316503,0.0,0.0,0.02318384138197419,0.0021314483600613663,0.0,0.0,0.0,0.0,2.510610042256318,2.0156733010395147,0.3046347382667456,0.7977133708087296,0.0,0.0,0.0,0.0,0.0,0.0,0.11750034303697,0.5693648733157036,0.3848196752292447,1.0096324041491092,0.5708452221345073,0.3663921109560403,0.0,0.5936465495835301,0.18634738696091221,0.5778105729881634,0.0,0.044876986239431677,0.052666473725270446,0.0,0.007389653173769428,0.0,0.0,0.0,0.0,0.0
0.0,0.0024559810657109587,0.0,0.0,0.0,0.0,0.0,0.0,0.0,0.7355690339077736,0.18058083059526717,1.6474354650476069,1.0583878285683264,0.0,2.1793245939100334,0.0,0.44627450972205374,1.132565728906744,0.0,3.0416415948418707,0.4952847245137963,0.0,0.0,0.0,0.0006861126647163238,0.0,0.0,0.0,2.867215041128085,3.0299348491689826,1.3198437096327198,0.27089526562234295,0.8829863157967619,0.0,0.0,0.0,0.0,0.0,0.0,0.09925324685521357,1.5567172128327267,1.7304163601793865,1.3134073337860874,0.7647032125281404,0.7616500811797746,0.0,2.751932299979652,0.6989113381246644,1.1927201126639044,0.0,0.12162380183582581,0.305849573977482,0.0,0.026821487498936758,0.0,0.0,0.0,0.0,0.0
0.0,0.005663321574019789,0.0,0.0,0.0,0.0,0.0,0.0,0.0,2.4804655316395436,0.9540955205446835,0.0,0.0,0.0,1.6254758490747079,0.0,0.15726833100292148,0.0,0.0,0.3533220034412274,1.0445562946128937,0.0,0.0,0.1771803067641382,0.014494411235847387,0.0,0.0,0.7849762412765513,0.0,2.5691205787747293,2.1246546037911145,0.1990463127109934,0.8508309798620354,0.0,0.0,0.0,0.004293031332970326,0.0,0.0,0.0926016460046734,1.530543424626572,0.8585458994421854,1.0185028153674682,1.037192772979278,0.2176241944767494,3.1919394129834866,1.4981203438464368,0.3181682069441582,1.3004237794751372,0.0,0.05105052255509867,0.1906013237989452,0.0,0.001177022319921723,0.0,0.31338759675989597,0.0,1.2500270428458844,0.0
0.0,0.0,0.0,0.0,0.0,0.0,0.0,0.0,0.6603127736782968,2.9702778741806384,0.9936047555141004,0.0,0.0,0.0,0.7607003818218431,0.0,0.037732766348235275,0.0,0.00700339791829252,0.11265339240155077,1.33345887369099,0.0,0.0,0.0,0.0028906713906900854,0.0,0.0,0.0,0.0,3.400268005456172,3.752162147088902,0.23239399156854723,0.47333208216339295,0.0,0.0,0.0,0.0,0.0,0.0,0.024347496758459264,1.0269076185766275,0.7958570110637301,0.27511103884046323,0.36775671891765427,0.13551795984511297,2.963338977570876,0.5487932547261078,0.30868715781743883,0.9835659382063898,0.0,0.031461101691524426,0.05253469997054525,0.0,0.0,0.0,0.11672998948118214,0.0,0.0,0.0
0.0,0.0,0.0,0.0,0.0,0.0,0.0,0.0,0.0,1.1518877168601112,0.0717483112947523,0.0,0.0,0.0,1.8029421453965513,0.5906399100754136,1.386415341379224,2.8963976017942956,0.021214176218517147,0.0,0.5066333106728687,0.0,0.0,0.0,0.010539702827416904,0.0,0.0,0.0,0.0,4.518362314823715,0.9546441587796752,0.18827198357265132,1.2310787039413218,0.0,0.0,0.0,0.0,0.0,0.0,0.06337450510420625,0.6112089425128159,0.2378243840284679,0.6812255888148703,0.4803483100337219,0.5557995984796772,0.0,0.4754550732929425,0.21388193379975978,0.4955861965057579,0.0,0.07168471253139688,0.03359961819462465,0.0,0.011417847573004642,0.0,0.050582995441845593,0.0,0.0,0.0
0.0,0.0,0.0,0.0,0.0,3.603449573371564,0.0,0.0,0.0,1.8676767064809403,1.151690917860584,0.0,0.0,0.0,2.6929668824513042,0.0,0.2315400868296798,0.0,0.0,0.0,0.44826915328335415,0.0,0.0,0.8109942488491857,0.0015521893070631586,0.0,0.0,0.0,0.0,2.563602369492304,1.8052432267559113,0.6413061531042816,0.6607268935517494,1.7373952320626256,0.0,0.0,0.0049152097870239966,0.0,0.0,0.08410369331661671,1.5866301136397605,0.49096566851701584,1.2712545532029773,0.3864416189422694,0.1457000951347448,0.0,0.24678445195421997,0.4803468195062082,0.8382499856716507,0.0,0.1268476473994456,0.0,0.0,0.0,0.0,0.0,0.0,0.0,0.0
0.0,0.0,0.0,0.0,0.0,0.0,0.0,0.0,0.0,2.120935421259646,0.39619165149772095,0.0,0.0,0.0,2.344478865338004,0.0,0.05904694606204703,3.9175634229397205,0.0,0.0,0.7530597529841518,0.0,0.0,0.0,0.2568760825703508,0.0,0.0,0.4115030730667139,0.0,1.7254476929284166,1.4108911774168138,0.2035670102515565,0.6022302861132988,0.0,0.0,0.0,0.0007501694503161397,0.0,0.0,0.13704259078240558,2.237575625520102,0.2089227760766598,1.0491093995299872,1.784623216175908,0.1474498407136427,0.0,1.0696800477196566,0.571443899865437,0.460969827337399,0.0,0.21222145815885538,0.0,0.0,0.0,0.0,0.0,0.0,0.0,0.0
0.0,0.0,0.0,0.0,0.0,0.0,0.0,0.0,0.0,0.9314939709242116,0.09926531211169964,0.0,0.0,0.0,1.7878406773626603,0.0,0.23280726297328383,1.6060153368923498,0.0,0.0,0.7708932455198368,0.0,0.0,0.06346209745382175,9.93963543950517,0.0,0.0,0.0,0.0,0.8738478556525889,0.6294151033769967,0.11721565963008049,0.5804374323617191,0.0,2.9699570815450644,0.0,0.0,0.0,0.0,2.604100042188098,2.205849821633854,0.1370970456673365,0.3833337211636219,3.482796480164196,0.09113505362632617,0.0,0.5209882710362126,0.36873380228666164,0.5767372695494032,0.0,0.13978704728924862,0.0,0.0,0.0,0.0,0.0,0.0,0.0,0.0
0.0,0.0016624329913094626,0.0,0.0,0.0,0.0,0.0,0.0,0.0,0.5052961699321982,0.40431335885231456,0.0,0.0,0.0,4.296415749489317,0.0,0.2032744419215288,0.0,0.0,0.0,0.5366260026647024,0.0,0.0,0.0,0.06510759278213836,0.0,0.0,0.0,0.0,0.7382838476143478,2.1594324606986106,0.8236560228987954,2.7078906208745934,0.0,0.0,0.0,0.0,0.0,0.0,0.011193085315347243,0.11842789364966634,0.9811318633563307,1.3063696521582986,0.16461999660396354,0.051770720885244606,0.0,5.219015734201872,2.0188050578018744,2.4966904600236406,0.0,1.893261517660029,0.002224018268525259,0.0,0.0,0.0,0.0,0.0,0.0,0.0
0.0,0.0005725600030491804,0.0,0.0,0.0,0.0,0.0,0.0,0.0,0.4326966468547581,0.20148397235234242,0.0,0.0,0.0,2.985377473680792,0.0,2.6485366293284356,0.0,0.0,0.0,0.8295005868984743,0.0,0.0,0.04181895439153572,0.0012766194663164383,0.0,0.0,0.0,0.0,1.9105266804484808,1.4259241865316667,0.4180590395594738,2.132021381994376,1.8584772705976023,0.0,0.0,0.007075057848953166,0.0,0.0,0.0038550203200893828,0.8214377158361903,0.6853900528988608,1.3274093878580422,0.8999405580519212,2.7238694735001525,0.0,2.9959362535648824,0.6318329155531247,1.1673341530688826,0.0,0.7231966112396238,0.09173335811084049,0.0,0.0,0.0,0.0,0.0,0.0,0.0
0.0,0.00047813782710773674,0.0,0.0,0.0,0.0,0.0,0.0,0.0,0.33157198824553913,0.12183709556162779,0.0,0.0,0.0,3.125330569154116,0.0,2.17871203182279,0.0,0.0,0.0,0.6176873323723614,0.0,0.0,0.0,0.0,0.0,0.0,0.0,0.0,0.8804609477291458,1.3489321014700955,0.33282882192805746,3.211182933014069,2.872775094960694,0.0,0.0,0.0008461626975129917,0.0,0.0,0.003219280126951836,1.5796051142078058,1.993417820026246,2.458423472790603,0.7818726552235701,1.8822451452396778,0.0,2.4099005571811407,1.8328184774327292,0.6308690951564352,0.0,1.5731643700482636,0.20737961881385344,0.0,0.0,0.0,0.0,0.0,0.0,0.0
0.0,0.000878929829242163,0.0,0.0,0.0,0.0,0.0,0.0,0.0,2.012483204899145,0.5734417617031244,0.0,0.0,0.0,3.8388508868318594,0.0,0.3329972718356152,0.0,0.0,0.0,0.6387632780963528,0.0,0.0,0.0,0.00640390566649572,0.0,0.0,0.0,0.0,1.4095959044772326,2.084748214989426,0.4448215689996074,1.135324622394,0.33068095674661346,0.0,0.0,0.0015554461351341758,0.0,0.0,0.01481139386139605,1.1774805499496102,0.600252451252898,1.0515286025895396,0.3054679784669329,0.6609820445783984,0.0,0.5177917126923013,0.5721286423023668,1.5900757118396607,0.0,0.21155481677939764,0.0824473422931649,0.0,0.018571365213025798,0.0,0.0,0.0,0.0,1.568408156389337
0.0,0.0008538175484066727,0.0,0.0,0.0,0.0,0.0,0.0,0.0,2.313850825628236,0.745556327662088,0.0,0.0,0.0,2.523099413993648,0.0,0.45991569553025013,0.0,0.0,0.0,0.06882106892180247,0.0,0.0,0.03114411603369634,0.0,0.0,0.0,0.0,0.0,3.4200634863740773,1.3993359539927104,0.42491543082932787,1.0811984511434796,0.0,0.0,0.0,0.0,0.0,0.0,0.04882687579102684,0.3269117477592971,0.24251336059847584,0.688025015595885,0.7253357641813477,0.11195076515532432,0.0,0.29347957328599117,0.1252657279620225,0.8085708123215882,0.0,0.1392296913818331,0.06395598846682914,0.0,0.0,0.0,0.0,0.0,0.0,0.0
0.0,0.0,0.0,0.0,0.0,0.0,0.0,0.0,0.0,1.092155036262602,0.40961297799480695,0.0,0.0,0.0,3.4488097857017364,0.15750397602011032,0.24893432985008043,0.0,0.0,0.0,0.20265332426914745,0.0,0.0,0.030520500047155896,0.0023395317091966447,0.0,0.0,0.0,0.0,1.0157008704603236,2.2519063014157767,0.4877983336185606,0.6931590896974759,0.0,0.0,0.0,0.0007395035339609339,0.0,0.0,0.18010046248038636,2.30374658791142,0.22176511515337977,0.838822006307985,1.3025355744348255,0.0,0.0,0.00253187716446309,0.0,1.4252069705727264,0.0,0.140967330387305,0.0,0.0,0.11741711478424098,0.0,0.013488798784492158,0.0,0.0,0.0
0.0,0.0017076350968133454,0.0,0.0,0.0,0.0,0.0,0.0,0.0,0.6274439406611686,0.10601699408425574,0.0,0.0,0.0,1.360093999995051,0.0,0.37678063115806465,0.0,0.0,0.0,2.7567337006980663,0.0,0.0,0.12472319730808899,0.024863148284515305,0.0,0.0,0.0,0.0,0.4956665794970616,1.3860177977299781,0.20498349548093295,1.1419494917286452,0.0,0.0,0.0,0.0,2.4159597631836225,0.0,0.0,3.009872337265343,0.1726228640915239,0.9099685690139125,5.895817854771629,0.0,0.0,0.01035329730277943,0.0,1.285444196699398,0.0,0.4831510718988102,0.0,0.0,0.0,0.0,0.0,0.0,0.0,0.0
0.0,0.0010898729882602822,0.0,0.0,0.0,0.0,0.0,0.0,0.0,0.8498658499032268,0.19925255376602985,0.0,0.0,0.0,1.9742524292714585,0.0,0.16818820410927965,0.0,0.0,0.0,2.1094589829824097,0.0,0.0,0.0796027465172215,0.004470980069258011,0.0,0.0,0.0,0.0,1.931198067601692,1.6547528689856874,0.8300452754227912,1.9252859072947266,0.0,0.0,0.0,0.0006426214604011481,0.0,0.0,0.029318444013311365,1.1683027281110883,0.20180999835679658,0.8545101716032641,2.8034238479328,0.3072797080561355,0.0,2.1555458432441976,1.8257076905876897,0.14842386597045326,0.0,0.3847285757775552,0.0,0.0,0.0,0.0,0.0,0.0,0.0,0.0
0.0,0.0,0.0,0.0,0.0,0.0,0.0,0.0,0.0,0.40039869140937245,0.10596777161544003,0.0,0.0,0.0,2.768762785704211,0.0,0.09902669961574409,0.0,0.0,0.0,0.5609444015770001,0.0,0.0,0.0,0.0,0.0,0.0,0.0,0.0,1.768892642199572,1.321943202376905,0.12686734887918272,3.0407161459554333,0.0,0.0,0.0,0.0,0.0,0.0,0.007811488543339013,1.982976049332961,0.49028675039388886,1.1329384510026592,0.8033818166343942,0.19761580435421072,0.0,0.9918463889964827,0.48598277648709143,0.11301885210144022,0.0,0.1600704309002912,0.07133531873144015,0.0,0.0,0.0,0.0,0.0,0.0,0.0
0.0,0.0014263775514558531,0.0,0.0,0.0,0.0,0.0,0.0,0.0,0.29534855543339494,0.12240971694885065,0.0,0.0,0.0,3.032124693199717,0.0,0.14612687518292758,0.0,0.0,0.0,1.094327951053396,0.0,0.0,0.02608182155472096,0.0,0.5486167792422225,0.0,0.0,0.0,0.7262926912530148,1.1516118368410224,0.24732736244420733,2.3432261715287415,0.0,0.0,0.0,0.04420755681323915,0.0,0.0,0.002404315304897852,3.487345685753378,1.4606891693931379,1.8895442078776736,0.494710712448956,0.23179350895746687,0.0,1.6161900464858279,1.555023738019851,0.18236358731872424,0.0,0.45814655589554226,0.16624200399688743,0.0,0.0,0.0,0.0,0.0,0.0,0.0
0.0,0.0,0.0,0.0,0.0,0.0,0.0,0.0,0.0,2.376876545572304,0.3215867962626964,0.0,0.0,0.0,1.5316928469534081,0.0,0.1416605986112085,0.0,0.0,0.0,0.19860025778376447,0.0,0.0,0.0,0.021356662657870812,0.0,0.0,2.9887604714442606,0.0,1.5060331809843746,1.1394956802409915,0.27320082136803014,0.7456636511407101,0.0,0.0,0.0,0.002177624589187846,0.0,0.0,0.037282104411390744,3.0617666879078493,0.11658991133138832,0.8553898818067378,2.831666461794891,0.2704559663533408,0.0,0.11498984404454311,0.07097618721252433,0.2000777605949564,0.0,0.14325139675298812,0.0,0.0,0.0,0.0,0.0,0.0,0.0,0.0
0.0,0.0,0.0,0.0,0.0,0.0,0.0,0.0,0.0,2.8553486201649854,0.5103057417021625,0.0,0.0,0.0,1.5735344940536804,0.0,0.11252939622791813,0.0,0.0,0.0,0.08754623608427169,0.0,0.0,0.03961795679198121,0.007262671272251315,0.0,0.0,0.0,0.0,3.0210881961923963,1.5447138065309105,0.1897336757774334,0.2811515442706061,0.0,0.0,0.0,0.0038219533606154038,0.0,0.0,0.018192990633404283,1.614163579155326,0.0068526315231509875,0.4654766614129695,1.6405686643732305,0.1631283519460273,0.0,0.10375115081952156,0.01701321593294646,0.3264382410938539,0.0,0.01646604207260659,0.0,0.0,0.0,0.0,0.0,0.0,0.0,0.0
0.0,0.0010999179005944783,0.0,0.0,0.0,0.0,0.0,0.0,0.0,2.0616607130215923,2.8944452412603203,0.0,0.0,3.5819873372530973,3.7999910582605723,0.20823842983428045,0.38292262700165364,1.0211658211454246,0.04467215953706977,0.0,0.5325729361793194,0.0,0.0,0.040351622658499384,0.0043135115888313135,0.0,0.0,0.0,0.0,2.17837880720492,1.94868185317162,0.4009858718479472,0.41447951159651353,0.0,0.0,0.0,0.0009777089992271963,0.0,1.2932634355567416,0.06665465397305423,0.2261936510647043,0.5975367787603899,1.0937730196521782,0.5910111372762809,1.3062460356514427,0.0,0.8589608921281694,0.5969900600124309,0.633669017170592,0.0,0.3255067784778571,0.1855266896118749,0.0,0.2513783383261395,0.0,0.01783374839295838,0.0,0.0,0.0
0.0,0.0,0.0,0.0,0.0,0.0,0.0,0.0,0.0,1.6746086446591988,0.20307549884405068,0.0,0.0,0.0,2.0610137296954707,0.0,0.5684704518323282,0.0,0.0,0.0,0.23507785615221102,0.0,0.0,0.03547274464615355,0.00652594373882641,0.0,0.0,0.0,0.0,1.7337688021638193,1.1964063576043638,0.24916577944403634,2.3105962180894433,0.0,0.0,0.0,0.0,0.0,0.0,0.27794358348167253,2.336378843337275,0.5337882705075214,1.3557433873282545,0.9207092119041662,0.30907888147624524,0.0,1.3605161179942544,1.2325890589686692,0.5730973709309993,0.0,0.6351125207735661,0.007798854871491233,0.0,0.0,0.0,0.04701624576325392,0.0,0.0,0.0
0.0,0.0,0.0,0.0,0.0,0.0,0.0,0.0,0.0,1.6826340650534608,0.18643830438433773,0.0,0.0,0.0,2.0909281026798032,0.0,0.7947202513739563,3.518380420128327,0.07726175781122127,0.0,0.614444879184055,0.0,0.0,0.13902968170519334,0.004262896720122733,0.0,0.0,0.0,0.0,1.18378727701546,2.8658877291236866,0.6164423166311847,2.431425924461632,0.0,0.0,0.0,0.0,0.0,0.0,0.21774777934315398,1.7544369549095233,0.048095321245818966,2.4712525799245926,1.0795394726664012,1.5726291478889307,0.0,0.07495168231152056,0.7281972454271977,3.729542788223793,0.0,0.29390141996323693,0.0,0.0,0.0,0.0,0.0,0.0,2.9426102437179518,3.396723950123193
0.0,0.0,0.0,0.0,0.0,0.0,0.0,0.0,0.0,3.2058065161861515,0.10883744154739644,0.0,0.0,0.0,0.7450217876210514,0.0,1.050302062633107,0.0,0.0,0.0,0.0,0.0,0.0,0.04071845559175847,0.0,0.0,0.0,0.0,0.0,4.270218078361651,0.7999868688454197,0.03831743235381286,0.24705818685887898,0.0,0.0,0.0,0.04028872137906396,0.0,0.0,0.35516910896402454,1.8615115430256106,0.0,0.2613838942070939,0.7023455876533652,0.0,0.0,0.012340744768350956,0.0029233234807384788,0.5933034747998311,0.0,0.0,0.0,0.0,0.0,0.0,0.0,0.0,0.0,0.0
0.0,0.0,0.0,0.0,0.0,0.0,0.0,0.0,0.0,1.862726243357306,1.0997612132600008,0.0,0.0,0.0,2.480488265337509,0.0,0.18171859856065814,3.1006307660233805,0.056843113200898514,0.0,0.0,0.0,0.0,0.3066723322045953,0.00093918700825923,0.0,0.0,0.0,0.0,1.4010120233712384,3.2170318972542087,1.1662043445390635,0.5672272451511426,0.0,0.0,5.188558058782053,0.005946248368027221,0.0,0.0,0.04521871203529406,1.103026886615133,0.14848002803079283,0.6096208437113003,0.896668547909362,1.2943833537606095,0.0,0.02289902771731137,0.06603287354284314,0.7488391426862426,0.0,0.1114274672942834,0.0,0.0,6.501037875716723,0.0,1.0839838648196278,0.0,0.0,1.496709497811539
0.0,0.003957695459673283,0.0,0.0,0.0,0.0,0.0,0.0,0.0,1.62935661390351,3.0711539043087503,0.0,0.0,0.0,4.341431590507541,0.7458721941336955,0.36563917533807083,3.657630304829976,0.026789696891332555,0.0,0.3193816390481764,0.0,0.0,0.1445321757040796,0.004431612949151337,0.0,0.0,1.9209977581550388,0.0,1.904570518048403,1.8970760009863035,0.22564308324130633,0.6117424119340881,0.0,0.0,0.0,0.0,0.0,0.0,0.5996585555802195,0.2415580046610445,1.0501023306310078,1.3216362896477467,0.4438051230731383,1.0128094183240268,0.0,0.739774931019476,0.3113471188224351,0.4045560652888293,0.0,0.3660516886055338,0.13776273741444187,0.0,0.0,0.0,0.0,0.0,0.0,0.0
0.0,0.0006679866702240439,0.0,0.0,0.0,0.0,0.0,0.0,0.0,2.5216830439905085,1.0411372529004796,0.0,0.0,0.0,1.0250722601094242,0.0,0.127770132250172,0.0,0.0,0.0,3.9815703925807937,0.0,0.0,0.0,0.018664514030004388,0.0,0.0,0.0,0.0,3.729170796813409,2.4963128994984087,0.5321162385078809,1.5386506226330807,0.0,0.0,0.0,0.0,0.0,0.0,0.07182511543745483,0.7588472370263207,0.0,0.5060532945481894,0.5077470897011529,0.008765203841560095,0.0,0.18118904517630652,0.31116276508941554,0.16726267458903843,0.0,0.08269413098493367,0.0,0.0,0.0,0.0,0.9900162232872761,0.0,0.0,0.0
0.0,0.0,0.0,0.0,0.0,0.0,0.0,0.0,0.0,0.5127109605138532,0.07553680064460212,0.0,0.0,0.0,2.9147757059299884,0.0,0.1367234587730136,0.0,0.13912283961765365,0.0,0.5803991207068383,0.0,0.0,0.0,0.031069093575617462,0.0,0.0,0.0,0.0,0.36641785541537364,1.3582596188526588,1.0514087649923645,4.837934429933254,0.0,0.0,0.0,0.0009066028901924912,0.0,0.0,0.03805649007218063,1.183712404284409,0.20772356556010838,1.47186513418677,2.166242925434406,0.1854137179537231,0.0,1.847458505716745,2.524619028712354,0.06683880501461366,0.0,0.6909573969871585,0.0,0.0,0.014958418439700857,0.0,0.03323562200505881,0.0,0.0,0.0
0.0,0.0031340126482691986,0.0,0.0,0.0,0.0,0.0,0.0,0.0,1.7356716259198877,0.5307330662606857,0.0,0.0,0.0,2.389302330967261,0.0,0.1613260644463748,0.0,0.0,0.0,1.2646378047691875,0.0,0.0,0.07630125011788974,0.0,0.0,0.0,0.0,0.0,2.7653235754831735,1.390056516596655,0.6237959846305007,0.5658429440961421,0.0,0.0,0.0,0.004621897087255837,0.0,0.0,0.0035168606428885602,1.6106510794393485,1.1153292306847042,0.41936518491422825,0.8979084675423318,0.3358786569812859,0.0,0.7942179009086323,0.3944379799191009,3.9217574344956585,0.0,0.6297138184546787,0.0,0.0,0.019009276001617795,0.0,0.0337219969612304,0.0,0.0,0.0
0.0,0.0,0.0,0.0,0.0,0.0,0.0,0.0,0.0,3.327060150403805,0.2016316397587896,0.0,0.0,0.0,0.35376872154043837,0.0,0.6927922031015451,0.0,0.0,0.0,0.0,0.0,0.0,0.0,0.0,0.0,0.0,0.0,0.0,5.211904871938655,0.653407016644518,0.0868531480484785,0.13935758720690258,0.0,0.0,0.0,0.001928753207566378,0.0,0.0,0.05148481085382531,1.3916297261817854,0.0,0.13154233363357143,0.5075232153229777,0.0,0.0,0.023726581155235075,0.005714965723605855,0.6647948168946354,0.0,0.09745422683896066,0.0,0.0,0.0,0.0,0.017671623407567852,0.0,0.0,0.0
0.0,0.0,0.0,0.0,0.0,0.0,0.0,0.0,0.0,1.8917747758713193,1.1350209084216607,1.5398478428404163,0.3966789079249538,0.0,2.7911745185188397,0.4335145493822748,0.479013355661725,0.0,0.015570661391155215,0.0,0.9283954091418183,0.0,0.0,0.4201337584616304,0.006441023236882013,0.0,0.0,0.0,0.0,1.8530672314124361,1.8275202871713119,0.3141131341101262,0.46294982425088904,0.0,0.0,0.0,0.0,0.0,0.0,0.12393552169410167,1.9554425838173957,1.6132871213670092,1.7338171745669404,0.26942420358073993,2.6267272895718854,0.0,1.4435251568932848,1.4961095521963197,2.479937593305602,0.0,0.9412539136055357,0.2833673578651832,0.0,0.001674149759391768,0.0,0.03712662165443154,0.0,0.0,0.0
0.0,0.00034554498429634754,0.0,0.0,0.0,0.0,0.0,3.7482589076646384,0.0,3.6618161369579374,0.4615262751057851,3.6983245133721785,0.8331989288729378,0.0,1.7350336330912823,0.0,0.03571774854611084,0.0,0.0,0.0,1.5052278313415195,0.0,0.0,0.02523810580822507,0.0046396962982866155,0.0,0.0,0.0,0.0,1.703462446422247,1.1349761615092342,0.20313000948930207,2.0501498624557737,0.0,0.0,0.0,0.0006115125376984646,0.16292690816215766,0.0,0.04418732501983155,1.9361804886007448,0.5629373345976656,2.058338603169171,0.9874237766003494,0.0,0.0,1.4286586236430308,0.9328298890788912,0.11553878191418136,0.0,0.5712351623648679,0.0,0.0,0.0,0.0,0.022373247983893244,0.0,0.0,0.0
0.0,0.0,0.0,0.0,0.0,0.0,0.0,0.0,0.0,2.639447364993265,0.2534464919321363,0.0,0.0,0.0,1.505337418664961,0.0,0.14870277422894235,1.7452652215939986,0.07684699346848745,0.0,0.9161551483559617,0.0,0.0,0.06896459145270803,0.015890819224774134,0.0,0.0,0.0,0.0,1.19009380190966,1.0104650231155312,0.33495354977212216,0.9424914854324271,0.0,0.0,0.0,0.0,0.0,0.0,0.08281192334970956,2.6219110783135084,0.2510030096521573,0.4004697428354515,3.934333879837382,0.0,0.0,0.1749075543354141,0.41671844536689145,0.5186388877556491,0.0,0.055583683935411424,0.0,0.0,0.004130544166184929,0.0,0.0611211194922301,0.0,0.0,0.0
0.0,0.0010396484265893014,0.0,0.0,0.0,0.0,0.0,0.0,0.0,0.8418622377165579,0.08481195451844407,0.0,0.0,0.0,2.1420037684504805,0.0,0.23146391777186756,0.0,0.0,0.0,1.1173493686903713,0.0,0.0,0.07593441718463065,0.005813961252325701,0.0,0.0,0.33593082623574155,0.0,1.6264702883388886,1.5480633789243052,0.8599270861659133,1.9658063767475276,0.0,0.0,0.0,0.0006124013640613984,0.0,0.0,0.02096589998645103,1.2720914293961003,0.2186497058220213,1.014287537309157,2.975118274887097,0.2112084606874571,0.0,2.3863576512831273,1.4339296716735852,0.1222165959179454,0.0,0.3058026078686385,0.0,0.0,0.0005037070673453834,0.0,0.01117041149340757,0.0,0.0,0.0
0.0,0.0,0.0,0.0,0.0,0.0,0.0,0.0,0.0,1.2527724851858062,0.12631305872593715,0.0,0.0,0.0,3.4444813394499842,0.0,0.1883868533491318,0.0,0.0,0.0,1.0576882300255344,0.0,0.0,0.04768828132368109,0.0014678311925488566,0.0,0.0,0.0,0.0,2.323866832889173,1.3417201034938866,0.2978838299395047,1.304782847255421,0.0,0.0,0.0,0.0,0.0,0.0,0.0043960758036107,0.6362496662944618,1.125988879720717,1.0557988625355677,1.185104852528973,0.004283746238356438,0.0,0.8851929661567749,1.0807605917032879,0.28922727752570965,0.0,0.9710997760202755,0.059653171986006386,0.0,0.0,0.0,0.010570549047462605,0.0,0.0,0.0
0.0,0.0,0.0,3.7136127881163894,0.0,0.0,0.0,0.0,0.0,1.6370767193914684,0.18993309967025374,0.0,0.0,0.0,0.583618836277933,0.0,1.742678798146585,0.0,0.007547351154664755,0.0,0.0,0.0,0.0,0.0,0.006259934484391311,0.0,0.0,0.0,0.0,2.9709863595329185,0.39834268821926644,0.11573437773595598,0.6900740759177605,0.0,0.0,0.0,0.0,0.0,0.0,0.30864848217150725,4.191431919143185,0.007042982398794071,0.1937928269068722,1.0322330944473987,0.0,0.0,0.23381555810177979,0.0029233234807384788,0.7375927892627128,0.0,0.002437066026542291,0.0,0.0,0.0,0.0,0.017995873378348914,0.0,0.0,0.0
0.0,0.0015921186049700897,0.0,0.0,0.0,0.0,0.0,0.0,0.0,1.4830235409537882,0.08063460766495008,0.0,0.0,0.0,3.3708015654757117,0.0,0.2623608574044422,0.0,0.0,0.0,1.9276384204481305,0.0,0.0,0.029089851607445465,0.0008941960138516023,0.0,0.0,0.0,0.0,0.6515954075061569,1.3065736333564957,0.35116778495094175,2.0390754540157694,0.0,0.0,0.0,0.002115406743782479,0.0,0.0,0.06701310323088712,2.019574030244597,3.7721198523270947,2.253157758646762,0.8364980034982973,0.26903244452644076,0.0,2.2776239285688105,1.442515288382781,0.6140228977045916,0.0,1.8555580298054513,0.0,0.0,0.06374416592604647,0.0,0.0,0.0,0.0,0.0
0.0,0.02146597765817717,0.0,0.0,0.0,0.0,0.0,0.0,0.0,0.4613744398396887,0.22790003061677822,0.0,0.0,0.0,3.897236817383273,0.0,0.18496617020738101,0.0,0.0,0.0,0.8661403079263361,0.0,0.0,0.0,0.048072315137120195,0.0,0.0,0.0,0.0,1.1520794712973992,2.7998578809859525,0.7406560160540568,1.6882935666786372,0.0,0.0,0.0,0.0,0.0,0.0,0.0,1.0702360021698463,1.5592909229762548,1.8015915148262192,0.43793272592254506,0.176045494449379,0.0,1.4041516763397106,1.1256112213221854,0.0,0.0,0.7356551550524408,0.08620423893298328,0.0,0.0,0.0,0.0,0.0,0.0,0.0
0.0,0.004811513008079956,0.0,0.0,0.0,0.0,0.0,0.0,0.0,3.951429133794346,0.32230872580532693,0.0,0.0,0.0,1.1984986732629659,0.0,0.08708893091862202,0.0,0.0,0.0,0.3882837692996865,0.0,0.0,0.0,0.0,0.0,0.0,0.0,0.0,2.104452320945131,1.5580159361314734,0.1353722878521621,0.8875742850076207,0.0,0.0,0.0,0.0,0.0,0.0,0.020255764664329302,1.7719994534894106,0.6384368369069005,0.5707669763912162,2.274391471198998,0.7933498033436124,0.21617062450365054,0.3215027347676137,0.17034811655957321,2.269383457841009,0.0,0.07330541608178352,0.006454224721234124,0.0,0.0,0.0,0.0,0.0,0.0,0.0
0.0,0.0,0.0,0.0,0.0,0.0,0.0,0.0,0.0,3.1205364244971188,1.0174284304209085,0.0,0.0,0.0,3.1868906936234818,0.0,0.16859674723754542,0.0,0.0,0.0,0.11916015467025869,0.0,0.0,0.026998903887868676,0.003723004787231199,0.0,0.0,0.0,0.0,2.965117787756371,1.4680903346992342,0.6938969344928324,0.8262497482710975,0.0,0.0,0.0,0.0006541762031192877,0.0,0.0,0.014912841764556298,0.21636998250421244,0.2567008458630736,0.5904871467857495,0.12426922310380169,0.4193458048409541,0.0,0.24857046550510375,0.13560797238441893,0.6693680228510914,0.0,0.13505498634981897,0.039564397541165176,0.0,0.062380720816323475,0.0,0.0,0.0,0.0,0.0
0.0,0.003279663877115043,0.0,0.0,0.0,0.0,0.0,0.0,0.0,2.459965816502027,0.6637649919799684,0.0,0.0,0.0,2.1201691618027523,0.0,0.22760699366264656,0.0,0.0,0.0,0.26425993484696825,0.0,0.0,0.02993356735394136,0.0055057729406334495,0.0,0.0,0.0,0.0,2.032715600273606,2.2198529770770707,1.2573416069568155,0.3758179607032847,0.0,0.0,0.0,0.002177624589187846,0.0,0.0,0.008284912091420165,2.379661904353514,0.4191906983411974,0.4215461331270065,0.6964043060787181,0.0,0.0,0.00041403041406851333,0.0,3.2809019508220643,0.0,0.08824474010995981,0.0,0.0,0.0,0.0,0.0,0.0,0.0,0.0
0.0,0.0,0.0,0.0,0.0,0.0,0.0,0.0,0.0,2.7971207058914005,0.4732904451527419,0.0,0.0,0.0,1.845649481747174,0.0,0.20247120458459947,0.0,0.006697424222833139,0.0,0.0798454097620441,0.0,0.0,0.0,0.0005539516186439171,0.0,0.0,0.0,0.0,2.5177048827622928,1.4072691517665399,0.1409372665245953,0.6615574741847496,0.0,0.0,0.0,0.0,0.0,0.0,0.013323491281712431,1.6176760788713036,0.012499707500562451,0.5160416708167959,1.9893821666760676,0.22708797847410303,0.0,0.10390336788351734,0.005188240772121444,0.1607995212730264,0.0,0.01291098566707203,0.0,0.0,0.0,0.0,0.0,0.0,0.0,0.0
0.0,0.007990727761853037,0.0,0.0,0.0,0.0,0.0,0.0,0.0,3.032649347896913,0.41530637688782507,0.0,0.0,0.0,2.5832167230457634,0.2744961120542788,0.1352070020765694,0.0,0.0,1.11095264311841,2.1104317189389015,0.0,0.0,0.053190775322567364,0.005694172729715391,0.0,0.0,2.822989091298902,0.0,1.7931552449175363,2.221135110050619,0.4794953191357264,3.226805759206218,0.0,0.0,0.0,0.002568708188878725,0.0,0.0,0.9097509795733744,0.10832775736959435,2.1658757133588793,2.637664426748349,0.14571294431177467,3.607902889520357,0.5206109206796251,0.8212110602572168,0.5447126085776032,0.1484891974841169,0.0,0.7618945968897863,0.6068046942080282,0.0,0.0,0.0,0.0,0.0,0.0,0.0
0.0,0.010338726019971387,0.0,0.0,0.0,0.0,0.0,0.0,0.0,2.3339143766138912,0.47023865208616733,0.0,0.0,0.0,2.248194983160136,0.14993166948068193,0.10909486416656515,0.0,0.0,0.6660448946857921,2.1178893612720064,0.0,0.0,0.0,0.0022270542231775754,0.0,0.0,0.38614980316212966,0.0,2.0594307404504253,1.5760459310719954,0.4223386332312069,2.023452627823621,0.0,0.0,0.0,0.0007039504794435814,0.0,0.0,0.061578877218269885,1.087062008873803,1.7481824419060743,2.0909611898813174,1.0634721807558336,1.0800642342662228,0.0,1.5208514254031396,0.5046025035220654,0.20319967364074126,0.0,0.6895913285866303,0.415168005193385,0.0,0.0005790072530298167,0.0,0.0,0.0,0.0,0.709816719920203
0.0,0.0019035108873301702,0.0,0.0,0.0,0.0,0.0,0.0,0.0,2.288553304820237,0.5709642307727333,0.0,0.0,0.0,3.123310627569965,0.0,0.12862184080570915,0.0,0.0,0.0,0.8603849535170923,0.0,0.0,0.05575860585538096,0.0,0.0,0.0,0.0,0.0,1.327348308982041,1.5469094592481119,0.4284265059191652,0.6006284520353695,0.28541664327559413,0.0,0.0,0.0006737303831038316,0.0,0.0,0.005140027093452511,2.177976436790936,0.8610839111174264,0.9823797151373332,1.0074174806819882,0.3272716222316036,0.0,0.7439862697900259,0.33144167572156535,1.6911528965507219,0.0,0.5791583590879315,0.0,0.0,0.018844785304734324,0.0,0.0,0.0,0.0,0.0
0.0,0.0,0.0,0.0,0.0,0.0,0.0,0.0,0.0,0.9286589039371083,0.38352506952247595,0.0,0.0,0.0,4.653175908328189,0.0,0.052780309942038056,0.0,0.0,0.0,0.0,0.0,0.0,0.0,0.0,0.0,0.0,0.0,0.0,3.2581084234660804,0.8363994452941894,0.321617492027461,0.3356336786495553,0.0,0.0,0.0,0.0,0.0,0.0,0.017178511601801814,0.11112416036928222,0.19345359491606523,0.4097800091555471,0.14176586681348732,0.0,0.0,0.2243172133084433,0.2542764703290992,0.16599337660928734,0.0,0.09996123556760998,0.0,0.0,0.0,0.0,0.0,0.0,0.0,0.0
0.0,0.000878929829242163,0.0,0.0,0.0,0.0,0.0,0.0,0.0,2.160081153889266,1.0730005977138548,0.0,0.0,0.0,1.7688917015494336,0.0,0.15619503973374863,0.0,0.0,0.0,3.401819762511616,0.0,0.0,0.4169423119422764,0.026551435349661538,0.0,0.0,0.0,0.0,2.5713103443629928,2.967176234033997,0.5217186341645857,1.8826889862594247,0.10989169437130804,0.0,0.0,0.0007768342412041541,0.0,1.0275565842514474,0.044346260068115935,0.9140544018955448,0.0,0.7034382714525788,0.6471175006681665,0.005766581474710589,0.0,0.2013983973728125,0.4121622745365513,0.1387174696547096,0.0,0.19395985578059452,0.0,0.0,0.0,0.0,0.0,0.0,0.0,0.0
0.0,0.0025966098383897046,0.0,0.0,0.0,0.0,0.0,0.0,0.0,0.9689604715691627,0.9084991069317225,0.0,0.0,0.0,3.5504801787706737,0.0,0.12732696682290065,0.0,0.0,0.0,0.08349316959888874,0.0,0.0,0.0,0.0,0.0,0.0,0.0,0.0,1.4865880625605914,1.8634200104306624,0.5775341797987382,2.8368283762832136,0.0,0.0,0.0,0.0009154911538218292,0.0,0.0,0.05938760251000855,0.5092897975282437,1.7238809801156405,1.978431593020319,0.3070523202201721,0.6059194294684476,0.0,2.991877131858328,0.7998845113242259,0.549578026012082,0.0,0.46400425719700716,0.0,0.0,0.0,0.0,0.0,0.0,0.0,0.0
0.0,0.0,0.0,0.0,0.0,0.0,0.0,0.0,0.0,2.8130406974343654,0.5067945389266412,0.0,0.0,0.0,1.3012271309712202,0.0,0.03863017633845976,1.262532287961616,0.009247205018327988,0.0,0.11024340840241621,0.0,0.0,0.0,0.014539402230255013,0.0,0.16913319238900634,0.0,0.0,2.5331208325036707,1.4174781355684176,0.2583578644431813,0.574761798036217,0.0,0.0,0.0,0.0,0.0,0.0,0.018395886439724778,1.5051627815175734,0.017258479391639527,0.43890208234970446,3.1650670742156723,0.0,0.0,0.06420515759341873,0.057336644593835515,1.1365816762800602,0.0,0.03122832363607442,0.0,0.0,0.0,8.000000000000002,0.0,0.0,0.0,0.0
0.0,0.0,0.0,0.0,0.0,0.0,0.0,0.0,0.0,0.38685579449405544,0.12451151636728185,0.0,0.0,0.0,3.225461959111319,0.0,0.20362066491158454,0.0,0.0,0.0,0.7692720189256836,0.0,0.0,0.0,0.0,0.0,0.0,0.0,0.0,0.5816104993052429,2.9402514415894845,0.5717627559386194,3.076510216091876,0.0,0.0,0.0,0.0,0.0,0.0,0.0,0.3052475559626876,0.48150522999755463,0.38247233825605403,1.2513200051507656,0.031271347540002,0.0,4.659009155761409,0.6245641112226398,1.7263852485621953,0.0,3.6594240313349156,0.0,0.0,0.0,0.0,0.0,0.0,0.0,0.0
0.0,0.0,0.0,0.0,0.0,0.0,0.0,0.0,0.0,0.5368526463194183,0.14861411859737883,0.0,0.0,0.0,2.8136824390279513,0.0,0.07486033490985311,0.0,0.0,0.0,0.5917477068659105,0.0,0.0,0.0,0.0,0.0,0.0,0.0,0.0,1.5116389808903303,1.2533330616299052,0.18492666739263464,3.144538725080473,0.0,0.0,0.0,0.006488432449416848,0.0,0.0,0.607639123962159,2.26284296218665,0.7230160759843103,0.13922880153642203,0.8078420830918831,0.1829324403248905,0.0,0.7849833990262218,0.3770560565201153,0.07499124461250029,0.0,0.15486844243107983,0.0982198539556808,0.0,0.0,0.0,0.0,0.0,0.0,0.0
0.0,8.370927693702361,0.0,0.0,0.0,0.0,0.0,0.0,0.0,0.0,0.0,0.0,0.0,0.0,1.6031603039545628,0.0,0.0,0.0,0.0,0.0,0.0,0.0,0.0,0.0,0.0,0.0,0.0,0.0,0.0,0.0,8.013331084676453,0.0,0.0,0.0,0.0,0.0,0.0,0.0,0.0,0.0,0.0,0.0,0.0,2.8702417392650643,0.0,0.0,0.0,0.0,0.0,0.0,0.0,0.0,0.0,0.0,0.0,0.0,0.0,0.0,0.0
0.0,0.0,0.0,0.0,0.0,0.0,0.0,0.0,0.0,0.15063147066632224,0.25183855795082283,0.0,0.0,0.0,3.9641834527437085,0.0,0.02657122959481818,0.0,0.0,0.0,0.0,0.0,0.0,0.0,0.0,0.0,0.0,0.0,0.0,1.4183549668302882,2.859637330877639,0.5782424224134264,1.4418286517004728,0.0,0.0,0.0,0.06821386804971855,0.0,0.0,1.1678682611807625,0.9304498441181879,0.4869556100701349,0.5626113297131797,1.050711341199852,0.3793422053535332,0.0,0.3115223692716239,0.6063657641488535,0.0,0.0,0.1258094354150442,0.0,0.0,0.0,0.0,0.0,0.0,0.0,0.0
0.0,0.0,0.0,0.0,0.0,0.0,0.0,0.0,0.0,2.8139130257380898,0.0,0.0,0.0,0.0,3.413124151048401,0.0,0.0,0.0,0.0,0.0,0.0,0.0,0.0,0.0,0.0,0.0,0.0,0.0,0.0,0.5650996667697331,5.16988068258986,0.0,1.27585095520591,0.0,0.0,0.0,0.0,0.0,0.0,0.0,0.365503922058069,0.0,0.0,0.555518437782519,0.0,0.0,0.0,0.0,0.0,0.0,0.0,0.0,0.0,0.0,0.0,0.0,0.0,0.0,0.0
0.0,0.0,0.0,0.0,0.0,0.0,0.0,0.0,0.0,0.23184305492227877,0.30445737711482623,0.0,0.0,0.0,1.5909444667551729,0.0,0.8780215027813685,0.0,0.0,0.0,0.3137073459686402,0.0,0.0,0.0,0.01195804392611737,0.0,0.0,0.0,0.0,0.5871637448370801,1.0938677730448438,0.07281939598339046,1.9985352088336115,0.0,0.0,0.0,0.003439758024553863,0.4570478673734946,0.0,0.20263204177227723,6.082743056533379,0.01224590633303834,0.5278444493800667,0.3967915036563649,0.019112098601897953,0.0,0.0,0.0,0.2164853035979154,0.0,0.9168067535096831,0.0,0.0,0.0,0.0,0.0,0.0,0.0,0.0
0.0,0.0,0.0,0.0,0.0,0.0,0.0,0.0,0.0,1.1926472568516209,2.5636702508186895,0.0,0.0,0.0,3.005865452605753,0.0,0.0,0.0,0.0,0.0,0.0,0.0,0.0,0.0,0.0,0.0,0.0,0.0,0.0,2.6003904313751374,1.1268666704515415,0.0,2.6264146159231343,0.0,0.0,0.0,0.0,0.0,0.0,0.0,0.442597625501652,0.0,0.0,0.9417878456646537,0.0,0.0,0.3963986041556692,0.0,7.2914635785333966,0.0,0.0,0.0,0.0,0.0,0.0,0.0,0.0,0.0,0.0
0.0,0.11734466588807943,0.0,0.0,0.0,0.0,0.0,0.0,0.0,0.8662220055980541,0.0,0.0,0.0,0.0,2.6744026574160116,0.0,0.0,0.0,6.354597695609537,0.0,0.0,0.0,0.0,8.57068465266527,1.3139619916747693,0.0,0.0,0.0,0.0,0.42976339435267147,3.257739619164365,4.929067218393969,0.18482001142605545,0.0,0.0,0.0,0.4153396711353423,0.0,0.0,3.1603727111834523,0.5824177754860457,1.4824526195083305,0.42819894154077565,4.305276503367529,0.0,0.0,0.5927332471995554,0.0,0.0,0.0,1.2766728843976252,0.0,0.0,0.0,0.0,7.575938442314111,2.136914515444484,0.0,0.0
0.0,0.0,0.0,0.0,0.0,0.0,0.0,0.0,0.0,0.0,0.0,0.0,0.0,0.0,3.206224420214642,0.0,0.0,0.0,0.0,0.0,0.0,0.0,0.0,0.0,0.0,0.0,0.0,0.0,0.0,2.919658254144013,0.0,0.0,0.0,0.0,0.0,0.0,0.0,0.0,0.0,0.0,3.7768436462153927,0.0,0.0,0.0,0.0,0.0,0.0,0.0,0.0,0.0,0.0,0.0,0.0,0.0,0.0,0.0,0.0,0.0,0.0
0.0,0.0,0.0,0.0,0.0,0.0,0.0,0.0,0.0,0.309327616500574,0.0,0.0,0.0,0.0,3.3427147586865638,0.0,0.9821653781901365,0.0,0.0,0.0,0.0,0.0,0.0,0.0,0.0,0.0,0.0,0.0,0.0,0.4969716797876669,4.432974756043014,2.137385797178235,1.8233024709999024,0.0,0.0,0.0,0.0,0.0,0.0,0.0,0.9643058091225128,4.500021600786244,2.599543651264493,0.36641347264860363,2.337014236282425,0.0,1.7992564354514156,0.0,0.0,0.0,1.5501051354473478,0.0,0.0,0.0,0.0,0.0,0.0,0.0,0.0
0.0,0.0,0.0,0.0,0.0,0.0,0.0,0.0,0.0,2.4231099456696827,0.0,0.0,0.0,0.0,6.412545028123767,0.0,0.0,0.0,0.0,0.0,0.0,0.0,0.0,0.0,0.0,0.0,0.0,0.0,0.0,0.0,1.7807224336368013,0.0,0.0,0.0,0.0,0.0,0.0,0.0,0.0,0.0,1.2589478820717974,0.0,0.0,0.0,0.0,0.0,0.0,0.0,0.0,0.0,0.0,0.0,0.0,0.0,0.0,0.0,0.0,0.0,0.0
0.0,0.0,0.0,0.0,0.0,0.0,0.0,0.0,0.0,0.0,0.0,0.0,0.0,0.0,5.343803554718887,0.0,0.0,0.0,0.0,0.0,0.0,0.0,0.0,0.0,0.0,0.0,0.0,0.0,0.0,0.6488187847402382,4.155072434026434,5.581102493661187,0.0,0.0,0.0,0.0,0.0,0.0,0.0,0.0,0.0,0.0,0.0,1.2756362068417852,0.0,0.0,0.0,0.0,0.0,0.0,0.0,0.0,0.0,0.0,0.0,0.0,0.0,0.0,0.0
0.0,0.0,0.0,0.0,0.0,0.0,0.0,0.0,0.0,0.0,0.0,0.0,0.0,0.0,3.740643250764324,0.0,0.0,0.0,0.0,0.0,0.0,0.0,0.0,0.0,0.0,0.0,0.0,0.0,0.0,0.4866184680863552,4.45188621740285,0.0,0.0,0.0,0.0,0.0,0.0,0.0,0.0,0.0,0.9442165768759707,0.0,5.090956256685356,1.9134370891566646,0.0,0.0,0.0,7.3156828511669785,0.0,0.0,3.0357318423897652,0.0,0.0,0.0,0.0,0.0,0.0,0.0,0.0
0.0,0.0,0.0,0.0,0.0,0.0,0.0,0.0,0.0,0.703489160538319,0.0,0.0,0.0,0.0,3.1028226486450037,0.0,0.0,0.0,0.0,0.0,0.0,0.0,0.0,0.0,0.0,0.0,0.0,0.0,0.0,1.1301818154147603,4.135840439423211,9.72191075089897,0.637925477602955,0.0,0.0,0.0,0.0,0.0,0.0,10.908354867144151,0.0,0.0,0.0,1.111036875565038,0.0,0.0,1.6367393501252578,0.0,0.0,0.0,0.0,8.675015877398765,0.0,0.0,0.0,0.0,0.0,0.0,0.0
0.0,0.0,0.0,0.0,0.0,0.0,0.0,0.0,0.0,2.1808207593103073,0.0,0.0,0.0,0.0,1.923753889667682,0.0,0.0,0.0,0.0,0.0,0.0,0.0,0.0,0.0,0.0,0.0,0.0,0.0,0.0,0.0,4.807998650805872,0.0,3.9551458714300645,0.0,0.0,0.0,8.888263629338148,0.0,0.0,0.0,1.1330644245088628,0.0,0.0,0.0,0.0,0.0,0.0,0.0,0.0,0.0,0.0,0.0,0.0,0.0,0.0,0.0,0.0,0.0,0.0
