0.02631578947368421,0.02631578947368421,0.02631578947368421,0.02631578947368421,0.02631578947368421,0.02631578947368421,0.02631578947368421,0.0,0.0,0.02631578947368421,0.0,0.02631578947368421,0.0,0.02631578947368421,0.0,0.0,0.02631578947368421,0.02631578947368421,0.0,0.0,0.02631578947368421,0.02631578947368421,0.0,0.02631578947368421,0.02631578947368421,0.02631578947368421,0.0,0.0,0.0,0.02631578947368421,0.0,0.02631578947368421,0.02631578947368421,0.02631578947368421,0.02631578947368421,0.02631578947368421,0.0,0.02631578947368421,0.02631578947368421,0.02631578947368421,0.0,0.0,0.02631578947368421,0.02631578947368421,0.02631578947368421,0.0,0.02631578947368421,0.02631578947368421,0.02631578947368421,0.02631578947368421,0.02631578947368421,0.0,0.0,0.02631578947368421,0.02631578947368421,0.02631578947368421,0.0,0.02631578947368421
0.0,0.0,0.03571428571428571,0.0,0.0,0.0,0.0,0.03571428571428571,0.0,0.0,0.0,0.0,0.03571428571428571,0.03571428571428571,0.0,0.0,0.03571428571428571,0.03571428571428571,0.0,0.0,0.03571428571428571,0.03571428571428571,0.03571428571428571,0.0,0.03571428571428571,0.03571428571428571,0.0,0.0,0.0,0.03571428571428571,0.0,0.03571428571428571,0.0,0.0,0.0,0.03571428571428571,0.0,0.03571428571428571,0.03571428571428571,0.03571428571428571,0.0,0.03571428571428571,0.03571428571428571,0.03571428571428571,0.03571428571428571,0.0,0.0,0.0,0.03571428571428571,0.03571428571428571,0.03571428571428571,0.0,0.0,0.03571428571428571,0.03571428571428571,0.03571428571428571,0.0,0.03571428571428571
0.0,0.047619047619047616,0.047619047619047616,0.0,0.0,0.047619047619047616,0.0,0.0,0.0,0.047619047619047616,0.047619047619047616,0.047619047619047616,0.0,0.0,0.0,0.0,0.047619047619047616,0.0,0.0,0.0,0.047619047619047616,0.047619047619047616,0.0,0.0,0.047619047619047616,0.0,0.0,0.0,0.0,0.0,0.0,0.0,0.0,0.0,0.0,0.047619047619047616,0.047619047619047616,0.0,0.0,0.0,0.0,0.0,0.0,0.047619047619047616,0.047619047619047616,0.047619047619047616,0.0,0.0,0.047619047619047616,0.047619047619047616,0.047619047619047616,0.0,0.0,0.0,0.047619047619047616,0.047619047619047616,0.0,0.047619047619047616
0.0,0.037037037037037035,0.037037037037037035,0.037037037037037035,0.0,0.0,0.0,0.037037037037037035,0.0,0.0,0.037037037037037035,0.037037037037037035,0.0,0.037037037037037035,0.0,0.0,0.037037037037037035,0.037037037037037035,0.0,0.0,0.037037037037037035,0.037037037037037035,0.037037037037037035,0.0,0.037037037037037035,0.0,0.0,0.0,0.0,0.037037037037037035,0.0,0.0,0.0,0.0,0.037037037037037035,0.0,0.037037037037037035,0.0,0.0,0.0,0.037037037037037035,0.037037037037037035,0.037037037037037035,0.0,0.037037037037037035,0.0,0.0,0.037037037037037035,0.037037037037037035,0.037037037037037035,0.037037037037037035,0.0,0.0,0.037037037037037035,0.037037037037037035,0.0,0.0,0.037037037037037035
0.05,0.05,0.05,0.0,0.0,0.0,0.0,0.0,0.0,0.05,0.0,0.05,0.0,0.0,0.0,0.0,0.05,0.0,0.0,0.0,0.05,0.05,0.05,0.05,0.0,0.05,0.0,0.0,0.0,0.0,0.0,0.0,0.05,0.0,0.0,0.0,0.0,0.0,0.05,0.0,0.0,0.0,0.0,0.0,0.05,0.0,0.0,0.0,0.0,0.05,0.05,0.0,0.0,0.05,0.05,0.0,0.05,0.05
0.0,0.030303030303030304,0.030303030303030304,0.0,0.030303030303030304,0.030303030303030304,0.030303030303030304,0.0,0.0,0.0,0.0,0.0,0.0,0.030303030303030304,0.0,0.0,0.030303030303030304,0.030303030303030304,0.0,0.0,0.030303030303030304,0.030303030303030304,0.030303030303030304,0.0,0.030303030303030304,0.030303030303030304,0.030303030303030304,0.030303030303030304,0.0,0.030303030303030304,0.0,0.030303030303030304,0.030303030303030304,0.0,0.030303030303030304,0.030303030303030304,0.0,0.030303030303030304,0.030303030303030304,0.0,0.0,0.030303030303030304,0.030303030303030304,0.030303030303030304,0.030303030303030304,0.0,0.0,0.030303030303030304,0.030303030303030304,0.030303030303030304,0.030303030303030304,0.0,0.0,0.030303030303030304,0.030303030303030304,0.0,0.0,0.030303030303030304
0.0,0.02702702702702703,0.02702702702702703,0.0,0.0,0.02702702702702703,0.02702702702702703,0.0,0.0,0.02702702702702703,0.0,0.02702702702702703,0.02702702702702703,0.02702702702702703,0.0,0.0,0.02702702702702703,0.02702702702702703,0.0,0.0,0.02702702702702703,0.02702702702702703,0.02702702702702703,0.02702702702702703,0.02702702702702703,0.02702702702702703,0.0,0.0,0.0,0.02702702702702703,0.0,0.02702702702702703,0.02702702702702703,0.02702702702702703,0.02702702702702703,0.02702702702702703,0.02702702702702703,0.02702702702702703,0.0,0.02702702702702703,0.0,0.02702702702702703,0.02702702702702703,0.02702702702702703,0.02702702702702703,0.02702702702702703,0.02702702702702703,0.0,0.02702702702702703,0.02702702702702703,0.02702702702702703,0.0,0.0,0.02702702702702703,0.02702702702702703,0.0,0.0,0.02702702702702703
0.0,0.0,0.05,0.0,0.0,0.0,0.0,0.0,0.0,0.0,0.0,0.05,0.0,0.0,0.0,0.0,0.05,0.0,0.0,0.0,0.05,0.05,0.0,0.0,0.05,0.0,0.05,0.0,0.0,0.05,0.0,0.05,0.0,0.0,0.05,0.0,0.05,0.05,0.0,0.0,0.0,0.0,0.05,0.05,0.0,0.05,0.0,0.0,0.05,0.05,0.05,0.0,0.0,0.0,0.05,0.0,0.0,0.05
0.0,0.03571428571428571,0.03571428571428571,0.0,0.03571428571428571,0.03571428571428571,0.0,0.0,0.0,0.03571428571428571,0.0,0.0,0.0,0.03571428571428571,0.0,0.0,0.03571428571428571,0.03571428571428571,0.0,0.0,0.03571428571428571,0.03571428571428571,0.0,0.0,0.03571428571428571,0.03571428571428571,0.0,0.0,0.0,0.03571428571428571,0.03571428571428571,0.03571428571428571,0.03571428571428571,0.0,0.0,0.03571428571428571,0.0,0.03571428571428571,0.03571428571428571,0.0,0.0,0.03571428571428571,0.03571428571428571,0.03571428571428571,0.03571428571428571,0.0,0.0,0.0,0.03571428571428571,0.03571428571428571,0.03571428571428571,0.0,0.0,0.0,0.03571428571428571,0.0,0.0,0.03571428571428571
0.0,0.037037037037037035,0.037037037037037035,0.0,0.0,0.0,0.037037037037037035,0.037037037037037035,0.0,0.0,0.0,0.0,0.037037037037037035,0.037037037037037035,0.0,0.0,0.037037037037037035,0.037037037037037035,0.0,0.0,0.037037037037037035,0.037037037037037035,0.0,0.0,0.037037037037037035,0.0,0.0,0.0,0.0,0.037037037037037035,0.037037037037037035,0.037037037037037035,0.037037037037037035,0.0,0.0,0.037037037037037035,0.0,0.037037037037037035,0.0,0.037037037037037035,0.0,0.0,0.037037037037037035,0.037037037037037035,0.037037037037037035,0.0,0.0,0.0,0.037037037037037035,0.037037037037037035,0.037037037037037035,0.0,0.0,0.037037037037037035,0.037037037037037035,0.0,0.0,0.037037037037037035
0.03571428571428571,0.03571428571428571,0.03571428571428571,0.03571428571428571,0.0,0.0,0.0,0.0,0.0,0.0,0.0,0.03571428571428571,0.0,0.03571428571428571,0.0,0.0,0.03571428571428571,0.0,0.0,0.0,0.0,0.03571428571428571,0.0,0.0,0.03571428571428571,0.03571428571428571,0.03571428571428571,0.0,0.0,0.0,0.0,0.03571428571428571,0.03571428571428571,0.0,0.03571428571428571,0.03571428571428571,0.03571428571428571,0.0,0.03571428571428571,0.03571428571428571,0.0,0.0,0.03571428571428571,0.03571428571428571,0.03571428571428571,0.0,0.03571428571428571,0.0,0.03571428571428571,0.03571428571428571,0.03571428571428571,0.0,0.0,0.0,0.03571428571428571,0.03571428571428571,0.0,0.03571428571428571
0.03333333333333333,0.0,0.0,0.0,0.03333333333333333,0.03333333333333333,0.0,0.03333333333333333,0.0,0.0,0.0,0.03333333333333333,0.0,0.03333333333333333,0.0,0.0,0.0,0.03333333333333333,0.03333333333333333,0.0,0.03333333333333333,0.03333333333333333,0.0,0.0,0.03333333333333333,0.0,0.0,0.0,0.0,0.03333333333333333,0.03333333333333333,0.03333333333333333,0.03333333333333333,0.0,0.03333333333333333,0.03333333333333333,0.03333333333333333,0.03333333333333333,0.03333333333333333,0.0,0.0,0.03333333333333333,0.03333333333333333,0.03333333333333333,0.03333333333333333,0.0,0.03333333333333333,0.0,0.03333333333333333,0.03333333333333333,0.03333333333333333,0.0,0.0,0.0,0.03333333333333333,0.0,0.0,0.03333333333333333
0.0,0.0,0.05,0.0,0.0,0.05,0.0,0.0,0.0,0.0,0.0,0.0,0.0,0.0,0.0,0.0,0.05,0.0,0.0,0.0,0.05,0.05,0.0,0.0,0.05,0.0,0.0,0.0,0.05,0.05,0.0,0.05,0.05,0.0,0.0,0.05,0.05,0.05,0.0,0.0,0.0,0.0,0.05,0.05,0.0,0.05,0.0,0.0,0.0,0.05,0.05,0.0,0.0,0.0,0.05,0.0,0.0,0.05
0.034482758620689655,0.034482758620689655,0.034482758620689655,0.0,0.0,0.0,0.0,0.0,0.0,0.0,0.0,0.034482758620689655,0.034482758620689655,0.034482758620689655,0.0,0.0,0.034482758620689655,0.034482758620689655,0.0,0.0,0.034482758620689655,0.034482758620689655,0.034482758620689655,0.0,0.034482758620689655,0.034482758620689655,0.0,0.0,0.034482758620689655,0.034482758620689655,0.0,0.0,0.034482758620689655,0.0,0.034482758620689655,0.034482758620689655,0.0,0.0,0.034482758620689655,0.0,0.0,0.034482758620689655,0.034482758620689655,0.034482758620689655,0.034482758620689655,0.0,0.0,0.0,0.034482758620689655,0.034482758620689655,0.034482758620689655,0.0,0.0,0.034482758620689655,0.034482758620689655,0.0,0.0,0.034482758620689655
0.0,0.045454545454545456,0.045454545454545456,0.0,0.0,0.045454545454545456,0.045454545454545456,0.0,0.0,0.0,0.0,0.0,0.0,0.045454545454545456,0.0,0.0,0.045454545454545456,0.045454545454545456,0.0,0.0,0.045454545454545456,0.0,0.0,0.0,0.045454545454545456,0.0,0.0,0.0,0.0,0.045454545454545456,0.0,0.045454545454545456,0.0,0.0,0.0,0.045454545454545456,0.0,0.045454545454545456,0.0,0.0,0.0,0.0,0.045454545454545456,0.045454545454545456,0.045454545454545456,0.0,0.0,0.0,0.045454545454545456,0.045454545454545456,0.045454545454545456,0.0,0.0,0.045454545454545456,0.045454545454545456,0.0,0.0,0.045454545454545456
0.037037037037037035,0.037037037037037035,0.0,0.0,0.0,0.037037037037037035,0.0,0.0,0.0,0.0,0.0,0.0,0.0,0.037037037037037035,0.0,0.0,0.037037037037037035,0.037037037037037035,0.0,0.0,0.037037037037037035,0.037037037037037035,0.0,0.0,0.037037037037037035,0.0,0.0,0.0,0.0,0.037037037037037035,0.037037037037037035,0.037037037037037035,0.037037037037037035,0.0,0.037037037037037035,0.037037037037037035,0.0,0.037037037037037035,0.0,0.0,0.0,0.0,0.037037037037037035,0.037037037037037035,0.037037037037037035,0.037037037037037035,0.037037037037037035,0.0,0.037037037037037035,0.037037037037037035,0.037037037037037035,0.0,0.0,0.037037037037037035,0.0,0.037037037037037035,0.0,0.037037037037037035
0.0,0.03125,0.0,0.0,0.03125,0.03125,0.03125,0.0,0.0,0.0,0.0,0.0,0.03125,0.03125,0.03125,0.0,0.03125,0.0,0.0,0.0,0.03125,0.03125,0.03125,0.0,0.03125,0.03125,0.0,0.0,0.0,0.03125,0.0,0.03125,0.03125,0.0,0.0,0.03125,0.03125,0.03125,0.03125,0.03125,0.0,0.03125,0.03125,0.03125,0.03125,0.0,0.0,0.03125,0.03125,0.03125,0.03125,0.0,0.0,0.03125,0.03125,0.0,0.0,0.03125
0.0,0.034482758620689655,0.034482758620689655,0.034482758620689655,0.0,0.0,0.0,0.0,0.0,0.0,0.0,0.0,0.0,0.034482758620689655,0.0,0.0,0.034482758620689655,0.034482758620689655,0.0,0.0,0.034482758620689655,0.034482758620689655,0.034482758620689655,0.034482758620689655,0.034482758620689655,0.0,0.0,0.0,0.0,0.034482758620689655,0.0,0.034482758620689655,0.0,0.0,0.0,0.034482758620689655,0.034482758620689655,0.034482758620689655,0.0,0.034482758620689655,0.0,0.034482758620689655,0.034482758620689655,0.034482758620689655,0.034482758620689655,0.034482758620689655,0.0,0.0,0.034482758620689655,0.034482758620689655,0.034482758620689655,0.0,0.0,0.034482758620689655,0.034482758620689655,0.034482758620689655,0.0,0.034482758620689655
0.0,0.05,0.05,0.0,0.0,0.0,0.0,0.0,0.0,0.0,0.0,0.0,0.05,0.05,0.0,0.0,0.05,0.0,0.0,0.0,0.05,0.05,0.0,0.0,0.05,0.0,0.0,0.0,0.0,0.0,0.0,0.05,0.05,0.0,0.0,0.05,0.05,0.0,0.0,0.05,0.0,0.0,0.05,0.05,0.05,0.0,0.0,0.0,0.05,0.0,0.05,0.0,0.0,0.0,0.05,0.0,0.0,0.05
0.0,0.034482758620689655,0.0,0.0,0.0,0.034482758620689655,0.034482758620689655,0.0,0.034482758620689655,0.0,0.0,0.0,0.034482758620689655,0.034482758620689655,0.0,0.0,0.0,0.034482758620689655,0.0,0.0,0.034482758620689655,0.034482758620689655,0.0,0.0,0.034482758620689655,0.0,0.0,0.0,0.0,0.034482758620689655,0.034482758620689655,0.034482758620689655,0.034482758620689655,0.0,0.034482758620689655,0.034482758620689655,0.034482758620689655,0.034482758620689655,0.0,0.034482758620689655,0.0,0.034482758620689655,0.034482758620689655,0.034482758620689655,0.0,0.0,0.034482758620689655,0.0,0.034482758620689655,0.034482758620689655,0.034482758620689655,0.0,0.0,0.034482758620689655,0.034482758620689655,0.0,0.0,0.034482758620689655
0.0,0.04,0.0,0.0,0.0,0.04,0.04,0.0,0.04,0.04,0.0,0.0,0.0,0.04,0.0,0.0,0.04,0.0,0.0,0.0,0.04,0.04,0.0,0.0,0.04,0.0,0.0,0.0,0.0,0.04,0.04,0.04,0.04,0.0,0.0,0.04,0.0,0.04,0.0,0.0,0.0,0.0,0.04,0.04,0.0,0.04,0.0,0.0,0.04,0.04,0.04,0.0,0.0,0.04,0.04,0.0,0.0,0.04
0.0,0.03225806451612903,0.0,0.0,0.0,0.03225806451612903,0.0,0.03225806451612903,0.0,0.0,0.0,0.03225806451612903,0.03225806451612903,0.03225806451612903,0.03225806451612903,0.0,0.03225806451612903,0.03225806451612903,0.0,0.03225806451612903,0.03225806451612903,0.03225806451612903,0.0,0.03225806451612903,0.03225806451612903,0.03225806451612903,0.03225806451612903,0.0,0.0,0.03225806451612903,0.0,0.03225806451612903,0.0,0.0,0.03225806451612903,0.03225806451612903,0.0,0.03225806451612903,0.0,0.0,0.0,0.0,0.03225806451612903,0.03225806451612903,0.03225806451612903,0.0,0.03225806451612903,0.0,0.03225806451612903,0.03225806451612903,0.03225806451612903,0.0,0.0,0.03225806451612903,0.03225806451612903,0.0,0.0,0.03225806451612903
0.03225806451612903,0.03225806451612903,0.03225806451612903,0.0,0.0,0.03225806451612903,0.03225806451612903,0.03225806451612903,0.0,0.03225806451612903,0.0,0.0,0.0,0.03225806451612903,0.0,0.0,0.03225806451612903,0.03225806451612903,0.0,0.0,0.03225806451612903,0.03225806451612903,0.0,0.0,0.03225806451612903,0.03225806451612903,0.03225806451612903,0.0,0.0,0.03225806451612903,0.0,0.03225806451612903,0.03225806451612903,0.0,0.0,0.03225806451612903,0.03225806451612903,0.0,0.03225806451612903,0.0,0.0,0.03225806451612903,0.03225806451612903,0.03225806451612903,0.03225806451612903,0.0,0.0,0.0,0.03225806451612903,0.03225806451612903,0.03225806451612903,0.0,0.0,0.0,0.03225806451612903,0.03225806451612903,0.0,0.03225806451612903
0.0,0.034482758620689655,0.0,0.0,0.0,0.0,0.034482758620689655,0.034482758620689655,0.0,0.034482758620689655,0.0,0.034482758620689655,0.0,0.034482758620689655,0.0,0.0,0.034482758620689655,0.034482758620689655,0.0,0.0,0.034482758620689655,0.034482758620689655,0.0,0.034482758620689655,0.034482758620689655,0.0,0.0,0.0,0.0,0.034482758620689655,0.034482758620689655,0.034482758620689655,0.034482758620689655,0.0,0.0,0.034482758620689655,0.034482758620689655,0.034482758620689655,0.034482758620689655,0.0,0.0,0.034482758620689655,0.034482758620689655,0.034482758620689655,0.034482758620689655,0.0,0.0,0.0,0.034482758620689655,0.034482758620689655,0.034482758620689655,0.0,0.0,0.0,0.034482758620689655,0.0,0.0,0.034482758620689655
0.022727272727272728,0.022727272727272728,0.0,0.0,0.022727272727272728,0.022727272727272728,0.022727272727272728,0.0,0.022727272727272728,0.022727272727272728,0.0,0.022727272727272728,0.022727272727272728,0.022727272727272728,0.0,0.0,0.022727272727272728,0.022727272727272728,0.022727272727272728,0.022727272727272728,0.022727272727272728,0.022727272727272728,0.0,0.022727272727272728,0.022727272727272728,0.022727272727272728,0.0,0.0,0.022727272727272728,0.022727272727272728,0.022727272727272728,0.022727272727272728,0.022727272727272728,0.0,0.022727272727272728,0.022727272727272728,0.022727272727272728,0.022727272727272728,0.0,0.0,0.0,0.022727272727272728,0.022727272727272728,0.022727272727272728,0.022727272727272728,0.022727272727272728,0.022727272727272728,0.022727272727272728,0.022727272727272728,0.022727272727272728,0.022727272727272728,0.022727272727272728,0.022727272727272728,0.022727272727272728,0.022727272727272728,0.022727272727272728,0.0,0.022727272727272728
0.0,0.034482758620689655,0.034482758620689655,0.0,0.0,0.034482758620689655,0.0,0.0,0.0,0.0,0.0,0.0,0.034482758620689655,0.034482758620689655,0.0,0.0,0.034482758620689655,0.034482758620689655,0.0,0.0,0.034482758620689655,0.034482758620689655,0.034482758620689655,0.0,0.034482758620689655,0.034482758620689655,0.0,0.0,0.0,0.034482758620689655,0.0,0.034482758620689655,0.034482758620689655,0.034482758620689655,0.0,0.034482758620689655,0.0,0.0,0.034482758620689655,0.034482758620689655,0.034482758620689655,0.034482758620689655,0.034482758620689655,0.034482758620689655,0.0,0.0,0.0,0.0,0.034482758620689655,0.034482758620689655,0.034482758620689655,0.0,0.0,0.034482758620689655,0.034482758620689655,0.0,0.0,0.034482758620689655
0.037037037037037035,0.0,0.0,0.0,0.0,0.037037037037037035,0.037037037037037035,0.0,0.0,0.0,0.0,0.0,0.0,0.037037037037037035,0.0,0.0,0.037037037037037035,0.037037037037037035,0.0,0.0,0.037037037037037035,0.037037037037037035,0.0,0.0,0.037037037037037035,0.0,0.0,0.0,0.0,0.037037037037037035,0.037037037037037035,0.037037037037037035,0.037037037037037035,0.0,0.037037037037037035,0.037037037037037035,0.0,0.037037037037037035,0.0,0.0,0.0,0.037037037037037035,0.037037037037037035,0.037037037037037035,0.0,0.037037037037037035,0.037037037037037035,0.0,0.037037037037037035,0.037037037037037035,0.037037037037037035,0.0,0.0,0.037037037037037035,0.037037037037037035,0.0,0.0,0.037037037037037035
0.0,0.02857142857142857,0.0,0.0,0.02857142857142857,0.0,0.0,0.02857142857142857,0.02857142857142857,0.02857142857142857,0.0,0.02857142857142857,0.02857142857142857,0.02857142857142857,0.0,0.0,0.02857142857142857,0.02857142857142857,0.0,0.0,0.02857142857142857,0.02857142857142857,0.02857142857142857,0.02857142857142857,0.02857142857142857,0.02857142857142857,0.0,0.0,0.02857142857142857,0.02857142857142857,0.0,0.02857142857142857,0.02857142857142857,0.0,0.0,0.02857142857142857,0.02857142857142857,0.02857142857142857,0.0,0.0,0.0,0.02857142857142857,0.02857142857142857,0.02857142857142857,0.02857142857142857,0.0,0.0,0.0,0.02857142857142857,0.02857142857142857,0.02857142857142857,0.02857142857142857,0.0,0.02857142857142857,0.02857142857142857,0.02857142857142857,0.0,0.02857142857142857
0.021739130434782608,0.021739130434782608,0.021739130434782608,0.021739130434782608,0.0,0.021739130434782608,0.021739130434782608,0.021739130434782608,0.0,0.021739130434782608,0.0,0.021739130434782608,0.021739130434782608,0.021739130434782608,0.021739130434782608,0.0,0.021739130434782608,0.021739130434782608,0.021739130434782608,0.021739130434782608,0.021739130434782608,0.021739130434782608,0.021739130434782608,0.0,0.021739130434782608,0.021739130434782608,0.0,0.021739130434782608,0.021739130434782608,0.021739130434782608,0.021739130434782608,0.021739130434782608,0.0,0.021739130434782608,0.021739130434782608,0.021739130434782608,0.0,0.021739130434782608,0.021739130434782608,0.021739130434782608,0.0,0.021739130434782608,0.021739130434782608,0.021739130434782608,0.021739130434782608,0.021739130434782608,0.021739130434782608,0.021739130434782608,0.021739130434782608,0.021739130434782608,0.021739130434782608,0.0,0.0,0.021739130434782608,0.021739130434782608,0.021739130434782608,0.0,0.021739130434782608
0.0,0.03333333333333333,0.03333333333333333,0.0,0.0,0.03333333333333333,0.0,0.0,0.03333333333333333,0.0,0.0,0.03333333333333333,0.0,0.03333333333333333,0.0,0.0,0.03333333333333333,0.0,0.0,0.0,0.03333333333333333,0.03333333333333333,0.03333333333333333,0.0,0.03333333333333333,0.03333333333333333,0.0,0.0,0.03333333333333333,0.03333333333333333,0.0,0.03333333333333333,0.03333333333333333,0.03333333333333333,0.0,0.03333333333333333,0.0,0.0,0.0,0.03333333333333333,0.0,0.0,0.03333333333333333,0.03333333333333333,0.03333333333333333,0.03333333333333333,0.0,0.0,0.03333333333333333,0.03333333333333333,0.03333333333333333,0.0,0.0,0.03333333333333333,0.03333333333333333,0.03333333333333333,0.0,0.03333333333333333
0.0,0.029411764705882353,0.029411764705882353,0.029411764705882353,0.029411764705882353,0.029411764705882353,0.029411764705882353,0.029411764705882353,0.0,0.0,0.0,0.0,0.029411764705882353,0.029411764705882353,0.0,0.0,0.029411764705882353,0.029411764705882353,0.0,0.0,0.029411764705882353,0.029411764705882353,0.0,0.0,0.029411764705882353,0.029411764705882353,0.0,0.0,0.0,0.029411764705882353,0.0,0.029411764705882353,0.029411764705882353,0.029411764705882353,0.029411764705882353,0.029411764705882353,0.029411764705882353,0.029411764705882353,0.0,0.0,0.0,0.029411764705882353,0.029411764705882353,0.029411764705882353,0.029411764705882353,0.0,0.0,0.0,0.029411764705882353,0.029411764705882353,0.029411764705882353,0.0,0.0,0.029411764705882353,0.029411764705882353,0.029411764705882353,0.0,0.029411764705882353
0.0,0.02702702702702703,0.02702702702702703,0.02702702702702703,0.0,0.0,0.02702702702702703,0.02702702702702703,0.0,0.0,0.0,0.02702702702702703,0.02702702702702703,0.02702702702702703,0.0,0.0,0.02702702702702703,0.02702702702702703,0.0,0.0,0.02702702702702703,0.02702702702702703,0.0,0.0,0.02702702702702703,0.0,0.0,0.02702702702702703,0.0,0.02702702702702703,0.02702702702702703,0.02702702702702703,0.02702702702702703,0.0,0.02702702702702703,0.0,0.02702702702702703,0.02702702702702703,0.02702702702702703,0.02702702702702703,0.02702702702702703,0.02702702702702703,0.02702702702702703,0.02702702702702703,0.02702702702702703,0.0,0.02702702702702703,0.02702702702702703,0.02702702702702703,0.02702702702702703,0.02702702702702703,0.02702702702702703,0.0,0.0,0.02702702702702703,0.02702702702702703,0.0,0.02702702702702703
0.0,0.023809523809523808,0.023809523809523808,0.023809523809523808,0.023809523809523808,0.023809523809523808,0.023809523809523808,0.023809523809523808,0.0,0.023809523809523808,0.023809523809523808,0.023809523809523808,0.023809523809523808,0.023809523809523808,0.023809523809523808,0.0,0.023809523809523808,0.023809523809523808,0.0,0.023809523809523808,0.023809523809523808,0.023809523809523808,0.023809523809523808,0.0,0.023809523809523808,0.023809523809523808,0.0,0.0,0.023809523809523808,0.023809523809523808,0.023809523809523808,0.023809523809523808,0.023809523809523808,0.0,0.023809523809523808,0.023809523809523808,0.023809523809523808,0.023809523809523808,0.0,0.0,0.0,0.0,0.023809523809523808,0.023809523809523808,0.023809523809523808,0.023809523809523808,0.023809523809523808,0.0,0.023809523809523808,0.023809523809523808,0.023809523809523808,0.0,0.0,0.023809523809523808,0.023809523809523808,0.023809523809523808,0.0,0.023809523809523808
0.0,0.0,0.04,0.0,0.0,0.0,0.0,0.0,0.0,0.04,0.0,0.04,0.0,0.04,0.0,0.0,0.04,0.0,0.0,0.0,0.04,0.04,0.0,0.0,0.04,0.04,0.0,0.0,0.0,0.04,0.0,0.04,0.04,0.0,0.0,0.04,0.04,0.0,0.0,0.04,0.0,0.04,0.04,0.04,0.04,0.04,0.0,0.0,0.04,0.04,0.04,0.0,0.0,0.0,0.0,0.0,0.04,0.04
0.0,0.030303030303030304,0.0,0.0,0.0,0.030303030303030304,0.0,0.030303030303030304,0.0,0.0,0.0,0.030303030303030304,0.0,0.030303030303030304,0.0,0.0,0.030303030303030304,0.030303030303030304,0.0,0.0,0.030303030303030304,0.030303030303030304,0.0,0.030303030303030304,0.030303030303030304,0.0,0.0,0.0,0.030303030303030304,0.030303030303030304,0.030303030303030304,0.030303030303030304,0.030303030303030304,0.030303030303030304,0.0,0.030303030303030304,0.0,0.030303030303030304,0.0,0.030303030303030304,0.0,0.030303030303030304,0.030303030303030304,0.030303030303030304,0.030303030303030304,0.030303030303030304,0.030303030303030304,0.030303030303030304,0.030303030303030304,0.030303030303030304,0.030303030303030304,0.0,0.0,0.0,0.030303030303030304,0.030303030303030304,0.0,0.030303030303030304
0.0,0.03571428571428571,0.03571428571428571,0.03571428571428571,0.0,0.0,0.03571428571428571,0.0,0.03571428571428571,0.0,0.0,0.03571428571428571,0.0,0.03571428571428571,0.0,0.0,0.0,0.03571428571428571,0.0,0.0,0.03571428571428571,0.03571428571428571,0.0,0.0,0.03571428571428571,0.03571428571428571,0.0,0.0,0.0,0.03571428571428571,0.0,0.03571428571428571,0.03571428571428571,0.0,0.0,0.03571428571428571,0.0,0.03571428571428571,0.0,0.0,0.0,0.03571428571428571,0.03571428571428571,0.03571428571428571,0.03571428571428571,0.03571428571428571,0.0,0.0,0.03571428571428571,0.03571428571428571,0.03571428571428571,0.0,0.0,0.03571428571428571,0.03571428571428571,0.0,0.0,0.03571428571428571
0.027777777777777776,0.027777777777777776,0.027777777777777776,0.0,0.0,0.027777777777777776,0.027777777777777776,0.0,0.0,0.027777777777777776,0.0,0.027777777777777776,0.0,0.027777777777777776,0.0,0.0,0.027777777777777776,0.027777777777777776,0.0,0.0,0.027777777777777776,0.027777777777777776,0.027777777777777776,0.0,0.027777777777777776,0.027777777777777776,0.0,0.0,0.0,0.027777777777777776,0.027777777777777776,0.027777777777777776,0.027777777777777776,0.027777777777777776,0.0,0.027777777777777776,0.027777777777777776,0.027777777777777776,0.027777777777777776,0.0,0.0,0.027777777777777776,0.027777777777777776,0.027777777777777776,0.027777777777777776,0.0,0.0,0.027777777777777776,0.027777777777777776,0.027777777777777776,0.027777777777777776,0.0,0.0,0.027777777777777776,0.027777777777777776,0.027777777777777776,0.0,0.027777777777777776
0.0,0.041666666666666664,0.0,0.0,0.0,0.0,0.041666666666666664,0.0,0.0,0.0,0.0,0.0,0.0,0.0,0.0,0.0,0.041666666666666664,0.0,0.0,0.0,0.041666666666666664,0.041666666666666664,0.0,0.0,0.041666666666666664,0.0,0.0,0.0,0.0,0.041666666666666664,0.041666666666666664,0.041666666666666664,0.041666666666666664,0.0,0.041666666666666664,0.0,0.041666666666666664,0.041666666666666664,0.0,0.0,0.0,0.0,0.041666666666666664,0.041666666666666664,0.041666666666666664,0.041666666666666664,0.0,0.041666666666666664,0.041666666666666664,0.041666666666666664,0.041666666666666664,0.041666666666666664,0.0,0.0,0.041666666666666664,0.0,0.0,0.041666666666666664
0.03125,0.0,0.03125,0.03125,0.0,0.0,0.0,0.0,0.0,0.0,0.0,0.0,0.0,0.03125,0.03125,0.0,0.03125,0.03125,0.0,0.03125,0.03125,0.03125,0.0,0.0,0.03125,0.0,0.0,0.03125,0.03125,0.03125,0.03125,0.03125,0.03125,0.0,0.0,0.03125,0.0,0.03125,0.03125,0.0,0.0,0.0,0.03125,0.03125,0.03125,0.0,0.0,0.03125,0.03125,0.03125,0.03125,0.03125,0.0,0.03125,0.03125,0.03125,0.0,0.03125
0.0,0.0,0.0,0.0,0.0,0.047619047619047616,0.0,0.0,0.0,0.047619047619047616,0.0,0.0,0.0,0.047619047619047616,0.0,0.0,0.047619047619047616,0.0,0.0,0.0,0.047619047619047616,0.0,0.0,0.0,0.047619047619047616,0.0,0.0,0.0,0.0,0.047619047619047616,0.0,0.0,0.047619047619047616,0.0,0.0,0.047619047619047616,0.047619047619047616,0.047619047619047616,0.047619047619047616,0.0,0.0,0.0,0.047619047619047616,0.047619047619047616,0.047619047619047616,0.0,0.0,0.0,0.047619047619047616,0.047619047619047616,0.047619047619047616,0.0,0.0,0.0,0.047619047619047616,0.047619047619047616,0.0,0.047619047619047616
0.0,0.0,0.038461538461538464,0.0,0.0,0.038461538461538464,0.038461538461538464,0.0,0.0,0.0,0.0,0.0,0.0,0.038461538461538464,0.038461538461538464,0.038461538461538464,0.0,0.038461538461538464,0.0,0.0,0.038461538461538464,0.038461538461538464,0.0,0.0,0.038461538461538464,0.0,0.0,0.0,0.0,0.038461538461538464,0.038461538461538464,0.038461538461538464,0.038461538461538464,0.0,0.0,0.038461538461538464,0.0,0.038461538461538464,0.0,0.0,0.0,0.038461538461538464,0.038461538461538464,0.038461538461538464,0.0,0.0,0.0,0.038461538461538464,0.038461538461538464,0.038461538461538464,0.038461538461538464,0.038461538461538464,0.0,0.0,0.038461538461538464,0.0,0.0,0.038461538461538464
0.0,0.0,0.0,0.0,0.0,0.058823529411764705,0.0,0.0,0.0,0.0,0.0,0.0,0.0,0.058823529411764705,0.0,0.0,0.058823529411764705,0.058823529411764705,0.0,0.0,0.058823529411764705,0.058823529411764705,0.0,0.0,0.058823529411764705,0.0,0.0,0.0,0.0,0.058823529411764705,0.0,0.058823529411764705,0.0,0.0,0.0,0.058823529411764705,0.058823529411764705,0.0,0.0,0.0,0.0,0.0,0.058823529411764705,0.058823529411764705,0.0,0.0,0.0,0.0,0.058823529411764705,0.058823529411764705,0.058823529411764705,0.0,0.0,0.0,0.0,0.0,0.0,0.058823529411764705
0.0,0.03333333333333333,0.03333333333333333,0.0,0.0,0.03333333333333333,0.0,0.0,0.0,0.0,0.0,0.0,0.03333333333333333,0.03333333333333333,0.0,0.0,0.03333333333333333,0.03333333333333333,0.0,0.03333333333333333,0.03333333333333333,0.03333333333333333,0.0,0.0,0.03333333333333333,0.0,0.0,0.0,0.0,0.03333333333333333,0.0,0.03333333333333333,0.03333333333333333,0.03333333333333333,0.0,0.03333333333333333,0.0,0.0,0.0,0.0,0.03333333333333333,0.03333333333333333,0.03333333333333333,0.03333333333333333,0.03333333333333333,0.03333333333333333,0.03333333333333333,0.0,0.03333333333333333,0.03333333333333333,0.03333333333333333,0.0,0.0,0.03333333333333333,0.03333333333333333,0.0,0.03333333333333333,0.03333333333333333
0.0,0.038461538461538464,0.0,0.0,0.0,0.038461538461538464,0.0,0.0,0.0,0.0,0.0,0.0,0.0,0.038461538461538464,0.038461538461538464,0.0,0.038461538461538464,0.038461538461538464,0.0,0.0,0.038461538461538464,0.038461538461538464,0.0,0.0,0.038461538461538464,0.038461538461538464,0.0,0.0,0.0,0.038461538461538464,0.038461538461538464,0.038461538461538464,0.038461538461538464,0.0,0.0,0.038461538461538464,0.038461538461538464,0.038461538461538464,0.0,0.0,0.0,0.0,0.038461538461538464,0.038461538461538464,0.038461538461538464,0.038461538461538464,0.0,0.0,0.038461538461538464,0.038461538461538464,0.038461538461538464,0.0,0.0,0.0,0.038461538461538464,0.0,0.0,0.038461538461538464
0.03571428571428571,0.0,0.0,0.0,0.0,0.03571428571428571,0.0,0.0,0.0,0.0,0.0,0.03571428571428571,0.0,0.03571428571428571,0.0,0.0,0.03571428571428571,0.03571428571428571,0.0,0.0,0.03571428571428571,0.03571428571428571,0.0,0.0,0.03571428571428571,0.0,0.0,0.0,0.0,0.03571428571428571,0.0,0.03571428571428571,0.03571428571428571,0.0,0.03571428571428571,0.03571428571428571,0.0,0.03571428571428571,0.0,0.03571428571428571,0.0,0.03571428571428571,0.03571428571428571,0.03571428571428571,0.03571428571428571,0.03571428571428571,0.0,0.0,0.03571428571428571,0.03571428571428571,0.03571428571428571,0.0,0.0,0.03571428571428571,0.03571428571428571,0.0,0.03571428571428571,0.03571428571428571
0.034482758620689655,0.034482758620689655,0.034482758620689655,0.034482758620689655,0.0,0.0,0.0,0.0,0.0,0.0,0.0,0.034482758620689655,0.034482758620689655,0.034482758620689655,0.0,0.0,0.034482758620689655,0.0,0.0,0.034482758620689655,0.0,0.034482758620689655,0.034482758620689655,0.0,0.034482758620689655,0.034482758620689655,0.0,0.0,0.0,0.034482758620689655,0.0,0.034482758620689655,0.034482758620689655,0.0,0.034482758620689655,0.0,0.034482758620689655,0.034482758620689655,0.0,0.034482758620689655,0.0,0.034482758620689655,0.034482758620689655,0.0,0.034482758620689655,0.0,0.0,0.0,0.034482758620689655,0.034482758620689655,0.034482758620689655,0.0,0.0,0.0,0.034482758620689655,0.034482758620689655,0.0,0.034482758620689655
0.03571428571428571,0.0,0.0,0.0,0.0,0.0,0.0,0.0,0.0,0.03571428571428571,0.0,0.0,0.03571428571428571,0.03571428571428571,0.0,0.0,0.03571428571428571,0.03571428571428571,0.0,0.0,0.03571428571428571,0.03571428571428571,0.03571428571428571,0.03571428571428571,0.0,0.0,0.0,0.0,0.03571428571428571,0.03571428571428571,0.0,0.03571428571428571,0.03571428571428571,0.0,0.0,0.0,0.03571428571428571,0.0,0.03571428571428571,0.0,0.03571428571428571,0.03571428571428571,0.03571428571428571,0.03571428571428571,0.03571428571428571,0.0,0.0,0.03571428571428571,0.03571428571428571,0.03571428571428571,0.03571428571428571,0.03571428571428571,0.0,0.0,0.03571428571428571,0.0,0.0,0.03571428571428571
0.0,0.0,0.037037037037037035,0.0,0.0,0.0,0.0,0.0,0.0,0.037037037037037035,0.0,0.037037037037037035,0.0,0.037037037037037035,0.0,0.0,0.037037037037037035,0.0,0.0,0.0,0.037037037037037035,0.037037037037037035,0.037037037037037035,0.0,0.037037037037037035,0.037037037037037035,0.0,0.0,0.0,0.0,0.0,0.037037037037037035,0.037037037037037035,0.0,0.0,0.037037037037037035,0.0,0.037037037037037035,0.0,0.0,0.037037037037037035,0.037037037037037035,0.037037037037037035,0.037037037037037035,0.037037037037037035,0.037037037037037035,0.0,0.0,0.037037037037037035,0.037037037037037035,0.037037037037037035,0.0,0.0,0.037037037037037035,0.037037037037037035,0.037037037037037035,0.0,0.037037037037037035
0.02702702702702703,0.02702702702702703,0.02702702702702703,0.0,0.0,0.02702702702702703,0.02702702702702703,0.02702702702702703,0.0,0.02702702702702703,0.02702702702702703,0.02702702702702703,0.02702702702702703,0.02702702702702703,0.0,0.0,0.02702702702702703,0.02702702702702703,0.0,0.0,0.02702702702702703,0.02702702702702703,0.0,0.0,0.02702702702702703,0.02702702702702703,0.02702702702702703,0.0,0.02702702702702703,0.02702702702702703,0.0,0.02702702702702703,0.02702702702702703,0.0,0.0,0.02702702702702703,0.02702702702702703,0.02702702702702703,0.0,0.02702702702702703,0.0,0.02702702702702703,0.02702702702702703,0.02702702702702703,0.02702702702702703,0.02702702702702703,0.02702702702702703,0.0,0.02702702702702703,0.02702702702702703,0.02702702702702703,0.0,0.0,0.0,0.02702702702702703,0.0,0.0,0.02702702702702703
0.03125,0.03125,0.03125,0.03125,0.0,0.0,0.0,0.0,0.0,0.0,0.0,0.03125,0.0,0.03125,0.0,0.0,0.03125,0.0,0.0,0.0,0.03125,0.03125,0.03125,0.0,0.03125,0.03125,0.0,0.0,0.0,0.03125,0.0,0.03125,0.03125,0.03125,0.03125,0.03125,0.0,0.0,0.03125,0.03125,0.0,0.03125,0.03125,0.03125,0.03125,0.0,0.03125,0.0,0.03125,0.03125,0.03125,0.0,0.0,0.03125,0.03125,0.03125,0.0,0.03125
0.0,0.0,0.0,0.0,0.04,0.04,0.0,0.0,0.0,0.04,0.0,0.0,0.0,0.04,0.0,0.0,0.04,0.0,0.0,0.0,0.04,0.04,0.0,0.0,0.04,0.0,0.04,0.0,0.0,0.04,0.0,0.04,0.04,0.0,0.04,0.04,0.04,0.0,0.0,0.0,0.0,0.0,0.04,0.04,0.04,0.04,0.0,0.0,0.04,0.04,0.04,0.04,0.0,0.0,0.0,0.04,0.0,0.04
0.0,0.02631578947368421,0.02631578947368421,0.02631578947368421,0.02631578947368421,0.02631578947368421,0.02631578947368421,0.02631578947368421,0.0,0.0,0.0,0.0,0.02631578947368421,0.02631578947368421,0.0,0.0,0.02631578947368421,0.02631578947368421,0.0,0.0,0.02631578947368421,0.02631578947368421,0.02631578947368421,0.0,0.02631578947368421,0.02631578947368421,0.0,0.02631578947368421,0.0,0.02631578947368421,0.02631578947368421,0.02631578947368421,0.02631578947368421,0.02631578947368421,0.02631578947368421,0.02631578947368421,0.02631578947368421,0.02631578947368421,0.0,0.02631578947368421,0.0,0.02631578947368421,0.02631578947368421,0.02631578947368421,0.02631578947368421,0.0,0.0,0.02631578947368421,0.02631578947368421,0.02631578947368421,0.02631578947368421,0.0,0.0,0.0,0.02631578947368421,0.02631578947368421,0.0,0.02631578947368421
0.02702702702702703,0.02702702702702703,0.02702702702702703,0.0,0.0,0.02702702702702703,0.02702702702702703,0.0,0.0,0.02702702702702703,0.0,0.02702702702702703,0.02702702702702703,0.02702702702702703,0.02702702702702703,0.0,0.02702702702702703,0.0,0.0,0.0,0.02702702702702703,0.02702702702702703,0.0,0.0,0.02702702702702703,0.02702702702702703,0.0,0.02702702702702703,0.02702702702702703,0.02702702702702703,0.02702702702702703,0.02702702702702703,0.02702702702702703,0.0,0.0,0.02702702702702703,0.0,0.02702702702702703,0.0,0.02702702702702703,0.0,0.02702702702702703,0.02702702702702703,0.02702702702702703,0.02702702702702703,0.02702702702702703,0.0,0.0,0.02702702702702703,0.02702702702702703,0.02702702702702703,0.0,0.02702702702702703,0.02702702702702703,0.02702702702702703,0.02702702702702703,0.0,0.02702702702702703
0.0,0.0,0.0,0.0,0.0,0.058823529411764705,0.0,0.0,0.0,0.0,0.0,0.0,0.0,0.058823529411764705,0.0,0.0,0.0,0.058823529411764705,0.0,0.0,0.058823529411764705,0.058823529411764705,0.0,0.0,0.058823529411764705,0.0,0.058823529411764705,0.0,0.0,0.0,0.0,0.058823529411764705,0.058823529411764705,0.0,0.0,0.058823529411764705,0.0,0.0,0.0,0.0,0.0,0.0,0.0,0.058823529411764705,0.058823529411764705,0.0,0.0,0.0,0.058823529411764705,0.058823529411764705,0.058823529411764705,0.0,0.0,0.058823529411764705,0.0,0.0,0.0,0.058823529411764705
0.0,0.03571428571428571,0.03571428571428571,0.0,0.0,0.03571428571428571,0.0,0.0,0.0,0.0,0.0,0.0,0.0,0.0,0.0,0.0,0.03571428571428571,0.03571428571428571,0.0,0.0,0.03571428571428571,0.03571428571428571,0.03571428571428571,0.0,0.03571428571428571,0.03571428571428571,0.0,0.0,0.0,0.03571428571428571,0.03571428571428571,0.03571428571428571,0.03571428571428571,0.0,0.03571428571428571,0.03571428571428571,0.03571428571428571,0.03571428571428571,0.03571428571428571,0.0,0.0,0.03571428571428571,0.03571428571428571,0.03571428571428571,0.03571428571428571,0.0,0.0,0.0,0.03571428571428571,0.03571428571428571,0.03571428571428571,0.0,0.0,0.0,0.03571428571428571,0.0,0.0,0.03571428571428571
0.0,0.034482758620689655,0.034482758620689655,0.0,0.0,0.034482758620689655,0.0,0.034482758620689655,0.0,0.034482758620689655,0.0,0.0,0.034482758620689655,0.034482758620689655,0.0,0.0,0.034482758620689655,0.0,0.0,0.0,0.0,0.034482758620689655,0.034482758620689655,0.0,0.034482758620689655,0.034482758620689655,0.034482758620689655,0.0,0.0,0.034482758620689655,0.0,0.034482758620689655,0.034482758620689655,0.034482758620689655,0.0,0.034482758620689655,0.0,0.0,0.034482758620689655,0.0,0.0,0.034482758620689655,0.0,0.034482758620689655,0.034482758620689655,0.0,0.0,0.0,0.034482758620689655,0.034482758620689655,0.034482758620689655,0.0,0.0,0.034482758620689655,0.034482758620689655,0.034482758620689655,0.0,0.034482758620689655
0.0,0.027777777777777776,0.027777777777777776,0.027777777777777776,0.027777777777777776,0.027777777777777776,0.027777777777777776,0.027777777777777776,0.0,0.0,0.0,0.0,0.027777777777777776,0.027777777777777776,0.027777777777777776,0.0,0.027777777777777776,0.027777777777777776,0.0,0.0,0.027777777777777776,0.027777777777777776,0.0,0.0,0.027777777777777776,0.027777777777777776,0.0,0.0,0.0,0.027777777777777776,0.0,0.027777777777777776,0.027777777777777776,0.027777777777777776,0.0,0.027777777777777776,0.027777777777777776,0.027777777777777776,0.027777777777777776,0.027777777777777776,0.027777777777777776,0.027777777777777776,0.027777777777777776,0.027777777777777776,0.027777777777777776,0.0,0.027777777777777776,0.0,0.027777777777777776,0.027777777777777776,0.027777777777777776,0.0,0.0,0.0,0.027777777777777776,0.0,0.0,0.027777777777777776
0.02564102564102564,0.02564102564102564,0.02564102564102564,0.02564102564102564,0.02564102564102564,0.02564102564102564,0.02564102564102564,0.02564102564102564,0.0,0.02564102564102564,0.0,0.02564102564102564,0.0,0.02564102564102564,0.0,0.0,0.02564102564102564,0.02564102564102564,0.0,0.0,0.02564102564102564,0.02564102564102564,0.02564102564102564,0.0,0.02564102564102564,0.02564102564102564,0.0,0.02564102564102564,0.0,0.02564102564102564,0.0,0.02564102564102564,0.02564102564102564,0.02564102564102564,0.02564102564102564,0.02564102564102564,0.02564102564102564,0.02564102564102564,0.0,0.0,0.0,0.02564102564102564,0.02564102564102564,0.02564102564102564,0.02564102564102564,0.02564102564102564,0.02564102564102564,0.0,0.02564102564102564,0.02564102564102564,0.02564102564102564,0.0,0.0,0.0,0.02564102564102564,0.02564102564102564,0.0,0.02564102564102564
0.0,0.03125,0.03125,0.03125,0.0,0.03125,0.03125,0.0,0.0,0.0,0.0,0.03125,0.0,0.03125,0.03125,0.0,0.03125,0.0,0.0,0.0,0.03125,0.03125,0.03125,0.03125,0.03125,0.03125,0.03125,0.03125,0.0,0.03125,0.0,0.0,0.0,0.0,0.0,0.03125,0.0,0.03125,0.0,0.03125,0.0,0.03125,0.03125,0.03125,0.03125,0.0,0.0,0.0,0.03125,0.03125,0.03125,0.0,0.0,0.03125,0.03125,0.03125,0.0,0.03125
0.030303030303030304,0.030303030303030304,0.030303030303030304,0.0,0.0,0.030303030303030304,0.0,0.0,0.0,0.0,0.0,0.030303030303030304,0.030303030303030304,0.030303030303030304,0.0,0.0,0.030303030303030304,0.030303030303030304,0.030303030303030304,0.0,0.030303030303030304,0.030303030303030304,0.030303030303030304,0.0,0.030303030303030304,0.030303030303030304,0.0,0.030303030303030304,0.0,0.030303030303030304,0.0,0.030303030303030304,0.030303030303030304,0.0,0.030303030303030304,0.030303030303030304,0.030303030303030304,0.030303030303030304,0.0,0.030303030303030304,0.0,0.030303030303030304,0.030303030303030304,0.030303030303030304,0.0,0.030303030303030304,0.0,0.0,0.030303030303030304,0.030303030303030304,0.030303030303030304,0.0,0.0,0.0,0.030303030303030304,0.0,0.0,0.030303030303030304
0.043478260869565216,0.043478260869565216,0.0,0.0,0.0,0.0,0.0,0.0,0.0,0.043478260869565216,0.0,0.0,0.043478260869565216,0.043478260869565216,0.0,0.0,0.043478260869565216,0.0,0.0,0.0,0.043478260869565216,0.043478260869565216,0.0,0.043478260869565216,0.0,0.043478260869565216,0.0,0.0,0.0,0.043478260869565216,0.0,0.043478260869565216,0.043478260869565216,0.0,0.0,0.043478260869565216,0.043478260869565216,0.0,0.0,0.0,0.0,0.0,0.043478260869565216,0.043478260869565216,0.043478260869565216,0.043478260869565216,0.0,0.0,0.0,0.043478260869565216,0.043478260869565216,0.0,0.0,0.0,0.043478260869565216,0.0,0.0,0.043478260869565216
0.0,0.02564102564102564,0.02564102564102564,0.02564102564102564,0.02564102564102564,0.02564102564102564,0.0,0.02564102564102564,0.0,0.0,0.02564102564102564,0.02564102564102564,0.02564102564102564,0.02564102564102564,0.0,0.0,0.02564102564102564,0.02564102564102564,0.0,0.0,0.02564102564102564,0.02564102564102564,0.02564102564102564,0.0,0.02564102564102564,0.02564102564102564,0.0,0.0,0.0,0.02564102564102564,0.0,0.02564102564102564,0.02564102564102564,0.02564102564102564,0.02564102564102564,0.02564102564102564,0.02564102564102564,0.02564102564102564,0.0,0.02564102564102564,0.0,0.02564102564102564,0.02564102564102564,0.02564102564102564,0.02564102564102564,0.02564102564102564,0.02564102564102564,0.0,0.02564102564102564,0.02564102564102564,0.02564102564102564,0.0,0.0,0.02564102564102564,0.02564102564102564,0.02564102564102564,0.0,0.02564102564102564
0.02564102564102564,0.02564102564102564,0.02564102564102564,0.02564102564102564,0.0,0.0,0.0,0.02564102564102564,0.0,0.02564102564102564,0.0,0.02564102564102564,0.02564102564102564,0.0,0.0,0.0,0.02564102564102564,0.02564102564102564,0.0,0.0,0.02564102564102564,0.02564102564102564,0.0,0.02564102564102564,0.02564102564102564,0.02564102564102564,0.0,0.0,0.02564102564102564,0.02564102564102564,0.0,0.02564102564102564,0.02564102564102564,0.0,0.02564102564102564,0.02564102564102564,0.02564102564102564,0.02564102564102564,0.0,0.02564102564102564,0.02564102564102564,0.02564102564102564,0.02564102564102564,0.02564102564102564,0.02564102564102564,0.02564102564102564,0.02564102564102564,0.02564102564102564,0.02564102564102564,0.02564102564102564,0.02564102564102564,0.0,0.0,0.02564102564102564,0.02564102564102564,0.02564102564102564,0.0,0.02564102564102564
0.0,0.047619047619047616,0.0,0.0,0.0,0.0,0.0,0.0,0.0,0.0,0.0,0.0,0.0,0.047619047619047616,0.0,0.0,0.047619047619047616,0.0,0.0,0.0,0.047619047619047616,0.047619047619047616,0.0,0.0,0.047619047619047616,0.0,0.047619047619047616,0.0,0.0,0.047619047619047616,0.0,0.0,0.047619047619047616,0.0,0.0,0.047619047619047616,0.047619047619047616,0.047619047619047616,0.0,0.0,0.0,0.047619047619047616,0.047619047619047616,0.047619047619047616,0.047619047619047616,0.0,0.0,0.0,0.047619047619047616,0.047619047619047616,0.047619047619047616,0.0,0.0,0.0,0.047619047619047616,0.0,0.0,0.047619047619047616
0.030303030303030304,0.030303030303030304,0.0,0.0,0.0,0.030303030303030304,0.0,0.0,0.030303030303030304,0.030303030303030304,0.0,0.0,0.0,0.030303030303030304,0.030303030303030304,0.0,0.030303030303030304,0.0,0.0,0.0,0.030303030303030304,0.030303030303030304,0.0,0.030303030303030304,0.030303030303030304,0.0,0.0,0.0,0.0,0.030303030303030304,0.0,0.030303030303030304,0.030303030303030304,0.0,0.0,0.030303030303030304,0.030303030303030304,0.030303030303030304,0.0,0.030303030303030304,0.0,0.030303030303030304,0.030303030303030304,0.030303030303030304,0.030303030303030304,0.030303030303030304,0.0,0.030303030303030304,0.030303030303030304,0.030303030303030304,0.030303030303030304,0.030303030303030304,0.0,0.030303030303030304,0.030303030303030304,0.030303030303030304,0.0,0.030303030303030304
0.0,0.0,0.0,0.0,0.0,0.0,0.0,0.0,0.0,0.0,0.0,0.0,0.0,0.0,0.0,0.0,0.0,0.0,0.0,0.0,0.1,0.0,0.0,0.0,0.0,0.0,0.0,0.0,0.0,0.1,0.0,0.0,0.0,0.0,0.1,0.1,0.0,0.0,0.0,0.0,0.1,0.0,0.1,0.1,0.0,0.0,0.1,0.0,0.0,0.1,0.1,0.0,0.0,0.0,0.0,0.0,0.0,0.0
0.0,0.02702702702702703,0.02702702702702703,0.0,0.0,0.0,0.0,0.02702702702702703,0.0,0.02702702702702703,0.0,0.02702702702702703,0.02702702702702703,0.02702702702702703,0.0,0.0,0.02702702702702703,0.02702702702702703,0.0,0.02702702702702703,0.02702702702702703,0.02702702702702703,0.02702702702702703,0.02702702702702703,0.02702702702702703,0.0,0.0,0.02702702702702703,0.0,0.02702702702702703,0.0,0.02702702702702703,0.02702702702702703,0.02702702702702703,0.02702702702702703,0.02702702702702703,0.0,0.02702702702702703,0.02702702702702703,0.02702702702702703,0.0,0.02702702702702703,0.02702702702702703,0.02702702702702703,0.02702702702702703,0.0,0.02702702702702703,0.02702702702702703,0.02702702702702703,0.02702702702702703,0.02702702702702703,0.0,0.0,0.02702702702702703,0.02702702702702703,0.0,0.0,0.02702702702702703
0.0,0.03571428571428571,0.0,0.0,0.0,0.03571428571428571,0.03571428571428571,0.0,0.0,0.0,0.0,0.03571428571428571,0.0,0.03571428571428571,0.0,0.0,0.03571428571428571,0.03571428571428571,0.0,0.0,0.03571428571428571,0.03571428571428571,0.0,0.0,0.03571428571428571,0.03571428571428571,0.0,0.0,0.0,0.03571428571428571,0.0,0.03571428571428571,0.03571428571428571,0.0,0.03571428571428571,0.03571428571428571,0.0,0.03571428571428571,0.0,0.0,0.0,0.03571428571428571,0.03571428571428571,0.03571428571428571,0.03571428571428571,0.0,0.0,0.03571428571428571,0.03571428571428571,0.03571428571428571,0.03571428571428571,0.0,0.0,0.03571428571428571,0.03571428571428571,0.0,0.0,0.03571428571428571
0.038461538461538464,0.038461538461538464,0.038461538461538464,0.0,0.038461538461538464,0.0,0.0,0.0,0.0,0.0,0.0,0.0,0.038461538461538464,0.038461538461538464,0.0,0.0,0.038461538461538464,0.0,0.0,0.0,0.038461538461538464,0.038461538461538464,0.0,0.0,0.038461538461538464,0.038461538461538464,0.0,0.0,0.0,0.038461538461538464,0.0,0.038461538461538464,0.038461538461538464,0.038461538461538464,0.0,0.0,0.038461538461538464,0.038461538461538464,0.0,0.0,0.0,0.038461538461538464,0.038461538461538464,0.038461538461538464,0.038461538461538464,0.038461538461538464,0.0,0.0,0.0,0.038461538461538464,0.038461538461538464,0.0,0.0,0.0,0.038461538461538464,0.0,0.0,0.038461538461538464
0.030303030303030304,0.030303030303030304,0.030303030303030304,0.0,0.030303030303030304,0.030303030303030304,0.0,0.0,0.0,0.0,0.0,0.0,0.030303030303030304,0.030303030303030304,0.0,0.0,0.030303030303030304,0.030303030303030304,0.0,0.0,0.030303030303030304,0.030303030303030304,0.030303030303030304,0.0,0.030303030303030304,0.0,0.0,0.0,0.0,0.030303030303030304,0.030303030303030304,0.030303030303030304,0.030303030303030304,0.0,0.0,0.030303030303030304,0.030303030303030304,0.030303030303030304,0.0,0.030303030303030304,0.0,0.030303030303030304,0.030303030303030304,0.030303030303030304,0.030303030303030304,0.0,0.030303030303030304,0.0,0.030303030303030304,0.030303030303030304,0.030303030303030304,0.0,0.0,0.030303030303030304,0.030303030303030304,0.030303030303030304,0.0,0.030303030303030304
0.027777777777777776,0.027777777777777776,0.027777777777777776,0.0,0.027777777777777776,0.027777777777777776,0.027777777777777776,0.0,0.0,0.0,0.027777777777777776,0.027777777777777776,0.0,0.027777777777777776,0.0,0.0,0.027777777777777776,0.027777777777777776,0.0,0.0,0.027777777777777776,0.027777777777777776,0.0,0.027777777777777776,0.027777777777777776,0.027777777777777776,0.0,0.0,0.0,0.027777777777777776,0.027777777777777776,0.027777777777777776,0.0,0.027777777777777776,0.027777777777777776,0.027777777777777776,0.0,0.027777777777777776,0.0,0.027777777777777776,0.0,0.027777777777777776,0.027777777777777776,0.027777777777777776,0.027777777777777776,0.027777777777777776,0.0,0.0,0.027777777777777776,0.027777777777777776,0.027777777777777776,0.0,0.0,0.027777777777777776,0.027777777777777776,0.027777777777777776,0.0,0.027777777777777776
0.0,0.02631578947368421,0.02631578947368421,0.02631578947368421,0.02631578947368421,0.02631578947368421,0.02631578947368421,0.02631578947368421,0.0,0.02631578947368421,0.0,0.0,0.02631578947368421,0.02631578947368421,0.02631578947368421,0.0,0.02631578947368421,0.0,0.0,0.0,0.02631578947368421,0.02631578947368421,0.02631578947368421,0.0,0.02631578947368421,0.0,0.0,0.02631578947368421,0.0,0.02631578947368421,0.02631578947368421,0.02631578947368421,0.02631578947368421,0.0,0.02631578947368421,0.02631578947368421,0.02631578947368421,0.02631578947368421,0.02631578947368421,0.0,0.0,0.02631578947368421,0.02631578947368421,0.02631578947368421,0.02631578947368421,0.0,0.02631578947368421,0.02631578947368421,0.02631578947368421,0.02631578947368421,0.02631578947368421,0.0,0.0,0.0,0.02631578947368421,0.02631578947368421,0.0,0.02631578947368421
0.024390243902439025,0.024390243902439025,0.024390243902439025,0.024390243902439025,0.024390243902439025,0.024390243902439025,0.024390243902439025,0.0,0.0,0.0,0.0,0.024390243902439025,0.024390243902439025,0.024390243902439025,0.0,0.0,0.024390243902439025,0.024390243902439025,0.0,0.024390243902439025,0.024390243902439025,0.024390243902439025,0.024390243902439025,0.0,0.024390243902439025,0.0,0.0,0.024390243902439025,0.024390243902439025,0.024390243902439025,0.024390243902439025,0.024390243902439025,0.024390243902439025,0.024390243902439025,0.024390243902439025,0.024390243902439025,0.0,0.024390243902439025,0.0,0.024390243902439025,0.0,0.024390243902439025,0.024390243902439025,0.024390243902439025,0.024390243902439025,0.0,0.024390243902439025,0.024390243902439025,0.024390243902439025,0.024390243902439025,0.024390243902439025,0.0,0.024390243902439025,0.024390243902439025,0.024390243902439025,0.0,0.0,0.024390243902439025
0.0,0.03333333333333333,0.03333333333333333,0.0,0.0,0.03333333333333333,0.03333333333333333,0.03333333333333333,0.0,0.0,0.0,0.0,0.03333333333333333,0.03333333333333333,0.0,0.0,0.03333333333333333,0.0,0.0,0.0,0.03333333333333333,0.03333333333333333,0.03333333333333333,0.0,0.03333333333333333,0.0,0.0,0.03333333333333333,0.0,0.03333333333333333,0.0,0.03333333333333333,0.03333333333333333,0.0,0.0,0.03333333333333333,0.0,0.0,0.0,0.03333333333333333,0.0,0.03333333333333333,0.03333333333333333,0.03333333333333333,0.03333333333333333,0.0,0.03333333333333333,0.03333333333333333,0.03333333333333333,0.03333333333333333,0.03333333333333333,0.0,0.0,0.03333333333333333,0.03333333333333333,0.0,0.0,0.03333333333333333
0.0,0.034482758620689655,0.0,0.0,0.0,0.034482758620689655,0.034482758620689655,0.034482758620689655,0.034482758620689655,0.0,0.0,0.0,0.0,0.034482758620689655,0.034482758620689655,0.0,0.034482758620689655,0.034482758620689655,0.0,0.0,0.034482758620689655,0.034482758620689655,0.034482758620689655,0.0,0.034482758620689655,0.0,0.0,0.0,0.0,0.034482758620689655,0.0,0.034482758620689655,0.034482758620689655,0.0,0.0,0.034482758620689655,0.034482758620689655,0.034482758620689655,0.0,0.0,0.0,0.034482758620689655,0.034482758620689655,0.034482758620689655,0.034482758620689655,0.0,0.034482758620689655,0.0,0.034482758620689655,0.034482758620689655,0.034482758620689655,0.0,0.0,0.0,0.034482758620689655,0.0,0.0,0.034482758620689655
0.022222222222222223,0.022222222222222223,0.022222222222222223,0.022222222222222223,0.0,0.022222222222222223,0.022222222222222223,0.0,0.0,0.022222222222222223,0.0,0.022222222222222223,0.022222222222222223,0.022222222222222223,0.022222222222222223,0.0,0.022222222222222223,0.022222222222222223,0.0,0.0,0.022222222222222223,0.022222222222222223,0.0,0.022222222222222223,0.022222222222222223,0.022222222222222223,0.0,0.022222222222222223,0.022222222222222223,0.022222222222222223,0.022222222222222223,0.022222222222222223,0.022222222222222223,0.022222222222222223,0.022222222222222223,0.022222222222222223,0.0,0.022222222222222223,0.022222222222222223,0.022222222222222223,0.0,0.022222222222222223,0.022222222222222223,0.022222222222222223,0.022222222222222223,0.022222222222222223,0.022222222222222223,0.022222222222222223,0.022222222222222223,0.022222222222222223,0.022222222222222223,0.022222222222222223,0.0,0.022222222222222223,0.022222222222222223,0.022222222222222223,0.0,0.022222222222222223
0.02631578947368421,0.02631578947368421,0.02631578947368421,0.0,0.0,0.02631578947368421,0.02631578947368421,0.02631578947368421,0.02631578947368421,0.02631578947368421,0.0,0.02631578947368421,0.02631578947368421,0.02631578947368421,0.0,0.0,0.0,0.02631578947368421,0.0,0.0,0.02631578947368421,0.02631578947368421,0.0,0.0,0.02631578947368421,0.02631578947368421,0.0,0.0,0.0,0.02631578947368421,0.02631578947368421,0.02631578947368421,0.0,0.02631578947368421,0.02631578947368421,0.02631578947368421,0.02631578947368421,0.02631578947368421,0.02631578947368421,0.02631578947368421,0.0,0.02631578947368421,0.02631578947368421,0.02631578947368421,0.02631578947368421,0.0,0.0,0.02631578947368421,0.02631578947368421,0.02631578947368421,0.02631578947368421,0.02631578947368421,0.0,0.02631578947368421,0.02631578947368421,0.0,0.0,0.02631578947368421
0.0,0.0,0.0,0.0,0.0,0.0,0.0,0.0,0.041666666666666664,0.041666666666666664,0.0,0.041666666666666664,0.041666666666666664,0.041666666666666664,0.0,0.0,0.041666666666666664,0.0,0.0,0.0,0.041666666666666664,0.041666666666666664,0.0,0.0,0.041666666666666664,0.0,0.0,0.0,0.0,0.041666666666666664,0.0,0.041666666666666664,0.041666666666666664,0.0,0.0,0.041666666666666664,0.0,0.041666666666666664,0.0,0.0,0.0,0.0,0.041666666666666664,0.041666666666666664,0.041666666666666664,0.041666666666666664,0.0,0.0,0.0,0.041666666666666664,0.041666666666666664,0.0,0.0,0.041666666666666664,0.041666666666666664,0.041666666666666664,0.0,0.041666666666666664
0.0,0.037037037037037035,0.0,0.0,0.0,0.037037037037037035,0.037037037037037035,0.0,0.0,0.0,0.0,0.037037037037037035,0.0,0.037037037037037035,0.0,0.0,0.037037037037037035,0.0,0.0,0.0,0.037037037037037035,0.037037037037037035,0.037037037037037035,0.0,0.037037037037037035,0.0,0.0,0.0,0.0,0.037037037037037035,0.0,0.037037037037037035,0.037037037037037035,0.0,0.0,0.037037037037037035,0.037037037037037035,0.037037037037037035,0.037037037037037035,0.0,0.0,0.037037037037037035,0.037037037037037035,0.037037037037037035,0.037037037037037035,0.0,0.0,0.0,0.037037037037037035,0.037037037037037035,0.037037037037037035,0.0,0.0,0.037037037037037035,0.037037037037037035,0.0,0.0,0.037037037037037035
0.02702702702702703,0.02702702702702703,0.0,0.02702702702702703,0.0,0.02702702702702703,0.02702702702702703,0.02702702702702703,0.0,0.0,0.0,0.02702702702702703,0.02702702702702703,0.02702702702702703,0.02702702702702703,0.0,0.02702702702702703,0.02702702702702703,0.0,0.02702702702702703,0.02702702702702703,0.02702702702702703,0.0,0.0,0.02702702702702703,0.0,0.0,0.02702702702702703,0.02702702702702703,0.02702702702702703,0.02702702702702703,0.02702702702702703,0.02702702702702703,0.02702702702702703,0.0,0.02702702702702703,0.02702702702702703,0.02702702702702703,0.0,0.02702702702702703,0.0,0.02702702702702703,0.02702702702702703,0.02702702702702703,0.02702702702702703,0.0,0.0,0.0,0.02702702702702703,0.02702702702702703,0.02702702702702703,0.0,0.0,0.0,0.02702702702702703,0.02702702702702703,0.0,0.02702702702702703
0.022727272727272728,0.022727272727272728,0.022727272727272728,0.0,0.022727272727272728,0.022727272727272728,0.022727272727272728,0.022727272727272728,0.022727272727272728,0.022727272727272728,0.0,0.022727272727272728,0.022727272727272728,0.022727272727272728,0.022727272727272728,0.0,0.022727272727272728,0.022727272727272728,0.022727272727272728,0.0,0.022727272727272728,0.022727272727272728,0.022727272727272728,0.0,0.022727272727272728,0.0,0.0,0.022727272727272728,0.0,0.022727272727272728,0.022727272727272728,0.022727272727272728,0.022727272727272728,0.0,0.022727272727272728,0.022727272727272728,0.022727272727272728,0.022727272727272728,0.022727272727272728,0.022727272727272728,0.0,0.022727272727272728,0.022727272727272728,0.022727272727272728,0.022727272727272728,0.022727272727272728,0.022727272727272728,0.0,0.022727272727272728,0.022727272727272728,0.022727272727272728,0.0,0.0,0.022727272727272728,0.022727272727272728,0.022727272727272728,0.0,0.022727272727272728
0.0,0.025,0.025,0.0,0.0,0.0,0.025,0.025,0.0,0.0,0.0,0.025,0.025,0.025,0.025,0.0,0.025,0.025,0.0,0.025,0.025,0.025,0.0,0.0,0.025,0.025,0.0,0.025,0.0,0.025,0.025,0.025,0.025,0.025,0.025,0.025,0.0,0.025,0.0,0.025,0.0,0.025,0.025,0.025,0.025,0.025,0.025,0.025,0.025,0.025,0.025,0.025,0.0,0.025,0.025,0.025,0.0,0.025
0.0,0.030303030303030304,0.0,0.0,0.030303030303030304,0.030303030303030304,0.030303030303030304,0.0,0.0,0.0,0.0,0.030303030303030304,0.0,0.030303030303030304,0.0,0.0,0.030303030303030304,0.030303030303030304,0.0,0.0,0.030303030303030304,0.030303030303030304,0.030303030303030304,0.030303030303030304,0.030303030303030304,0.030303030303030304,0.0,0.0,0.0,0.030303030303030304,0.030303030303030304,0.030303030303030304,0.030303030303030304,0.0,0.030303030303030304,0.030303030303030304,0.030303030303030304,0.030303030303030304,0.0,0.0,0.0,0.030303030303030304,0.030303030303030304,0.030303030303030304,0.030303030303030304,0.0,0.0,0.030303030303030304,0.030303030303030304,0.030303030303030304,0.030303030303030304,0.030303030303030304,0.0,0.0,0.030303030303030304,0.0,0.0,0.030303030303030304
0.02702702702702703,0.02702702702702703,0.0,0.0,0.02702702702702703,0.02702702702702703,0.0,0.02702702702702703,0.0,0.0,0.0,0.02702702702702703,0.02702702702702703,0.02702702702702703,0.02702702702702703,0.0,0.02702702702702703,0.02702702702702703,0.0,0.02702702702702703,0.02702702702702703,0.02702702702702703,0.02702702702702703,0.02702702702702703,0.02702702702702703,0.0,0.0,0.02702702702702703,0.0,0.02702702702702703,0.02702702702702703,0.02702702702702703,0.02702702702702703,0.02702702702702703,0.0,0.02702702702702703,0.02702702702702703,0.02702702702702703,0.02702702702702703,0.0,0.0,0.02702702702702703,0.02702702702702703,0.02702702702702703,0.02702702702702703,0.0,0.0,0.02702702702702703,0.02702702702702703,0.02702702702702703,0.02702702702702703,0.0,0.0,0.0,0.02702702702702703,0.0,0.0,0.02702702702702703
