0.0021119279009955594,0.008967958177044127,0.0024567289612440523,0.004603473206792531,0.023359337359784883,0.07142822326992179,0.007165982663388167,0.0,0.0,0.010262281960955223,0.0,0.04357050507367713,0.0,0.011618107522660718,0.0,0.0,0.005030754878938796,0.04735675243158097,0.0,0.0,0.010030748677942533,0.014168568836867257,0.0,0.008842019338410622,0.006528511669020105,0.007792572526027764,0.0,0.0,0.0,0.0685837144230653,0.0,0.0034557224977708532,0.0007204251204436669,0.02824016173676963,0.13204807368708554,0.03343160207261278,0.0,0.004627256370577731,0.08290307535820861,0.021694876432638923,0.0,0.0,0.004631032647692871,0.030072814260238955,0.012443476048483317,0.0,0.0027656826814025674,0.050868503087458446,0.08993562676282418,0.027545306678882418,0.015918979057937398,0.0,0.0,0.033350025481042496,0.02109443329611965,0.002145095424867844,0.0,0.048229662418624385
0.0,0.0,0.0019219976045899917,0.0,0.0,0.0,0.0,0.0003371842809202055,0.0,0.0,0.0,0.0,0.004528951883016656,0.018308500034200474,0.0,0.0,0.029518264334766165,0.20994515010485934,0.0,0.0,0.004074647885088938,0.05274767638627468,0.02460552410441445,0.0,0.025806445032434556,0.03657868689140626,0.0,0.0,0.0,0.014255436491230148,0.0,0.01865453022532605,0.0,0.0,0.0,0.036900747963143285,0.0,0.000282085505383387,0.038915110070437686,0.05091841242665287,0.0,0.016651268703255086,0.08912699844176734,0.01863228444760114,0.03103045228177128,0.0,0.0,0.0,0.018389639917676875,0.0497875469281952,0.12392717547752755,0.0,0.0,0.03458588366045988,0.00990182645517538,0.025172938265504128,0.0,0.014494634196921161
0.0,0.037013300018687155,0.006759740510504399,0.0,0.0,0.006408794009843236,0.0,0.0,0.0,0.0060507635786577075,0.00784745546094114,0.03996174982982412,0.0,0.0,0.0,0.0,0.033221350863418105,0.0,0.0,0.0,0.008757632960990537,0.09679061032494593,0.0,0.0,0.005672630702084512,0.0,0.0,0.0,0.0,0.0,0.0,0.0,0.0,0.0,0.0,0.010696249971609957,0.08375540955548177,0.0,0.0,0.0,0.0,0.0,0.0,0.005553420676911135,0.0064197184264355315,0.18728086205494582,0.0,0.0,0.014060215057252143,0.0574969882858351,0.31512512302466456,0.0,0.0,0.0,0.00696501666407141,0.00590227439458119,0.0,0.05826069362831447
0.0,0.04567405121816528,0.030029217986669632,0.018756471525539668,0.0,0.0,0.0,0.0017560514902567657,0.0,0.0,0.003873471347853418,0.019724953361805506,0.0,0.011496140483744356,0.0,0.0,0.06559171671183235,0.02858537629551913,0.0,0.0,0.016112007319569653,0.0378222485559972,0.007475133076718009,0.0,0.03639986826979709,0.0,0.0,0.0,0.0,0.018560514410018367,0.0,0.0,0.0,0.0,0.0030063942707691765,0.0,0.005277618603446129,0.0,0.0,0.0,0.0015872597294628,0.09394614199076756,0.004193060738860595,0.0,0.025349970328449305,0.0,0.0,0.023028850160294177,0.0416403993785656,0.04515046210912884,0.23379183178297278,0.0,0.0,0.12324183007187582,0.017189516155832,0.0,0.0,0.040739442626088695
0.014791641909300011,0.0015694153140629705,0.01147105291671927,0.0,0.0,0.0,0.0,0.0,0.0,0.018482299388372245,0.0,0.0203441397241864,0.0,0.0,0.0,0.0,0.03875819703915339,0.0,0.0,0.0,0.00013503120562704531,0.08828468215034092,0.012849636441810608,0.018578486530723703,0.0,0.0018182913653198355,0.0,0.0,0.0,0.0,0.0,0.0,0.0005043043634770499,0.0,0.0,0.0,0.0,0.0,0.06967704611088785,0.0,0.0,0.0,0.0,0.0,0.004357625964594283,0.0,0.0,0.0,0.0,0.010644059341106299,0.2903010253756818,0.0,0.0,0.15861646233360605,0.001181304884361395,0.0,0.1952050796288923,0.04243021801177655
0.0,0.009450814036084521,0.009205335952701222,0.0,0.0218818085912625,0.05454639493660833,0.010069079859731435,0.0,0.0,0.0,0.0,0.0,0.0,0.03894644755827495,0.0,0.0,0.033930362238773396,0.01971614720589115,0.0,0.0,0.015178612112595122,0.030206099019034195,0.0007365450530532126,0.0,0.04152151192641822,0.014599341068855732,0.0015644784896696599,0.03433668769669506,0.0,0.05334049013440397,0.0,0.04564369678194799,0.0020245700056150196,0.0,8.639987651142426e-05,0.036900635371039436,0.0,0.019927777844544192,0.031063726605232485,0.0,0.0,0.12461027348011507,0.05523861244015688,0.05180374275103418,0.01311344967178311,0.0,0.0,0.003970915916242593,0.023933812422591547,0.016905421423843915,0.070708238747985,0.0,0.0,0.0070836178636023515,0.04742440580973657,0.0,0.0,0.0603305471079656
0.0,0.0013184680448368564,0.002889494737446138,0.0,0.0,0.05205014506779311,0.0006020236555752897,0.0,0.0,0.0008621478436228195,0.0,0.011387926455087525,0.004539155349213111,0.04597199585843542,0.0,0.0,0.011242216819994846,0.010314624924866445,0.0,0.0,0.03664102605729541,0.04482163201009707,0.0015413114564534836,0.015599381586115329,0.04485891441375276,0.009165275315403499,0.0,0.0,0.0,0.037802501325854165,0.0,0.005690258966574478,0.0059313244830314785,0.07307262225887008,0.03171272736787785,0.03962560725659116,0.0005078265705004578,0.06728757566672887,0.0,0.0127582991589733,0.0,0.08344395735085597,0.022997681842918036,0.016063037612220915,0.008232456205809476,0.03886703634386204,0.008132187710898091,0.0,0.047680399970396956,0.018991691025693393,0.036897937121925815,0.0,0.0,0.09943043071580894,0.017863454532169108,0.0,0.0,0.03320524691645024
0.0,0.0,0.053711517209521074,0.0,0.0,0.0,0.0,0.0,0.0,0.0,0.0,0.02116856378916247,0.0,0.0,0.0,0.0,0.04399502904724143,0.0,0.0,0.0,0.0012652079550020618,0.012817979937739896,0.0,0.0,0.016526992003009666,0.0,0.07789610457335262,0.0,0.0,0.023791979454002934,0.0,0.0438205013937527,0.0,0.0,0.00013443430369814628,0.0,0.1585881148754266,0.007883053473380428,0.0,0.0,0.0,0.0,0.010349839585690707,0.014120438006716862,0.0,0.06973204442288256,0.0,0.0,0.008937570398395041,0.04430153020544113,0.2882544714562657,0.0,0.0,0.0,0.0036895131012491035,0.0,0.0,0.09901511480806889
0.0,0.010800046098780368,0.003944823640028612,0.0,0.0750172018858982,0.041140215785356024,0.0,0.0,0.0,0.01765540790228785,0.0,0.0,0.0,0.04677190844467228,0.0,0.0,0.004846799942284492,0.05069454758917352,0.0,0.0,0.016726087852342166,0.054131200450770155,0.0,0.0,0.013241662971508795,0.018769057231540133,0.0,0.0,0.0,0.06095559749312112,0.12536945108059397,0.08989272825981491,0.0017352036534127179,0.0,0.0,0.01165188336938303,0.0,0.0023158727366693953,0.026623871609536685,0.0,0.0,0.017088017194109597,0.027265905297195497,0.021713669720601906,0.01498557938523126,0.0,0.0,0.0,0.03282084107319715,0.030503539077717176,0.06545234000244336,0.0,0.0,0.0,0.02438770749876701,0.0,0.0,0.09349883275356274
0.0,0.006087903413078489,0.013342012990663257,0.0,0.0,0.0,0.022238333921910183,0.0007802148467198362,0.0,0.0,0.0,0.0,0.020959221667890448,0.048673846468138306,0.0,0.0,0.01639264550565079,0.009525376295305657,0.0,0.0,0.05709407666417156,0.05572008740935897,0.0,0.0,0.016794523595394285,0.0,0.0,0.0,0.0,0.039857885909336005,0.05249762881285394,0.003753474725964605,0.0019562420655206644,0.0,0.0,0.09758298982843411,0.0,0.008159008544223566,0.0,0.05891025823428342,0.0,0.0,0.013972364842355077,0.012787897402174408,0.008447267388934082,0.0,0.0,0.0,0.01480070477612545,0.03782819451978491,0.20122468529779855,0.0,0.0,0.14110327097252437,0.009164787958225212,0.0,0.0,0.030345095943179815
0.004075966240291301,0.005769310911028428,0.0010536468128079129,0.029615249089957142,0.0,0.0,0.0,0.0,0.0,0.0,0.0,0.006228873767712053,0.0,0.022742971745000975,0.0,0.0,0.013592917798654255,0.0,0.0,0.0,0.0,0.23384664253366988,0.0,0.0,0.007073605979360058,0.0016710470172228355,0.039395651902408034,0.0,0.0,0.0,0.0,0.0031124136085981108,0.01158667714791177,0.0,0.00011867265461334121,0.00011114900088654759,0.15721632301014904,0.0,0.00711113094672895,0.05582736330415755,0.0,0.0,0.002515817990437436,0.23830491696269948,0.005003244378065517,0.0,0.0017792272500153632,0.0,0.0013149510778304606,0.006925281690410079,0.10491986055884096,0.0,0.0,0.0,0.001085643390874074,0.000919992800685803,0.0,0.03708145042898269
0.0011720993462705372,0.0,0.0,0.0,0.01728568280935176,0.01465033912302323,0.0,0.0004783968969531604,0.0,0.0,0.0,0.026868076608385576,0.0,0.19868919089275494,0.0,0.0,0.0,0.00389372858384697,0.0007800412529682699,0.0,0.03704186454023223,0.021692255590275974,0.0,0.0,0.03203735981996847,0.0,0.0,0.0,0.0,0.010112789095158557,0.06602957735933829,0.04181019314516247,0.023190137264057123,0.0,3.41259305627972e-05,0.03969751374024224,0.0009585119379866658,0.09692039825223056,0.15950323194173333,0.0,0.0,0.013781121454016934,0.0036553758384951385,0.022328239489986527,0.000863251372857682,0.0,0.00920958870326193,0.0,0.012100254783896142,0.0010543056114658003,0.08491392139024588,0.0,0.0,0.0,0.0393363320282039,0.0,0.0,0.019912095197066815
0.0,0.0,0.025166036345591856,0.0,0.0,0.09543799104984607,0.0,0.0,0.0,0.0,0.0,0.0,0.0,0.0,0.0,0.0,0.0038650252405970026,0.0,0.0,0.0,0.007410017965446563,0.003753591944795513,0.0,0.0,0.00791955964066093,0.0,0.0,0.0,0.02146097939562217,0.005833004705663634,0.0,0.007964881016744517,0.00830230997509225,0.0,0.0,0.1380475946994698,0.09453988776297413,0.009233834511878869,0.0,0.0,0.0,0.0,0.005534555231245179,0.006719378751841209,0.0,0.008841737845761314,0.0,0.0,0.0,0.007297409622854472,0.5090770576009996,0.0,0.0,0.0,0.006482566240644205,0.0,0.0,0.02711258045227057
0.007408105721268166,0.022878060932217118,0.04352310392136191,0.0,0.0,0.0,0.0,0.0,0.0,0.0,0.0,0.010291864270880573,0.005743189274428878,0.07072737990945765,0.0,0.0,0.019999491748753352,0.01789796293565883,0.0,0.0,0.005679681380860483,0.10947443956194115,0.0002785132960470084,0.0,0.008619595462080987,0.008559242376019075,0.0,0.0,0.001186733881982976,0.11370986110076763,0.0,0.0,0.0039054662002386826,0.0,2.6157207349084775e-05,0.019650525067398044,0.0,0.0,0.03407387363443549,0.0,0.0,0.0033935729121386225,0.001072026409797969,2.858179215396699e-05,0.04645924470803604,0.0,0.0,0.0,0.0009414878037675617,0.0020192657316758927,0.15268222249575394,0.0,0.0,0.24963056559914548,0.002690685710321433,0.0,0.0,0.03744909895406211
0.0,0.02300202963436623,0.0042008619704331455,0.0,0.0,0.007965520569022264,0.00525145737704529,0.0,0.0,0.0,0.0,0.0,0.0,0.001277117758837801,0.0,0.0,0.002580690471081676,0.008997478573977048,0.0,0.0,0.01533783677738858,0.0,0.0,0.0,0.021151654443863434,0.0,0.0,0.0,0.0,0.009736780551120832,0.0,0.02127269931622207,0.0,0.0,0.0,0.06957421129645493,0.0,0.04716574248078577,0.0,0.0,0.0,0.0,0.020588864071410428,0.0044865482519748645,0.41491337053580857,0.0,0.0,0.0,0.020970631571908017,0.034107512323629414,0.19866265224026877,0.0,0.0,0.013925094548629585,0.0216421467948914,0.0,0.0,0.033189098440879757
0.006354161669843908,0.013490969992736395,0.0,0.0,0.0,0.004671877505121622,0.0,0.0,0.0,0.0,0.0,0.0,0.0,0.18476452255727283,0.0,0.0,0.009081632427875205,0.031662763939409394,0.0,0.0,0.015089778654709389,0.011759730818420916,0.0,0.0,0.008270468300256824,0.0,0.0,0.0,0.0,0.04720879462757513,0.04027020813611957,0.02287394909616942,0.11921496813743533,0.0,0.0018500286134383757,0.020273108894661673,0.0,0.0032545046571863215,0.0,0.0,0.0,0.0,0.011765989493698822,0.012144994117757735,0.07019762908202491,0.025721905439990807,0.016642229951919565,0.0,0.03484867428565136,0.015241507383215691,0.2128830656969318,0.0,0.0,0.042002943675237624,0.0,0.004302635243190426,0.0,0.014156957602149075
0.0,0.020391967261516004,0.0,0.0,0.02360712647143747,0.009415559512331384,0.009311144644896225,0.0,0.0,0.0,0.0,0.0,0.029251943255498934,0.03597886839016423,0.05170533645877897,0.0,0.019828082259227425,0.0,0.0,0.0,0.014328482299268773,0.03703156345209523,0.0007946195190776781,0.0,0.03854486229292032,0.003937616943631497,0.0,0.0,0.0,0.0468042889281525,0.0,0.034574584474573906,0.009828906960809963,0.0,0.0,0.05133415381723112,0.0006545232705678467,0.031155379727802125,0.06702602479913781,0.03288751413445265,0.0,0.0645290370058432,0.003120107042252283,0.030391835072945114,0.009431609254982539,0.0,0.0,0.025704067518338418,0.03201795795237954,0.04703580194468842,0.08611606499947871,0.0,0.0,0.00999357287747604,0.05372188998775147,0.0,0.0,0.06954550747029235
0.0,0.05201458232925922,0.01899884057178744,0.07120092095798852,0.0,0.0,0.0,0.0,0.0,0.0,0.0,0.0,0.0,0.012193576486224414,0.0,0.0,0.027233375331306323,0.013564005812420968,0.0,0.0,0.0022376459880220838,0.015113254435720605,0.010134335569972038,0.03418936478403088,0.0026572383331125316,0.0,0.0,0.0,0.0,0.043057076721114584,0.0,0.018707130458020863,0.0,0.0,0.0,0.012693166594807511,0.010017107454155634,0.00650625395312918,0.0,0.0838874035343713,0.0,0.027432795543431043,0.025467452101815013,0.020811179492313633,0.012028789844517862,0.10807104601195505,0.0,0.0,0.00790349561706978,0.03427887354367309,0.2658864938605929,0.0,0.0,0.031488878147237255,0.013050529034214674,0.005529615439673673,0.0,0.013645572048062096
0.0,0.006166756774472332,0.009009893439151383,0.0,0.0,0.0,0.0,0.0,0.0,0.0,0.0,0.0,0.010615333984638153,0.10682601749442928,0.0,0.0,0.019372473800350093,0.0,0.0,0.0,0.0021223349741206665,0.01343852864480291,0.0,0.0,0.005670685707199839,0.0,0.0,0.0,0.0,0.0,0.0,0.0019010432949451601,0.005944748527529139,0.0,0.0,0.18771420758234678,0.1092603562997817,0.0,0.0,0.11934681923642673,0.0,0.0,0.00792587487605883,0.00962262804216373,0.004278334663946655,0.0,0.0,0.0,0.001874048889984548,0.0,0.36941478146704076,0.0,0.0,0.0,0.004641741311605804,0.0,0.0,0.004853390989005638
0.0,0.03648515216250274,0.0,0.0,0.0,0.06136847055965054,0.009519674595930235,0.0,0.11999078828308962,0.0,0.0,0.0,0.008972112519149124,0.07601301106035006,0.0,0.0,0.0,0.00815515567974347,0.0,0.0,0.009417457036991688,0.03180316365614885,0.0,0.0,0.01597625685975437,0.0,0.0,0.0,0.0,0.002353402056956397,0.02420160833372386,0.02731506393652532,0.025122578030166442,0.0,0.005003239678563879,0.06225758686905063,0.02107922334216563,0.02151482973378612,0.0,0.10087216280138925,0.0,0.0659742011458616,0.005741970801107519,0.01626613012545316,0.0,0.0,0.0578667355186182,0.0,0.009503715190856458,0.03238660405550317,0.05430517621013521,0.0,0.0,0.048682833295965504,0.011769646899526134,0.0,0.0,0.030082049561334992
0.0,0.020009115649618867,0.0,0.0,0.0,0.11779447680751856,0.004568165681141662,0.0,0.02559087864778866,0.01962596707349486,0.0,0.0,0.0,0.014812601388359095,0.0,0.0,0.004489804010497729,0.0,0.0,0.0,0.04820388213762113,0.03488284719181367,0.0,0.0,0.018399497646444555,0.0,0.0,0.0,0.0,0.015810432952713303,0.05972667310160096,0.06476676728947522,0.012859158838586222,0.0,0.0,0.0832652854770592,0.0,0.019307645662361782,0.0,0.0,0.0,0.0,0.021124535939876767,0.024617525321221825,0.0,0.024943832882419626,0.0,0.0,0.04560506451151733,0.028256761382485306,0.21112198425164921,0.0,0.0,0.010382764990875018,0.022591394612997386,0.0,0.0,0.04724293655086201
0.0,0.024273651295529528,0.0,0.0,0.0,0.005603924256937802,0.0,0.002592389729410491,0.0,0.0,0.0,0.09318135463544694,0.004642688850156237,0.008884976316145748,0.04103176786821643,0.0,0.05749310347849279,0.0021099741150606955,0.0,0.009193499263628307,0.1668467679282219,0.0047019384045747,0.0,0.005318390135059756,0.07936349930941297,0.010936701781226668,0.07098885085212385,0.0,0.0,0.025573484541530186,0.0,0.0012471514116105817,0.0,0.0,0.00025889635652551966,0.04073720262872539,0.0,0.11588447685057067,0.0,0.0,0.0,0.0,0.010523087894863429,0.0012139942739081584,0.10759161553344843,0.0,0.001663531703168725,0.0,0.00942572068859012,0.018282201688903175,0.02827910946571244,0.0,0.0,0.00023325272568082395,0.04060193984535174,0.0,0.0,0.01132085617176579
0.003258442641847622,0.0017295575005913764,0.0012634759616243863,0.0,0.0,0.15812041803313473,0.00789731911694198,0.0024382308081055343,0.0,0.010178656730220016,0.0,0.0,0.0,0.04366100595102588,0.0,0.0,0.005433292107285645,0.008118426653022646,0.0,0.0,0.029017942109855335,0.022614198655502522,0.0,0.0,0.008482280022199936,0.010019160506066717,0.004294646055452506,0.0,0.0,0.05525100134673992,0.0,0.02505928954830041,0.006113405419439864,0.0,0.0,0.10116260520310448,0.0056624162465429674,0.0,0.09380024106340426,0.0,0.0,0.010946164674480502,0.0031756114116678396,0.007473620104106543,0.0035997755047931274,0.0,0.0,0.0,0.0005256045329313418,0.001465487452419495,0.20172124443345438,0.0,0.0,0.0,0.027338778903334277,0.033096216107011876,0.0,0.10708148519539204
0.0,0.01619895428023834,0.0,0.0,0.0,0.0,0.014793158939992598,0.0008304113139721712,0.0,0.006355511095944885,0.0,0.013991494499286349,0.0,0.03117912796696809,0.0,0.0,0.01163152047891029,0.03041464325359719,0.0,0.0,0.028989892172960757,0.028240421849294012,0.0,0.012777182796805715,0.018868073501919425,0.0,0.0,0.0,0.0,0.12251232477911554,0.025788510541905556,0.042945793050950844,0.0031231524454216784,0.0,0.0,0.09262610321844654,0.034316020037604616,0.009899675163593517,0.04791968341029074,0.0,0.0,0.00512606039506882,0.011302179482986452,0.08049708362537608,0.011238411072692403,0.0,0.0,0.0,0.028552168988361607,0.021961038851614555,0.12834310946613242,0.0,0.0,0.0,0.024386029168089827,0.0,0.0,0.09519226415245888
0.004082463064903729,0.004333883017680371,0.0,0.0,0.02408251051219422,0.018009709241990156,0.05065951228082021,0.0,0.005542867377113844,0.01076893557889649,0.0,0.02245977101339366,0.0014913761905349097,0.03035091930182516,0.0,0.0,0.004278868970148584,0.05017914486548321,0.0023908770555989105,0.008863739588039467,0.027593390910953364,0.008311013912864536,0.0,0.003416864957097843,0.035867225194271206,0.008033835290705699,0.0,0.0,0.025918806734352175,0.015948237129008752,0.012649048766464624,0.03500367015213439,0.008912754758286246,0.0,0.207009691336011,0.006212015854000726,0.11300898785991204,0.021095607837507566,0.0,0.0,0.0,0.002742853261413488,0.003580809071229121,0.008999451004018952,0.000601074489242056,0.009152844686683774,0.006415451349050759,0.008740576161488963,0.03529685460298224,0.005875474310513139,0.050546722196177715,0.008617202490103898,0.0477957046355746,0.00014985607379053414,0.019572781523775427,0.0011057523234365267,0.0,0.024330863068325843
0.0,0.010496222233063651,0.023003082179344304,0.0,0.0,0.08360051491321195,0.0,0.0,0.0,0.0,0.0,0.0,0.018067990786046373,0.033412190251795766,0.0,0.0,0.051814948101190986,0.008211403800714383,0.0,0.0,0.012191661572466823,0.018298565829702407,0.006135134900174163,0.0,0.008043215260120709,0.012160700920809259,0.0,0.0,0.0,0.013625381125911539,0.0,0.008089244281968538,0.008431941839678025,0.07932634408475797,0.0,0.0655179610837686,0.0,0.0,0.07762468897697805,0.10156783383025636,0.0018238179466995217,0.008303650945157294,0.00048179760912367057,0.012283730971658505,0.0,0.0,0.0,0.0,0.00956925547622716,0.008893622126037733,0.25077234920618435,0.0,0.0,0.04538756479048912,0.011850819678025539,0.0,0.0,0.011014365278437264
0.004129495362734843,0.0,0.0,0.0,0.0,0.006072397113918221,0.0020016855360495676,0.0,0.0,0.0,0.0,0.0,0.0,0.004218897282818957,0.0,0.0,0.0039346978086244,0.006859086671741356,0.0,0.0,0.012824107351365611,0.013374395193035096,0.0,0.0,0.00537488063226929,0.0,0.0,0.0,0.0,0.003958766288026549,0.0029079033607407076,0.12162690696528873,0.036625214478588373,0.0,0.19116758394907732,0.011148293515773854,0.0,0.0009400284198372478,0.0,0.0,0.0,0.013872283693992944,0.001207354420542386,0.04367398906384716,0.0,0.07008014464210455,0.27579760273559706,0.0,0.03463773088851044,0.011143436871745464,0.02296165914459954,0.0,0.0,0.060660494645082115,0.00659942370192268,0.0,0.0,0.032201540262165554
0.0,0.014035543828128732,0.0,0.0,0.03899638529439195,0.0,0.0,0.01151212727513912,0.0035901871167543994,0.0018355740908073744,0.0,0.060614383886167446,0.014496308684898635,0.024105755742958607,0.0,0.0,0.0403123959048366,0.017568451505467566,0.0,0.0,0.02173691558878915,0.03180949057214782,0.003281561884738021,0.011070754842556712,0.04474241587437873,0.0032522608515350073,0.0,0.0,0.07694466970885178,0.01964575897475934,0.0,0.020768522021610843,0.009020153848933378,0.0,0.0,0.06705996631172204,0.015677412660393897,0.022873458524482373,0.0,0.0,0.0,0.04441453997659831,0.011596669573168508,0.02661822220912982,0.007789992333426045,0.0,0.0,0.0,0.029004284665602877,0.04122751149888425,0.09060751195799983,0.0031008209193934986,0.0,0.0019421514085843682,0.09296852842678342,0.028648409899074512,0.0,0.04713090213690497
0.001052418488977467,0.030723874144596673,0.0008161601160723043,0.03441011554972612,0.0,0.012767490441897135,0.019640294309943802,0.003507969523773731,0.0,0.0018263968437640635,0.0,0.04583669998671667,0.0038463626444709084,0.011579103576107528,0.025495380363593542,0.0,0.03660122559723326,0.04981986369872382,0.0028015651852500902,0.04379547647486256,0.031433106671738875,0.03140705446092115,0.0111015484692577,0.0,0.06643576783522828,0.014238409805797407,0.0,0.012177379056625453,0.0027840054260475484,0.017655877274718686,0.016674539337304013,0.02875841513018181,0.0,0.0028145218009607005,0.01980965823459957,0.011192552396119122,0.0,0.006678012853482609,0.0027541465819357893,0.027027519106039538,0.0,0.006186958739626966,0.05036007933332691,0.035905879690254175,0.040305522445049466,0.010322867992586133,0.001378198368978771,0.0014082706154189555,0.09981934698264962,0.01814411418996718,0.01179880437635298,0.0,0.0,9.662187069894043e-05,0.03826298020346319,0.01033314858470549,0.0,0.048214295220253195
0.0,0.009185192782467825,0.021807388778428447,0.0,0.0,0.06679685247711052,0.0,0.0,0.014684383695579714,0.0,0.0,0.009916887692270915,0.0,0.031278784049166744,0.0,0.0,0.027824137101472118,0.0,0.0,0.0,0.022128027773057973,0.03002436838896209,0.0026844157294604806,0.0,0.026042765389862697,0.02128353989604369,0.0,0.0,0.011444204983978412,0.005702550220597052,0.0,0.0007078873191840317,0.02803928239898419,0.17354529286778778,0.0,0.06512065057657522,0.0,0.0,0.0,0.02222041252285388,0.0,0.0,0.00021080968695553934,0.005925973591166482,0.0015931140883988545,0.12494499643669742,0.0,0.0,0.006978346235707266,0.020105493988109686,0.19969324258436502,0.0,0.0,0.03495224648252116,0.001728435024155087,0.004394107412455215,0.0,0.009036209825624484
0.0,0.19614508503593356,0.004477747785083699,0.031464360463208045,0.03193185617151654,0.010613185230430276,0.0006996995682465892,0.0003927752468186796,0.0,0.0,0.0,0.0,0.005275632033697198,0.0019285014849159511,0.0,0.0,0.014441631713838247,0.035964420266369715,0.0,0.0,0.05128771071741621,0.041407913979334215,0.0,0.0,0.08689526476685859,0.024855415417388664,0.0,0.0,0.0,0.006746057725871302,0.0,0.002834352072261816,0.0009848100985931005,0.007720773658513738,0.011389427676885572,0.02609769861084285,0.05518566480687722,0.024890818235518607,0.0,0.0,0.0,0.016971940603335477,0.032778192120485904,0.011219928368149229,0.014883784370277466,0.0,0.0,0.0,0.018161686582426572,0.031594751284532985,0.038654032943054306,0.0,0.0,0.09409353725415817,0.04267694276400761,0.00684205860349006,0.0,0.01849234233966172
0.0,0.006055863855086089,0.009400836695609644,0.0031075709174370214,0.0,0.0,0.00034552811344630834,0.006402891635810706,0.0,0.0,0.0,0.009807392574770247,0.010424445091356439,0.034912214277118436,0.0,0.0,0.006794306365439707,0.011844044575104894,0.0,0.0,0.008466917995493697,0.053777119926018316,0.0,0.0,0.01415378133799925,0.0,0.0,0.004124011624306321,0.0,0.06007019391981895,0.0040170216226691775,0.05903933491723394,0.026513499763310956,0.0,4.1522362417600514e-05,0.0,0.03834058268021662,0.015663980153293334,0.06717906521724985,0.014650082447656062,0.00026297708324197355,0.008383968906500778,0.0006949399270978813,0.06351198876687453,0.034136342255078785,0.0,0.005602804221554556,0.012404286089920299,0.03128590716521167,0.09107935713899984,0.12798036956557068,0.01588752509940885,0.0,0.0,0.038175492278142875,0.010139732524911498,0.0,0.09532210090862203
0.0,0.02935703111105531,0.003459016199574419,0.0077779044050166266,0.006577855448654631,0.051159144691727505,0.011675031707379312,0.005218736007653002,0.0,0.0006192431503639634,0.016865548291381302,0.004089738350703581,0.03423312093546971,0.04914417296793051,0.08644285468208762,0.0,0.04717401651566704,0.016298871881848035,0.0,0.006456082981103018,0.05524288549820832,0.0503540536221633,0.0002214116292169868,0.0,0.039767463442173065,0.04717853620540203,0.0,0.0,0.00235980306869632,0.001817261084867684,0.002512685268211516,0.009633841226415614,0.0024344190826873376,0.0,0.0010389043645738217,0.06794266308700447,0.045593992473370724,0.004772075728361582,0.0,0.0,0.0,0.0,0.013301586912950863,0.01921011252923114,0.003942026510631849,0.010833319101057589,0.0035046120785706845,0.0,0.0532410032298603,0.011501208918096096,0.07626575453392824,0.0,0.0,0.03439803828517396,0.02494839153005649,0.015101212447712604,0.0,0.026334368813761812
0.0,0.0,0.00412603694529047,0.0,0.0,0.0,0.0,0.0,0.0,0.014773145079437118,0.0,0.04878395198415467,0.0,0.0242511492262861,0.0,0.0,0.01013888763072683,0.0,0.0,0.0,0.00680338424388364,0.0270780628032039,0.0,0.0,0.005193724606030634,0.013087482664046213,0.0,0.0,0.0,0.001912669628066441,0.0,0.15496224886622298,0.01088947203153624,0.0,0.0,0.012622378577464457,0.002175443187947939,0.0,0.0,0.05465429627975495,0.0,0.035745953665532106,0.08348110924998901,0.035592035343462856,0.007836975027387142,0.08863413761571494,0.0,0.0,0.04119419991020955,0.03828570035527017,0.2216105070916904,0.0,0.0,0.0,0.0,0.0,0.014678773984679837,0.04148827400201135
0.0,0.0029355310932525284,0.0,0.0,0.0,0.04066260088023443,0.0,0.002257275778969777,0.0,0.0,0.0,0.02535497174531819,0.0,0.033031941519911324,0.0,0.0,0.010539168034191868,0.009186097870649588,0.0,0.0,0.018942811075766335,0.020470622454139126,0.0,0.01157721602986367,0.0188957052477859,0.0,0.0,0.0,0.02194495160834311,0.012591818999370428,0.0038944375758082376,0.03710273558530929,0.015092517202797645,0.014790397561089946,0.0,0.04207676358441796,0.0,0.005665242503186897,0.0,0.02840598528333537,0.0,0.11147159602271221,0.014013669128708684,0.022550681572924617,0.030548934081658468,0.1252842317110768,0.003621220973082109,0.01110070771330915,0.04728102242568283,0.03896811234846309,0.10230191493841019,0.0,0.0,0.0,0.02209586836716031,0.05991812684468256,0.0,0.035425122238387265
0.0,0.025737191085184474,0.004700387055422111,0.013211534246886968,0.0,0.0,0.019096707574259502,0.0,0.041146088935194974,0.0,0.0,0.013893705780583573,0.0,0.060731635909761855,0.0,0.0,0.0,0.005033685005388238,0.0,0.0,0.048993753220396105,0.0420645895909242,0.0,0.0,0.008875046822898108,0.003727324789139815,0.0,0.0,0.0,0.023604919702597475,0.0,0.17554143298180216,0.004135099757086878,0.0,0.0,0.03173391426258565,0.0,0.0015521826086374207,0.0,0.0,0.0,0.02036091141506134,0.00531624929482284,0.041125727727347794,0.02231974308255723,0.028781774227338953,0.0,0.0,0.030307980413971432,0.032711335958816694,0.18754964210475156,0.0,0.0,0.04173461682761019,0.014529366751904268,0.0,0.0,0.05148345286706832
0.0031645152042641357,0.003359403008652837,0.0024541103405872292,0.0,0.0,0.08608788716941214,0.005368761349272809,0.0,0.0,0.0010983588381648052,0.0,0.01450803375261715,0.0,0.040537157190878734,0.0,0.0,0.006784285337107766,0.02628127913155363,0.0,0.0,0.03699715318742757,0.042460416700535936,0.00039272040341505656,0.0,0.07105065747729106,0.0038921332221802446,0.0,0.0,0.0,0.010997096004014424,0.0033425770908851655,0.028479340223655614,0.005937172075605109,0.008463018187762456,0.0,0.04258635406266083,0.001293925642100811,0.2150282350420758,0.033125900970807545,0.0,0.0,0.01860356663950348,0.005397116272881044,0.0232866418047732,0.020975993996437573,0.0,0.0,0.004234526303829609,0.023480862197310978,0.023720658230304316,0.12622095737571307,0.0,0.0,0.0002905334216212678,0.010114541758579928,0.001071404486770612,0.0,0.04891270589934573
0.0,0.005641709958195434,0.0,0.0,0.0,0.0,0.01288024386972519,0.0,0.0,0.0,0.0,0.0,0.0,0.0,0.0,0.0,0.0025318632207371244,0.0,0.0,0.0,0.04708452785965668,0.017212048451711974,0.0,0.0,0.04150289658533352,0.0,0.0,0.0,0.0,0.00955255329712902,0.044907569383549735,0.15652651552259542,0.0036257246026928313,0.0,0.12285586160854667,0.0,0.004345978514502386,0.0744002534078724,0.0,0.0,0.0,0.0,0.0005179315583974244,0.028780077122941065,0.007828127804447497,0.00496452857383332,0.0,0.007111373406233921,0.02400282355853996,0.023901552821444787,0.22221379653817733,0.01869598693872416,0.0,0.0,0.02123265246951952,0.0,0.0,0.09768340292549257
0.001813824842310285,0.0,0.011253119649478754,0.00790736659093071,0.0,0.0,0.0,0.0,0.0,0.0,0.0,0.0,0.0,0.04974851757368495,0.029293938106625422,0.0,0.007777198796552891,0.009038301999879145,0.0,0.0065635436249542375,0.03777306389663502,0.020980472907603402,0.0,0.0,0.024788902057198862,0.0,0.0,0.010493749814580244,0.2207169285462525,0.01782308659211049,0.0038317796550259263,0.023149996457920177,0.009281050097212707,0.0,0.0,0.04421909468148252,0.0,0.008361134505644045,0.17088311463614805,0.0,0.0,0.0,0.02934410076769189,0.003351289469555669,0.0187023870768174,0.0,0.0,0.002427129752751033,0.005266448145908087,0.008701532580865015,0.1805944124685577,0.006381009114127676,0.0,0.001998326483676162,0.008696140943791422,0.0036846293770530893,0.0,0.015154408786974539
0.0,0.0,0.0,0.0,0.0,0.22486418278302256,0.0,0.0,0.0,0.004422959053211374,0.0,0.0,0.0,0.01852704326354016,0.0,0.0,0.0060710003989921804,0.0,0.0,0.0,0.004073756628888554,0.0,0.0,0.0,0.018659509348066795,0.0,0.0,0.0,0.0,0.0007635170756140074,0.0,0.0,0.004346959725033213,0.0,0.0,0.2595808245689998,0.03777600226981705,0.0039886190175302235,0.03334850563030255,0.0,0.0,0.0,0.0018628747429527165,0.007306949213569509,0.014077967861819763,0.0,0.0,0.0,0.004111070017812958,0.007641619217491511,0.32166980781750765,0.0,0.0,0.0,0.005091255526621763,0.0129432513576287,0.0,0.00887232448157716
0.0,0.0,0.0036947031664992438,0.0,0.0,0.024520199645879908,0.004618718756802501,0.0,0.0,0.0,0.0,0.0,0.0,0.022090384155184793,0.07694405460445361,0.0013747155169251061,0.0,0.007913378923600878,0.0,0.0,0.041774872891886104,0.011021527469593638,0.0,0.0,0.027904680596927807,0.0,0.0,0.0,0.0,0.009134516890746519,0.20464707663572898,0.021827844871166714,0.003250367072297889,0.0,0.0,0.05924254581418587,0.0,0.00976066112888982,0.0,0.0,0.0,0.008002278048076206,0.04085939508530542,0.018212170105423368,0.0,0.0,0.0,0.05100120007513837,0.04457278058640487,0.009999317446379797,0.11514515271970255,0.05586818507770559,0.0,0.0,0.045682830462780384,0.0,0.0,0.08093644225231413
0.0,0.0,0.0,0.0,0.0,0.05194220348864678,0.0,0.0,0.0,0.0,0.0,0.0,0.0,0.07217538120993328,0.0,0.0,0.026925361380557795,0.02346856961224299,0.0,0.0,0.010324247210392405,0.013074540579976004,0.0,0.0,0.05057335032008845,0.0,0.0,0.0,0.0,0.03216945482312446,0.0,0.0184955497380607,0.0,0.0,0.0,0.0393000873096002,0.20509151109549129,0.0,0.0,0.0,0.0,0.0,0.009638995903580382,0.027905937745043897,0.0,0.0,0.0,0.0,0.009116461987598683,0.025418387248819452,0.3607702856900691,0.0,0.0,0.0,0.0,0.0,0.0,0.023609674656774153
0.0,0.0035488679205487425,0.005185036411984111,0.0,0.0,0.11306446875249607,0.0,0.0,0.0,0.0,0.0,0.0,0.012217903063711053,0.015500498701220713,0.0,0.0,0.031852940157790624,0.04442161922612611,0.0,0.01209700740719784,0.002442734445989182,0.027841125137921027,0.0,0.0,0.007614563359055542,0.0,0.0,0.0,0.0,0.02163225538935648,0.0,0.007658139328600138,0.010263307483436422,0.017880637530075412,0.0,0.05633778443617005,0.0,0.0,0.0,0.0,0.07276466323060292,0.061765909075596995,0.0013032021705978805,0.01789089804039942,0.004924223606516782,0.02342173667056477,0.021889128025838873,0.0,0.018334247949832395,0.033077189998963315,0.1533372927257719,0.0,0.0,0.03376111189724356,0.021369979767601875,0.0,0.01998348378402925,0.12661804430476054
0.0,0.005192393366238054,0.0,0.0,0.0,0.03955835977536974,0.0,0.0,0.0,0.0,0.0,0.0,0.0,0.05073934611469388,0.07899417724185148,0.0,0.018641758521053094,0.03249687538015333,0.0,0.0,0.058970867239690326,0.03168250571886245,0.0,0.0,0.022281901113765667,0.006015797054211636,0.0,0.0,0.0,0.043958873437778906,0.006888515635325738,0.006402688973607865,0.010010907217832116,0.0,0.0,0.11283891925028008,0.0989964761461535,0.002783533084119876,0.0,0.0,0.0,0.0,0.011917054502175088,0.017139289579058224,0.01440937523679374,0.015230488073481534,0.0,0.0,0.012623549579725425,0.01173226904959218,0.23298963081495028,0.0,0.0,0.0,0.02344999260323077,0.0,0.0,0.03405445529000476
0.009657718714519795,0.0,0.0,0.0,0.0,0.024852822240219438,0.0,0.0,0.0,0.0,0.0,0.02213835965551929,0.0,0.15065846518609008,0.0,0.0,0.020704817972255485,0.016041458797115323,0.0,0.0,0.01058539179165931,0.022342079244701347,0.0,0.0,0.004713868879092593,0.0,0.0,0.0,0.0,0.004629215909927421,0.0,0.007901409523991163,0.07577258168198048,0.0,0.052019515652287344,0.018961956110484908,0.0,0.0019236521245804116,0.0,0.04960462388903953,0.0,0.09732999576658866,0.007529757976613805,0.0024612303766375263,0.017782274791119275,0.18419678024529673,0.0,0.0,0.007789211212139245,0.02895703188032588,0.0913107384174088,0.0,0.0,0.035466914410688805,0.015434180739434877,0.0,0.004440861941797826,0.014793084868484921
0.0006192232796170249,0.005257253423928667,0.29860099477656643,0.0161920392667896,0.0,0.0,0.0,0.0,0.0,0.0,0.0,0.005676048227973359,0.13574597702544106,0.10016796345865933,0.0,0.0,0.011501723604899605,0.0,0.0,0.006720135893687808,0.0,0.010883703296734746,0.0006145816168769908,0.0,0.0032228926320666375,0.014465987306235441,0.0,0.0,0.0,0.010311020574288387,0.0,0.021271268648285543,0.0042233164108533006,0.0,1.802882213893896e-05,0.0,0.022020914479031258,0.0006693473971195175,0.0,0.02543615041734328,0.0,0.10189691160305923,0.04880665326464648,0.0,0.005926936384632721,0.0,0.0,0.0,0.009785636050057115,0.009651544904890567,0.10484035090394224,0.0,0.0,0.0,0.000989290275382354,0.0029341925993995057,0.0,0.02154991345545282
0.00462031906236512,0.0,0.0,0.0,0.0,0.0,0.0,0.0,0.0,0.012829167487488169,0.0,0.0,0.00422156747366734,0.01652119534304936,0.0,0.0,0.04182245447716394,0.01918584142150633,0.0,0.0,0.00042201039317552036,0.008550874766889071,0.001720159737766049,0.06770364876155123,0.0,0.0,0.0,0.0,0.018333446360444164,0.007751262276338396,0.0,0.016632378778523246,0.0007880462953831515,0.0,0.0,0.0,0.00047229582760599097,0.0,0.012091285855344932,0.0,0.16789631037113475,0.003880279014735871,0.0004502860643782872,0.0010302851143058902,0.00680572309962248,0.0,0.0,0.006182578164044562,0.002235844116676134,0.004155969979762912,0.19611268079586996,0.2221402343110117,0.0,0.0,0.005537854459481027,0.0,0.0,0.14990600019071437
0.0,0.0,0.021195861601260593,0.0,0.0,0.0,0.0,0.0,0.0,0.0007905327906848043,0.0,0.01566301832964377,0.0,0.012977153229358374,0.0,0.0,0.1052541019197784,0.0,0.0,0.0,0.006969135159580366,0.10854235818266411,0.0011306263333367328,0.0,0.007411306952249384,0.00980463388490973,0.0,0.0,0.0,0.0,0.0,0.036523222678524314,0.0003884745665834145,0.0,0.0,0.0006521511657866079,0.0,0.0018146587238052757,0.0,0.0,0.02394755378958961,0.0076512748923682795,0.00011098629910620531,0.015599442702579095,0.0008387367738117066,0.00159575710811506,0.0,0.0,0.004776119673750334,0.06999810867844346,0.07365544979272752,0.0,0.0,0.04328547187898097,0.04640898707176162,0.1388039019755071,0.0,0.24421097384509324
0.0024002548160297244,0.015288471443710254,0.024198488009930744,0.0,0.0,0.030001297398547934,0.001163472755396945,0.00016327901400454569,0.0,0.002499287475926874,0.03133370186192369,0.05502111410288589,0.002193111718953436,0.01103499957467534,0.0,0.0,0.006289337361993167,0.01993413142708849,0.0,0.0,0.002301963188007414,0.06163537426706495,0.0,0.0,0.01523015617608195,0.03394972018728393,0.025941098560611445,0.0,0.0031747578113944072,0.027180823794844017,0.0,0.014924564340552423,0.0024563424323919905,0.0,0.0,0.02631237891508914,0.06919093013989878,0.0004780904910433853,0.0,0.12328382560851314,0.0,0.014110651940294533,0.00830429595895751,0.11782793989342993,0.008838953788397285,0.08501797634835184,0.0015716370365621748,0.0,0.00580761978834044,0.001079515035992236,0.09626753494994583,0.0,0.0,0.0,0.0047948687073384,0.0,0.0,0.048798033678545606
0.0027812911284762,0.008857720198758029,0.008627656376645074,0.03637504715656515,0.0,0.0,0.0,0.0,0.0,0.0,0.0,0.012751104976021261,0.0,0.06994462297174743,0.0,0.0,0.013250438611813112,0.0,0.0,0.0,0.032262700740419405,0.050186807492850975,0.0020709676337346285,0.0,0.014480303234472964,0.006841572834608501,0.0,0.0,0.0,0.02066381092911752,0.0,0.0036407935176159746,0.009487583462214625,0.014876286499776573,8.09779036455457e-05,0.03845297369638084,0.0,0.0,0.17468577683317904,0.028570940952596897,0.0,0.07007418008802851,0.0051501035089949534,0.050856379808984456,0.014338930904048985,0.0,0.014568981885103697,0.0,0.004486365688171747,0.021681969183702778,0.18608337950471643,0.0,0.0,0.038813098809233025,0.004444823068725097,0.0018833139370293267,0.0,0.03872909646262111
0.0,0.0,0.0,0.0,0.04231160750177823,0.0717218463947285,0.0,0.0,0.0,0.01593295768256858,0.0,0.0,0.0,0.11003167906578931,0.0,0.0,0.005467436578333194,0.0,0.0,0.0,0.028301817062830505,0.0053098038490278655,0.0,0.0,0.00933579286210787,0.0,0.006050285973738904,0.0,0.0,0.008938931291313245,0.0,0.03380118816995799,0.07633852382084394,0.0,0.20348703926890524,0.03567634770776615,0.00703870462808483,0.0,0.0,0.0,0.0,0.0,0.0016776723506991568,0.009870766858774247,0.029582866065130223,0.09469928355527418,0.0,0.0,0.011107072861605493,0.0017204770911538189,0.17139524382884966,0.00672885512185796,0.0,0.0,0.0,0.003885488456839697,0.0,0.00958831195204102
0.0,0.019628888086038323,0.03250239286506996,0.09135555676152304,0.009089493673626244,0.04622243820453012,0.0035850864969267423,0.0003354137731867628,0.0,0.0,0.0,0.0,0.027031025921817498,0.02857788273804888,0.0,0.0,0.07340809004591202,0.022522236403413536,0.0,0.0,0.013623417179383058,0.03992332143206245,0.027229883433164955,0.0,0.029280885546164016,0.03941879808547442,0.0,0.02139469671512988,0.0,0.007090283761827297,0.0008680255452390611,0.004437438153490715,0.0016819739722245164,0.05933898485530518,0.0008254626639556708,0.006958185313438523,0.021673052804179298,0.0010522641837316697,0.0,0.07597642653240684,0.0,0.03726859393535598,0.037361683061475935,0.011623286317945548,0.005447203798331292,0.0,0.0,0.02474220648763088,0.027439589114187844,0.06467956502452828,0.041966408018625695,0.0,0.0,0.0,0.01181979105866678,0.005842837789165907,0.0,0.026777230246815224
0.0020231883212557286,0.025773438834056937,0.0015690009558047208,0.0,0.0,0.017850510257350342,0.012749067806986026,0.0,0.0,0.001404440573348863,0.0,0.027826522444695714,0.011091475581879184,0.012083933619841747,0.03267523526991923,0.0,0.024096869191003522,0.0,0.0,0.0,0.05248143725233259,0.027146468973628678,0.0,0.0,0.017775090796604158,0.06967464414757302,0.0,0.011705006776727303,0.016056067020728412,0.0031517550415078688,0.028493720700554743,0.022511540797794497,0.002070462286142139,0.0,0.0,0.05263331502851386,0.0,0.013240916522089656,0.0,0.04156659004212237,0.0,0.013593061569753331,0.03332264346820823,0.032096174382235734,0.06258328148834623,0.0028349808080969322,0.0,0.0,0.06983915819326281,0.0485294897041371,0.04475527663956443,0.0,0.0666185757248533,0.020803822004514513,0.021016413104750414,0.009589819552432611,0.0,0.046766605117382745
0.0,0.0,0.0,0.0,0.0,0.02724386299439114,0.0,0.0,0.0,0.0,0.0,0.0,0.0,0.15627834223134482,0.0,0.0,0.0,0.04103115376099021,0.0,0.0,0.010153319547304059,0.034288209321339656,0.0,0.0,0.00401907154092938,0.0,0.0065116408779365255,0.0,0.0,0.0,0.0,0.016168306194777153,0.029493217169533004,0.0,0.0,0.0676996763149152,0.0,0.0,0.0,0.0,0.0,0.0,0.0,0.012590763428137149,0.01819354273370448,0.0,0.0,0.0,0.00796935986618985,0.007406686488032546,0.5427334599414823,0.0,0.0,0.01133974347328283,0.0,0.0,0.0,0.006879644115709792
0.0,0.014415247070147035,0.005265308239193227,0.0,0.0,0.007487928887085895,0.0,0.0,0.0,0.0,0.0,0.0,0.0,0.0,0.0,0.0,0.0032346053966616625,0.01691600607300125,0.0,0.0,0.0108524130990596,0.0267014686314453,0.01769427134178789,0.0,0.15464895097832784,0.016701200148699913,0.0,0.0,0.0,0.046781897139158035,0.002390506300891676,0.04332731906327733,0.001158021616008765,0.0,0.002470968268732114,0.2746633984828214,0.0013880625560269558,0.006761750584043541,0.017767954075620197,0.0,0.0,0.06272212634204342,0.011910393985030772,0.06445269476140027,0.01000092163272366,0.0,0.0,0.0,0.012046997127055575,0.07735710811603268,0.04081881245144599,0.0,0.0,0.0,0.0217008159326723,0.0,0.0,0.028362851699605625
0.0,0.009920050102164438,0.024155975999467033,0.0,0.0,0.004580373286421921,0.0,0.00042377864456512055,0.0,0.0021622442393663694,0.0,0.0,0.00569205979901431,0.16033840341994454,0.0,0.0,0.04303483456165201,0.0,0.0,0.0,0.0,0.139794019898237,0.004638688562208144,0.0,0.0030406805422843234,0.003831053361651688,0.008210776839977743,0.0,0.0,0.004852370307085221,0.0,0.03873570185149057,0.017000724648150497,0.04998124025127513,0.0,0.019111571184572417,0.0,0.0,0.14672722941991384,0.0,0.0,0.0523189083829829,0.0,0.005953559674590957,0.034411357357135054,0.0,0.0,0.0,0.014068401153377198,0.0326877714324493,0.11261024041773966,0.0,0.0,0.012010911148230195,0.002488953164869826,0.0021091815343533787,0.0,0.045108938814829046
0.0,0.015015765717922097,0.0014625734614882925,0.004110918358844072,0.006953324478354717,0.011786459073567311,0.002285440783200683,0.001411221790401463,0.0,0.0,0.0,0.0,0.0017231936578471507,0.00896695805226054,0.03045882908921445,0.0,0.036389044554366444,0.03602453667965055,0.0,0.0,0.02497758262740542,0.05759095696364473,0.0,0.0,0.05431081890691899,0.001159799279834586,0.0,0.0,0.0,0.10474995766430745,0.0,0.09504779723092942,0.0006433399932019681,0.010087391427198337,0.0,0.018514409865268512,0.04916018969245929,0.03294986266771999,0.06909709421975695,0.009686801879085365,0.0003478850034889362,0.020590433166627956,0.020677607149367186,0.05491173234721513,0.006945027254313003,0.0,0.0024697560189969217,0.0,0.06510195249657642,0.009330280330740218,0.039826616552142445,0.0,0.0,0.0,0.030893285316630464,0.0,0.0,0.06434115624905266
0.0011304083838487768,0.0708014567408816,0.0026299259679520783,0.004928013598693841,0.025006147965766005,0.025765000035653938,0.07397209384459758,0.006766893642924221,0.0,0.0007846977871766136,0.0,0.005182469328957783,0.0,0.02087669122291095,0.0,0.0,0.004846880187624082,0.020653676146925766,0.0,0.0,0.06597620142195275,0.06380786666926934,0.0011222810645525392,0.0,0.04487525664860991,0.00556129421591377,0.0,0.013079788623148857,0.0,0.01368136855415884,0.0,0.02515557779047728,0.008097748279369831,0.03023106572289491,0.029917082131757314,0.04244683978843786,0.05176728942055141,0.009778288856373142,0.0,0.0,0.0,0.018987000121539536,0.021482579220374293,0.08894467491226049,0.019981097197362692,0.008799878862793415,0.0014803303127199896,0.0,0.004376184595558303,0.01254054897190861,0.04948999235857536,0.0,0.0,0.0,0.03342073842881665,0.00995073113581795,0.0,0.0617039398408919
0.0,0.029374386595733094,0.006705801900972376,0.05277502030651114,0.0,0.01144378134934452,0.001676574156261899,0.0,0.0,0.0,0.0,0.039642879420976655,0.0,0.0021745651165018588,0.027930318144276125,0.0,0.05273006205887223,0.0,0.0,0.0,0.006634288803426496,0.07921514521730923,0.006867839865736696,0.07964507430153839,0.04895815023589237,0.002127031782369279,0.05926302381964316,0.010005270366205068,0.0,0.00559539235362029,0.0,0.0,0.0,0.0,0.0,0.014289356686676052,0.0,0.031887680018625554,0.0,0.053295814821787975,0.0,0.04066707366759478,0.02140494715978314,0.010577495749478949,0.057316447072943956,0.0,0.0,0.0,0.016179716345409673,0.05651971175351194,0.01749648824690687,0.0,0.0,0.009526515228717095,0.04422042533894546,0.08314354083051391,0.0,0.02071018128391379
0.0039058917859722377,0.012439301171957217,0.0030290546268360126,0.0,0.0,0.05456405230818546,0.0,0.0,0.0,0.0,0.0,0.017906948207610966,0.00713759612561835,0.0248635651685583,0.0,0.0,0.0074432790993243896,0.03243838916140984,0.0057186685982265105,0.0,0.13342666569422285,0.019878870045459702,0.02908354734847927,0.0,0.03558686622925355,0.014411911053058061,0.0,0.022597248779882506,0.0,0.03557184001582153,0.0,0.057520477573934053,0.005329539176494837,0.0,0.010462314284952279,0.17095076055715452,0.007186781720479988,0.06401715164684957,0.0,0.04012345289627633,0.0,0.0065605642062229385,0.013323074251852312,0.03235049446357327,0.0,0.0030406148988392128,0.0,0.0,0.0037802461498061307,0.01054003027193985,0.07158418375801776,0.0,0.0,0.0,0.006242070046120353,0.0,0.0,0.0369845486776096
0.16792774690777718,0.005167238698305028,0.0,0.0,0.0,0.0,0.0,0.0,0.0,0.16387479254300472,0.0,0.0,0.008894783200777084,0.0022951608136656284,0.0,0.0,0.010435186818383839,0.0,0.0,0.0,0.00022229221749012706,0.003378110219743972,0.0,0.030568002422747098,0.0,0.026939922003291795,0.0,0.0,0.0,0.07670117387074192,0.0,0.16327411462692012,0.0008302002098454745,0.0,0.0,0.0009954987041520126,0.008956081050606905,0.0,0.0,0.0,0.0,0.0,0.0007115595069569675,0.01659108798357274,0.007169785926061623,0.02387181066844072,0.0,0.0,0.0,0.1371863041415875,0.0628261989150138,0.0,0.0,0.0,0.03305988552058669,0.0,0.0,0.04812306303032689
0.0,0.007224712694434864,0.005529120004108022,0.0028256244088490493,0.00716897680828071,0.0030975830045915603,0.0,0.0008818153644891085,0.0,0.0,0.03880464151083242,0.02822936930388056,0.0035532833681369423,0.015561305830093875,0.0,0.0,0.11378845065548196,0.02153156455572389,0.0,0.0,0.0040552538701265385,0.05457915426010255,0.00048261893175339713,0.0,0.0053780926906153,0.016740798425369376,0.0,0.0,0.0,0.017242576148941525,0.0,0.005620983333237937,0.0006632967048787568,0.0762688237842183,0.0030004990821960987,0.004613100966823538,0.0008613147870248614,0.002803327818390516,0.0,0.0033303362428471,0.0,0.07457407090511027,0.01099112310221738,0.018933606612713223,0.07088846915004757,0.00030273980522460266,0.00042455430887970046,0.0,0.12493761624146416,0.10727410730818007,0.04028131958909479,0.0,0.0,0.050104564565736,0.006214934623319804,0.020188794442041504,0.0,0.031047474790542092
0.003517757531158474,0.007468806344421128,0.0003897499332493325,0.004381609017108929,0.0,0.0,0.0,0.0016408951442954212,0.0,0.002093082261313517,0.0,0.06911794099129083,0.0009183979677600751,0.0,0.0,0.0,0.003112404886211002,0.005008279374958641,0.0,0.0,0.02175693491836627,0.033714392215002865,0.0,0.006311934833584351,0.056906160154692506,0.0006181297712878208,0.0,0.0,0.0013294767872137538,0.13952984567192891,0.0,0.13946144115765316,0.00017143871812903136,0.0,1.4632523483548831e-05,0.007729002211048865,0.00010274750574532326,0.004861845226660994,0.0,0.061948005441769614,0.000185409735442971,0.00928499636568216,0.08252482842222006,0.06220978647209017,0.04367400768065127,0.003364403835549593,0.0006581462530891771,0.0026898376830257675,0.09662587946089725,0.00256151264027085,0.026762820738311925,0.0,0.0,0.009781218941273869,0.01646383599492828,0.009528017457418245,0.0,0.06158038773081402
0.0,0.005383829751580994,0.0,0.0,0.0,0.0,0.0,0.0,0.0,0.0,0.0,0.0,0.0,0.02590648178865786,0.0,0.0,0.002416132810042273,0.0,0.0,0.0,0.0013896608802000674,0.002346472814218924,0.0,0.0,0.07591126399157277,0.0,0.0026737016958220793,0.0,0.0,0.005469554882201426,0.0,0.0,0.005190000654914442,0.0,0.0,0.018670092202319587,0.004147329361991623,0.5974353289703441,0.0,0.0,0.0,0.008518387284991694,0.0009885142462285256,0.0022617906112341636,0.011205481078640665,0.0,0.0,0.0,0.001636120985277464,0.006082413342056702,0.15433420736275896,0.0,0.0,0.0,0.056734023652843496,0.0,0.0,0.011299211632102119
0.002639479588752121,0.011208107251863168,0.0,0.0,0.0,0.13390588302566464,0.0,0.0,0.010751056848579044,0.009161247522321612,0.0,0.0,0.0,0.03754520568883367,0.0426285658366668,0.0,0.005029927935917187,0.0,0.0,0.0,0.032546353367651416,0.0158759572334797,0.0,0.033152120153728225,0.023189587063069405,0.0,0.0,0.0,0.0,0.019926490867939156,0.0,0.012093040591343604,0.024310333999318662,0.0,0.0,0.03584452834280313,0.008094328496118257,0.01877635971624155,0.0,0.02711417539275659,0.0,0.004433424237510682,0.014405287577917682,0.008408239892794555,0.0058319231046282324,0.027533640062359928,0.0,0.007063907612738379,0.024694168891182595,0.02374204709990158,0.1640911035302315,0.10833212500818089,0.0,0.0004846600421996001,0.042181925085197525,0.0017872881573259732,0.0,0.0632175107747827
0.0,0.0,0.0,0.0,0.0,0.0,0.0,0.0,0.0,0.0,0.0,0.0,0.0,0.0,0.0,0.0,0.0,0.0,0.0,0.0,0.0590350220682574,0.0,0.0,0.0,0.0,0.0,0.0,0.0,0.0,0.025817262427270844,0.0,0.0,0.0,0.0,0.006272741272170506,0.052875678668532315,0.0,0.0,0.0,0.0,0.07948234636923127,0.0,0.02099683497332323,0.041179045283686884,0.0,0.0,0.28213733396828955,0.0,0.0,0.0645976674944043,0.3676060674748338,0.0,0.0,0.0,0.0,0.0,0.0,0.0
0.0,0.011013825747847705,0.008716310470005918,0.0,0.0,0.0,0.0,0.0004705046608049444,0.0,0.0012003227431924394,0.0,0.02378234395868088,0.018958983309669213,0.09824919947187592,0.0,0.0,0.07002216505180561,0.012924513467771789,0.0,0.012514271804363963,0.012477007839530024,0.09200451825908561,0.00021458890098359252,0.0036197064690490755,0.013785104796681703,0.0,0.0,0.025009649770507774,0.0,0.019063072531312814,0.0,0.007073467502979772,0.015041188602680068,0.018497397790591875,5.0344386860922045e-05,0.08982626064962344,0.0,0.0023125123430312528,0.013575469555243028,0.09769512860545985,0.0,0.017426263002099797,0.0021907462856356956,0.027431481648115687,0.007004347268045521,0.0,0.003396625029884012,0.003470739284597039,0.01673526189441162,0.010369117070736266,0.17131279424281534,0.0,0.0,0.014128989529516063,0.006908460509486611,0.0,0.0,0.051527315545017265
0.0,0.021352028263545566,0.0,0.0,0.0,0.0207035794789645,0.00779961329180782,0.0,0.0,0.0,0.0,0.036884642412529464,0.0,0.028136024684039116,0.0,0.0,0.009582274780021204,0.04677152807941859,0.0,0.0,0.03453768565781771,0.04094642793453545,0.0,0.0,0.00916271336282313,0.009895203207405496,0.0,0.0,0.0,0.11569066905178181,0.0,0.014480948353635534,0.024699972870950434,0.0,0.00011712087010886665,0.047388623310030846,0.0,0.013735657495774914,0.0,0.0,0.0,0.08108050415920845,0.012545290678668363,0.023066113854464155,0.07703009138077072,0.0,0.0,0.005382844814343976,0.027252887471387648,0.08684128342226119,0.1172484917758019,0.0,0.0,0.04875027141240621,0.006428701199161515,0.0,0.0,0.032488806726335494
0.0013932885625491762,0.04733493833609733,0.03674029713523012,0.0,0.010273803241347848,0.0,0.0,0.0,0.0,0.0,0.0,0.0,0.012731486629262278,0.18462604308102368,0.0,0.0,0.0013276700268735767,0.0,0.0,0.0,0.06974428042653116,0.07414020964148417,0.0,0.0,0.025844226096832977,0.0034275693950270828,0.0,0.0,0.0,0.03456369070970737,0.0,0.019152095212174827,0.0038025666146927336,0.007452279849862103,0.0,0.0,0.004842815314315733,0.014194297666547286,0.0,0.0,0.0,0.00234024892989314,0.0009505861283297249,0.0033734804129372637,0.01641986518724848,0.027985817892038668,0.0,0.0,0.0,0.06977066531711863,0.24726097297582184,0.0,0.0,0.0,0.03451577238789051,0.0,0.0,0.04579103282916243
0.0037130257105707156,0.007883387462628514,0.005758970460245741,0.0,0.08213705015732019,0.08189968986260111,0.0,0.0,0.0,0.0,0.0,0.0,0.013570308333308871,0.014006433586009198,0.0,0.0,0.030071918369108736,0.0061673310964422265,0.0,0.0,0.04273163664171173,0.022333166712483095,0.0009215825242245839,0.0,0.041078878094024364,0.0,0.0,0.0,0.0,0.006229148790872063,0.04444876671228959,0.04009884386095816,0.0025331896922119066,0.0,0.0,0.042222117398081044,0.018218440332825887,0.02599063717200779,0.0,0.038142227272091135,0.0,0.043656293358663806,0.025330419292709697,0.0603233850778378,0.03281571835966394,0.0,0.01944961455391131,0.0,0.025155103436264294,0.016699312330826277,0.06014891348991349,0.0,0.0,0.014317460650027163,0.04153697306923051,0.0025142254968099015,0.0,0.08789583064212508
0.002008493272316911,0.06481853061156487,0.0006230402231174715,0.0,0.0029606946480830163,0.001476738400072216,0.00019462665331887357,0.0,0.0,0.0,0.0003614840838307063,0.04972397772751414,0.0,0.0008207907213714014,0.0,0.0,0.14238295373936885,0.0013344382885418452,0.0,0.0,0.12859967261618935,0.060031930713440665,0.0,0.003363578433957622,0.12299915628129919,0.005928740340479469,0.0,0.0,0.0,0.10397461105876939,0.003394414752122263,0.003812314567880284,0.0,0.006445706192827358,0.010689734986592193,0.0007886954209765669,0.0,0.002583230225759042,0.0,0.020632339455414775,0.0,0.0026988680259139018,0.04674353219935439,0.054947815056575276,0.03668556504797473,0.00012508367544183832,0.0,0.0,0.010367395766269764,0.0012044254337924434,0.0017417301678014734,0.0,0.0,0.027512394697755942,0.03434499827191122,0.0002718815369723346,0.0,0.04340641670542845
0.0,0.01387478654521529,0.00289594329506074,0.008139749197957563,0.12390989511385943,0.016473564936456735,0.02805652314176065,0.0012701201554754461,0.0,0.0038883192698864724,0.0,0.0,0.0034119782904983072,0.05032988147734392,0.0904643096753809,0.0,0.0017790475666558346,0.0,0.0,0.0,0.003069707479449828,0.03455511530954924,0.0009268499466341951,0.0,0.027947499487878228,0.0,0.0,0.01080214135193436,0.0,0.004698566860563012,0.015777471052512575,0.016497839770916796,0.005095336921707368,0.0,5.436189344238406e-05,0.03925579578007258,0.005344087042633522,0.015619768892461876,0.05863472959387093,0.0,0.0,0.047041968939266605,0.008188461309284705,0.009635538337925525,0.026127609987130342,0.0,0.002445106376911886,0.004996901669221347,0.0018070654258610333,0.006717906365043024,0.17810501151129005,0.0,0.0,0.0,0.037298576328345934,0.001264301827464962,0.0,0.09359816187307644
0.0009488514853916118,0.03223317902717319,0.021584726892576026,0.02757677720701365,0.03964752489887509,0.015580628645307492,0.0010731832739297707,0.0,0.0,0.0,0.0,0.004350103724492456,0.010981517331892267,0.013745502590605993,0.0,0.0,0.03751981697428338,0.0031520822789355874,0.0,0.004578044489336711,0.003582200182374348,0.08882695694479541,0.00023550737732086423,0.0,0.036741512734470023,0.0,0.0,0.11162004214600549,0.0008373370529895415,0.06640242722708023,0.0006681611627689937,0.01801010743974966,0.00043156551908435093,0.04229266759690624,1.8417346622770695e-05,0.019897600357311022,0.0,0.00597584135592472,0.0,0.05198464264187069,0.0,0.03559367028270564,0.02015910479456308,0.0838277891176609,0.02096487853206174,0.0,0.0024851436634116416,0.00042356137523797213,0.0033672079964536697,0.025320236814161897,0.025395887817099064,0.0,0.0005790357436302665,0.0404788944844427,0.026031143457907555,0.0,0.0,0.05487652001557646
0.0,0.02353468307426432,0.008596275729084639,0.0,0.0,0.20374956159818286,0.0020148990958402287,0.0013195709666801475,0.0,0.0,0.0,0.0,0.025320097767805506,0.04246749413445452,0.0,0.0,0.024424158106857465,0.0,0.0,0.0,0.027336217890172137,0.09423884488204111,0.00034390662582603503,0.0,0.010820729556163542,0.0,0.0,0.05611341946989293,0.0,0.0041509393354003665,0.0,0.011336098247659783,0.008507771308939625,0.0,0.0,0.08694132715959957,0.0,0.0,0.0,0.042700457368754594,0.0,0.016291173091420336,0.05239402443317345,0.039460150713230474,0.014286783314759735,0.0,0.005443493342744439,0.0037081894407760756,0.007599087374780818,0.00830888959027848,0.12780429862490852,0.0,0.0,0.014247558365028997,0.01107165765983452,0.0,0.0,0.0254682417314451
0.0,0.016756443268603434,0.0,0.0,0.0,0.04255313562642204,0.005100757713444154,0.0014316511405605408,0.05000528208568547,0.0,0.0,0.0,0.0,0.15505845449387035,0.08497432991625731,0.0,0.007519887186067844,0.01747853927001666,0.0,0.0,0.012014254859440696,0.036515399266882576,0.007835436407362223,0.0,0.001712052918259714,0.0,0.0,0.0,0.0,0.1645580192535416,0.0,0.008609260410980786,0.01615317637273921,0.0,0.0,0.13515518242757904,0.006454001368637116,0.026050071311893682,0.0,0.0,0.0,0.008837436738088046,0.009742620549414289,0.017431177522080964,0.0116251823612187,0.0,0.006890148736716236,0.0,0.01357921645455967,0.0015775563298241497,0.11131987562229663,0.0,0.0,0.0,0.008408428982881634,0.0,0.0,0.014653021404675552
0.000637557651276911,0.029093597772822014,0.012356656939471172,0.025006489322169433,0.0,0.027179104287110147,0.004325145606734323,0.0,0.0,0.00044257463524035456,0.0,0.005843943916292093,0.005823389642126738,0.010768891226778274,0.010296790483982339,0.0,0.009412827602689933,0.0021172589464848843,0.0,0.0,0.01414592845309526,0.06516965078165166,0.0,0.029352082869855432,0.06885316839826724,0.006271110188310863,0.0,0.003688542757165965,0.0016865571815424978,0.037270627978978406,0.006732065420646851,0.025863410877308646,0.007826836779147535,0.04431649724326783,5.566920531330321e-05,0.017206214650235297,0.0,0.0025389611018079416,0.003336952148454972,0.03273574126222972,0.0,0.02462197295497072,0.025715257782383514,0.0858007763661185,0.05679789465919101,0.0188538061311081,0.006677089285874815,0.009381325408877131,0.0034954419179970167,0.0036308393805121082,0.09581296455955844,0.0014947772971813798,0.0,0.03534270932513734,0.02444524129944759,0.0017262787884612949,0.0,0.09584937951272296
0.0013586591898743106,0.002884675395407254,0.004214617563196889,0.0,0.0,0.0349633302930367,0.003292915650986254,0.0035120966452495887,0.059030133583414655,0.012260886337865129,0.0,0.03114462518515591,0.0024828031858206666,0.03758484163362453,0.0,0.0,0.0,0.031594315330621424,0.0,0.0,0.06279328816706728,0.04023190716812369,0.0,0.0,0.027852483923727085,0.010026359999958273,0.0,0.0,0.0,0.07814940175588676,0.058361216833738586,0.032013572260369105,0.0,0.007267057790961323,3.955766148977545e-05,0.027342866649815056,0.0002777682916936282,0.017706430571401026,0.02133355858449816,0.013956888975470025,0.0,0.013692532072339302,0.023436963226991882,0.05972805087848769,0.021013755840836017,0.0,0.0,0.0018180598626007997,0.050406713434233585,0.024442314306980312,0.09327474816904739,0.0015932442325778341,0.0,0.005987447008433273,0.015199128063065278,0.0,0.0,0.06773078427595346
0.0,0.0,0.0,0.0,0.0,0.0,0.0,0.0,0.019636360236774383,0.020079181933322286,0.0,0.033152794573245735,0.013214493913532669,0.25232509704638106,0.0,0.0,0.01722555946154036,0.0,0.0,0.0,0.015851901106922466,0.016728926000350468,0.0,0.0,0.03294267206935261,0.0,0.0,0.0,0.0,0.007798917870606178,0.0,0.030764680642801443,0.007400312247462841,0.0,0.0,0.008282174520004796,0.0,0.0012345943762157123,0.0,0.0,0.0,0.0,0.0007047503675103945,0.004607195588819043,0.042607083410023464,0.20941285527793366,0.0,0.0,0.0,0.008672783349745104,0.14051437480173806,0.0,0.0,0.04514574029574501,0.011556539323053411,0.009793209324004204,0.0,0.05034780226291476
0.0,0.004395512084261366,0.0,0.0,0.0,0.05784182592669401,0.010035154116082945,0.0,0.0,0.0,0.0,0.018982610158485607,0.0,0.02538097974690534,0.0,0.0,0.011835619190782208,0.0,0.0,0.0,0.018152968269367274,0.019157300121660007,0.0010276869280055926,0.0,0.030988097459213784,0.0,0.0,0.0,0.0,0.07293659382142956,0.0,0.02032528500383585,0.0296608964536273,0.0,0.0,0.06571346727140398,0.002539501439112568,0.023799105138979947,0.04334268789126746,0.0,0.0,0.03477332036029568,0.0270362584457568,0.1279424634713068,0.006098993599518321,0.0,0.0,0.0,0.014693557616865444,0.022346385596163653,0.18060984612489667,0.0,0.0,0.0076028090299357495,0.013234098205860481,0.0,0.0,0.10954697652828553
0.0012474166901146814,0.014566662030648415,0.0,0.005438111128646035,0.0,0.02017754930871154,0.001813979971617398,0.01765010145435092,0.0,0.0,0.0,0.017156748698522753,0.002279519511106471,0.0031370466399672464,0.04029258968850024,0.0,0.04873161013222677,0.043511202273982225,0.0,0.009027880417451931,0.028598114148743907,0.017891770502150982,0.0,0.0,0.06656841267578208,0.0,0.0,0.007216837235464417,0.0032998420972209868,0.01210794383311112,0.001756813880137155,0.03837341706521059,0.0025531326240071264,0.013344148017407582,0.0,0.020511903275119505,0.05610574224605145,0.03066763296359655,0.0,0.012814145283696574,0.0,0.01885714139032077,0.10783324056515492,0.0898066850253687,0.05052985204014579,0.0,0.0,0.0,0.010463207908610956,0.010472493085458336,0.036884312702163496,0.0,0.0,0.0,0.047844584623484794,0.03801029645107586,0.0,0.052457912414669544
0.00734537091610669,0.007797738219740341,0.0006329345113587388,0.0,0.04814505285214348,0.07740949752770827,0.0007912263496422721,0.00033311449061820207,0.0011081131306274865,0.0016996488558969562,0.0,0.05612597738837354,0.016405738673889614,0.025784335308071074,0.06590581052893497,0.0,0.0031106124131366477,0.12742906757903183,0.06843752118937071,0.0,0.02601644543340191,0.006797089990415816,0.0004051428210466273,0.0,0.005842596192932484,0.0,0.0,0.03305254126401672,0.0,0.0016626206554532538,0.01954039148510406,0.008012771326768139,0.0005568159069707281,0.0,0.012404005195022355,0.03398494271488188,0.04438386617410128,0.009057117126353145,0.004271716230015717,0.008383974929979,0.0,0.0027417184644452186,0.0032611574669903095,0.04815041867366369,0.005409866960214497,0.006480566630748717,0.019238320395428957,0.0,0.0147447833155134,0.010033091461983877,0.03391315166171723,0.0,0.0,0.0002997234903519067,0.10564900167599275,0.0011052948420240338,0.0,0.02613910757981148
0.0,0.01563071443019691,0.0022837092075647294,0.0,0.0,0.0,0.007850826458650734,0.00040064089837813904,0.0,0.0,0.0,0.006750319826775885,0.002690634723665642,0.013769853840135448,0.09511878927695654,0.0,0.013327904297011046,0.009782575485164688,0.0,0.010656066806375628,0.029990235778208852,0.03746844266955623,0.0,0.0,0.05030660335322268,0.04889540862269342,0.0,0.00851840607907688,0.0,0.040228290316040166,0.0010368262069538128,0.07757822128212781,0.0030135952239454776,0.007875371734220815,8.573812529150656e-05,0.02372943884188529,0.0,0.02254032250905313,0.0,0.060500921975275054,0.0,0.04204300588149452,0.014349619101364066,0.03461528643344892,0.0043376724469358025,0.0027509113927826428,0.0038563564221124965,0.011821506005412276,0.11875252902979971,0.011478277653365484,0.055063415120596995,0.0017266121938042242,0.0,0.00027035965724274695,0.05647342169758507,0.0019940230485967006,0.0,0.05043714594703153
0.0,0.03881019064072635,0.0,0.0,0.015857406860989652,0.03162314987206826,0.0072969085845052345,0.0,0.0,0.0,0.0,0.11831086071442028,0.0,0.0109853488241672,0.0,0.0,0.01536800843391161,0.0035719988062561225,0.0,0.0,0.005696277493328011,0.01691492143234576,0.0005337627613824276,0.027010686640240252,0.017494188946428218,0.005289961403260681,0.0,0.0,0.0,0.04432444439152854,0.05300209030346275,0.014779214402599694,0.0007335872207202494,0.0,0.04395407540323866,0.020935644104179106,0.018025940744258482,0.006608756145201226,0.0,0.0,0.0,0.05418189227635518,0.032485547691297016,0.02452520857087019,0.0712733738798653,0.0,0.0,0.13812771848764063,0.024282255708674143,0.02901576361455589,0.020332431275266478,0.00756545541585643,0.0,0.0,0.03436773993532844,0.0,0.0,0.046715189015071414
0.008114301697968269,0.007178351154729245,0.0,0.0,0.009972193606187124,0.027841391625033105,0.0,0.041398407629895786,0.0,0.0,0.0,0.024800529223333444,0.007414005755295186,0.00818368683132542,0.10920743160716341,0.0,0.010308704530452607,0.004492611764229013,0.0,0.08808771236595712,0.03792183096090631,0.005005747489503008,0.0006713296927462958,0.02831014879983514,0.015402088521786495,0.0,0.0,0.015648219960064307,0.0,0.01750235114032849,0.013332473939915365,0.00044257883153089807,0.0013839835098819816,0.07233489548490456,0.0,0.1230274253946646,0.08819877706203456,0.0027706792619780905,0.035391608103094274,0.0,0.0,0.013629255543989364,0.004481209097522161,0.0018094089696402812,0.0009960322111034672,0.0,0.0,0.010857974052694083,0.005235522216300768,0.013381142944908202,0.04794208231172757,0.0,0.0,0.0,0.08753138301389762,0.0,0.0,0.009792523693472428
