0,0.0,0.00245098,0.000490196,0.0,0.0,0.009803922,0.0,0.0,0.0,0.0,0.0,0.000490196,0.000490196,0.134803922,0.000490196,0.0,0.001960784,0.000980392,0.0,0.0,0.039215686,0.003921569,0.0,0.0,0.018137255,0.0,0.0,0.0,0.0,0.012745098,0.002941176,0.004411765,0.00245098,0.0,0.0,0.032843137,0.002941176,0.043137255,0.0,0.0,0.0,0.006862745,0.048529412,0.304411765,0.003921569,0.0,0.000490196,0.0,0.021568627,0.003921569,0.2735294120000001,0.0,0.0,0.004901961,0.005882353,0.0,0.0,0.01127451
1,0.0,0.0017821339910893,0.0004455339977723,0.0002227669988861,0.0,0.0,0.0028959679855201,0.0,0.0022276679888616,0.0,0.0,0.0002227669988861,0.0,0.0568055247159723,0.0,0.0,0.0,0.0002227669988861,0.0,0.0,0.0394297168028514,0.0066830029665849,0.0,0.0,0.0020049009899754,0.0002227669988861,0.0,0.0,0.0,0.0144798399276008,0.0,0.0394297168028514,0.0008910669955446,0.0,0.0,0.0285141458574292,0.0,0.0020049009899754,0.0,0.0,0.0,0.0008910669955446,0.0040098019799509,0.0474493207627534,0.0022276679888616,0.0135887729320561,0.0,0.0,0.0069057699654711,0.0080196029599019,0.6867899275660503,0.0,0.0,0.0167075069164624,0.0013366009933169,0.0,0.0,0.0135887729320561
2,0.0,0.0011235959977528,0.0014981269970037,0.0,0.0003745319992509,0.0093632959812734,0.0026217229947565,0.0,0.0,0.0,0.0,0.0,0.0,0.0625468158749063,0.0,0.0,0.0089887639820224,0.0014981269970037,0.0,0.0,0.0209737829580524,0.0082396999835206,0.0003745319992509,0.0,0.0161048689677902,0.0014981269970037,0.0003745319992509,0.0007490639985018,0.0,0.0561797748876404,0.0,0.017602995964794,0.0007490639985018,0.0,0.0003745319992509,0.0569288388861423,0.0,0.0441947569116104,0.0007490639985018,0.0,0.0,0.0093632959812734,0.0715355808569288,0.1026217227947565,0.0022471909955056,0.0,0.0,0.0003745319992509,0.0093632959812734,0.0071161049857677,0.4445692871108613,0.0,0.0,0.0048689139902621,0.0074906369850187,0.0,0.0,0.0273408239453183
3,0.0002167319995665,0.0006501949986996,0.0008669269982661,0.0006501949986996,0.0,0.0,0.0,0.0,0.0,0.0,0.0,0.0002167319995665,0.0,0.0693541398612917,0.0,0.0,0.0021673169956653,0.0,0.0,0.0,0.0275249239449501,0.0084525359830949,0.0006501949986996,0.0,0.0034677069930645,0.000433462999133,0.0,0.0,0.0,0.0134373649731252,0.0,0.0008669269982661,0.0021673169956653,0.0002167319995665,0.0002167319995665,0.0366276549267446,0.0,0.0,0.0026007799947984,0.0002167319995665,0.0,0.003250974993498,0.0041179019917641,0.0622019938755959,0.0015171219969657,0.0,0.0008669269982661,0.0,0.0010836579978326,0.0056350239887299,0.7223667085552664,0.0,0.0,0.0164716079670567,0.000433462999133,0.0002167319995665,0.0,0.0108365839783268
4,0.0,0.0002131290004262,0.0004262570008525,0.0,0.000852515001705,0.007459506014919,0.0002131290004262,0.0006393860012787,0.0006393860012787,0.0002131290004262,0.0,0.0006393860012787,0.0,0.0225916450451832,0.0002131290004262,0.0315430520630861,0.0019181590038363,0.0,0.0,0.0,0.0690537081381074,0.0070332480140664,0.0,0.0006393860012787,0.0179028130358056,0.0004262570008525,0.0,0.0,0.0,0.0134271100268542,0.0057544760115089,0.0110826940221653,0.0012787720025575,0.0,0.0006393860012787,0.0914322251828644,0.0,0.0492327370984654,0.0,0.0,0.0,0.0023444160046888,0.0068201190136402,0.0777919861555839,0.00170503000341,0.0049019610098039,0.0021312870042625,0.0,0.0070332480140664,0.0038363170076726,0.5336743400673487,0.0,0.0,0.000852515001705,0.0076726340153452,0.0,0.0,0.015771526031543
5,0.0,0.0010176390020352,0.0033921300067842,0.0,0.0,0.0006784260013568,0.0,0.0003392130006784,0.0,0.0003392130006784,0.0,0.0,0.0003392130006784,0.2221845324443691,0.0,0.0,0.0098371780196743,0.0,0.0,0.0,0.0,0.0329036640658073,0.0020352780040705,0.0,0.0010176390020352,0.0003392130006784,0.0016960650033921,0.0,0.0,0.0044097690088195,0.0,0.0128900950257801,0.0054274080108548,0.0010176390020352,0.0,0.0254409770508819,0.0,0.0,0.0030529170061058,0.0,0.0,0.0033921300067842,0.0,0.0101763910203527,0.0050881950101763,0.0,0.0,0.0,0.0047489820094979,0.0118724560237449,0.6109226602218454,0.0,0.0,0.0071234740142469,0.0003392130006784,0.0003392130006784,0.0,0.0176390770352781
6,0.0001359249999999,0.0080195729999999,0.0004077749999999,0.0001359249999999,0.0004077749999999,0.0042136739999999,0.0183498709999999,0.0059806989999999,0.0,0.0001359249999999,0.0,0.0001359249999999,0.0,0.0319423679999999,0.0,0.0,0.0012233249999999,0.0014951749999999,0.0,0.0,0.0868560549999999,0.0165828459999999,0.0005436999999999,0.0,0.0165828459999999,0.0005436999999999,0.0,0.0002718499999999,0.0,0.0137284219999999,0.0,0.0092428979999999,0.0028544239999999,0.0006796249999999,0.1235557969999999,0.0623895609999999,0.0304471929999999,0.0206605949999999,0.0,0.0,0.0,0.0013592499999999,0.0265053689999999,0.1678673369999999,0.0032621989999999,0.0067962479999999,0.0001359249999999,0.0,0.0016310999999999,0.0050292239999999,0.2964523579999999,0.0,0.0,0.0,0.0050292239999999,0.0017670249999999,0.0,0.0266412939999999
7,0.0001444040002888,0.0002888090005776,0.0005776170011552,0.0,0.0,0.0050541520101083,0.000722022001444,0.0027436820054873,0.0046209390092418,0.0018772560037545,0.0,0.000722022001444,0.0001444040002888,0.0508303251016606,0.0,0.0,0.0,0.0020216610040433,0.0,0.0,0.0730685921461371,0.0092418770184837,0.0,0.0,0.0090974730181949,0.0008664260017328,0.0,0.0,0.0,0.0693140791386281,0.0088086640176173,0.0103971120207942,0.0,0.0001444040002888,0.0001444040002888,0.0355234660710469,0.0001444040002888,0.0330685920661371,0.0004332130008664,0.0001444040002888,0.0,0.0008664260017328,0.0255595670511191,0.0996389891992779,0.0030324910060649,0.0,0.0,0.0001444040002888,0.0166064980332129,0.0086642600173285,0.4938628169877256,0.0001444040002888,0.0,0.0034657040069314,0.0020216610040433,0.0,0.0,0.0258483750516967
8,0.0002365740002365,0.0001182870001182,0.0001182870001182,0.0,0.0,0.0156139110156139,0.0011828720011828,0.0013011590013011,0.0,0.0010645850010645,0.0,0.0,0.0,0.0403359360403359,0.0,0.0,0.000828010000828,0.0003548620003548,0.0,0.0,0.023066004023066,0.0035486160035486,0.0,0.0,0.0018925950018925,0.0005914360005914,0.0005914360005914,0.0,0.0,0.0334752780334752,0.0,0.0055594980055594,0.0013011590013011,0.0,0.0,0.0897799860897799,0.0020108820020108,0.0,0.0013011590013011,0.0,0.0,0.0004731490004731,0.0023657440023657,0.0085166780085166,0.0003548620003548,0.0,0.0,0.0,0.0001182870001182,0.0003548620003548,0.7295954587295954,0.0,0.0,0.0,0.002484031002484,0.0035486160035486,0.0,0.0279157800279157
9,0.0,0.0001550149998449,0.0004650439995349,0.0,0.0,0.0088358389911641,0.0001550149998449,0.0,0.0,0.0001550149998449,0.0,0.0003100289996899,0.0003100289996899,0.073011935926988,0.0,0.0,0.0029452799970547,0.0007750739992249,0.0,0.0,0.0500697569499302,0.0120911489879088,0.0007750739992249,0.0004650439995349,0.0172066349827933,0.0009300879990699,0.0,0.0,0.0,0.0393737409606262,0.0,0.0021702059978297,0.0021702059978297,0.0017051619982948,0.135947914864052,0.0604557429395442,0.0003100289996899,0.1475740198524259,0.0,0.0001550149998449,0.0,0.0062005889937994,0.0294527979705471,0.031467988968532,0.0013951329986048,0.031157959968842,0.0007750739992249,0.0,0.0184467519815532,0.0079057509920942,0.2294217947705781,0.0,0.0,0.0675864209324135,0.0027902649972097,0.0,0.0,0.0148814139851185
10,0.0,0.0032102730032102,0.000535045000535,0.0,0.0002675230002675,0.0029427500029427,0.00107009100107,0.0810593900810593,0.000535045000535,0.0,0.0,0.0045478870045478,0.0021401820021401,0.0267522740267522,0.0008025680008025,0.0,0.0104333870104333,0.0032102730032102,0.0,0.0,0.0280898880280898,0.0088282500088282,0.0002675230002675,0.0,0.0275548420275548,0.0058855000058855,0.0,0.00107009100107,0.0002675230002675,0.0818619580818619,0.0002675230002675,0.0029427500029427,0.0008025680008025,0.0024077050024077,0.012306046012306,0.0462814340462814,0.000535045000535,0.1246655971246656,0.0,0.0,0.0002675230002675,0.0013376140013376,0.0864098450864098,0.1021936861021937,0.000535045000535,0.0,0.000535045000535,0.0,0.0042803640042803,0.0133761370133761,0.2731407172731407,0.0,0.0,0.0,0.0088282500088282,0.0021401820021401,0.0,0.0254146600254146
11,0.0,0.010747552,0.000716503,0.000477669,0.000477669,0.0,0.000238834,0.171483162,0.0,0.0,0.0,0.000238834,0.0,0.017673752,0.000477669,0.0,0.018390256,0.008120373,0.0,0.0,0.016001911,0.021733938,0.000955338,0.0,0.02340578,0.000955338,0.014807738,0.0,0.000477669,0.156197755,0.0,0.012180559,0.000238834,0.0,0.000955338,0.018151421,0.000238834,0.028660139,0.001194172,0.000477669,0.0,0.004299021,0.166945307,0.022211607,0.005732028,0.0,0.0,0.0,0.042990208,0.055648436,0.131358968,0.0,0.0,0.007642704,0.008120373,0.0,0.0,0.029376642
12,0.0,0.0,0.0001881289932273,0.0,0.0,0.0076192267257078,0.0001881289932273,0.0,0.0,0.0,0.0003762579864547,0.0,0.0004703229830683,0.0424231004727683,0.0006584519762957,0.0,0.0027278709017966,0.0017872259356598,0.0018812909322735,0.0028219358984103,0.0506067141781583,0.006678581759571,0.0,0.0,0.0089361296782993,0.0023516129153419,0.0007525159729094,0.0,0.0,0.0265261960450569,0.0042329038476154,0.0233280021601919,0.0045150968374565,0.000282193989841,0.1034709772750448,0.0265261960450569,0.0,0.0223873571940551,0.0001881289932273,0.0,0.0,0.0076192267257078,0.0124165175530053,0.1077038811226603,0.0013169029525914,0.0094064526613677,0.0007525159729094,0.000846580969523,0.009312387664754,0.0088420656816856,0.4589408164781307,0.0004703229830683,9.409999661240012e-05,0.0,0.002915999895024,0.0015050319458188,0.0,0.0359326487064246
13,0.0,0.0006581109993418,0.0021388609978611,0.0,0.0,0.0069101679930898,0.0,0.0,0.0008226389991773,0.0,0.0,0.0001645279998354,0.0,0.0302731159697268,0.0,0.0,0.0044422509955577,0.0,0.0,0.0,0.0184271139815728,0.0049358339950641,0.0008226389991773,0.0,0.0060875289939124,0.0013162219986837,0.0,0.0,0.0003290559996709,0.0036196119963803,0.0,0.0001645279998354,0.0062520569937479,0.002467916997532,0.0,0.0605462319394537,0.0,0.0,0.0,0.0001645279998354,0.0,0.0,0.0001645279998354,0.0070746959929253,0.0001645279998354,0.0610398159389601,0.0,0.0,0.0016452779983547,0.0051003619948996,0.7566633752433367,0.0,0.0,0.0144784469855215,0.0001645279998354,0.0004935829995064,0.0,0.002467916997532
14,0.0005690589704089,0.0011381189408178,8.12999957724002e-05,0.0001625879915454,0.0,0.0,0.0,0.0019510608985448,0.0,0.0004877649746362,0.0,0.002438825873181,8.12999957724002e-05,0.0,0.0,0.0,0.0010568249450451,0.0004877649746362,0.0,0.0,0.0385334509962605,0.0117876593870417,0.0,0.000243882987318,0.0282903815289001,8.12999957724002e-05,0.0,0.0,8.12999957724002e-05,0.1883586602053496,0.0,0.0689374814152509,8.12999957724002e-05,0.0,8.12999957724002e-05,0.0152833092052679,8.12999957724002e-05,0.0138200142813592,0.0,0.0009755299492724,8.12999957724002e-05,0.0008942359534997,0.1369807258770022,0.1579546297863592,0.0095927155011787,0.0034956508182261,8.12999957724002e-05,0.0003251769830907,0.0484513424805301,0.0013820009281359,0.2156735107849774,0.0,0.0,0.0086171855519063,0.0033330618266807,0.0022762378816356,0.0,0.0357694481399887
15,0.0002651109994697,0.0015906679968186,0.0034464479931071,0.0,0.0,0.0045068929909862,0.0002651109994697,0.0001325559997348,0.0,0.0003976669992046,0.0038441149923117,0.0013255569973488,0.0001325559997348,0.0155090139689819,0.0,0.0,0.0014581119970837,0.0013255569973488,0.0,0.0,0.0027836689944326,0.0147136799705726,0.0,0.0,0.0051696709896606,0.0030487799939024,0.0054347829891304,0.0,0.0001325559997348,0.0250530219498939,0.0,0.0050371159899257,0.0007953339984093,0.0,0.0,0.0355249199289501,0.0373806999252386,0.0009278899981442,0.0,0.0013255569973488,0.0,0.0009278899981442,0.009411452981177,0.2042682925914634,0.0013255569973488,0.0603128308793743,0.0001325559997348,0.0,0.0019883349960233,0.0003976669992046,0.5296924699406151,0.0,0.0,0.0,0.0006627779986744,0.0,0.0,0.0193531279612937
16,0.0001778090007112,0.0019559030078236,0.0,0.0001778090007112,0.0,0.0039118070156472,0.0005334280021337,0.0184921760739687,0.0,0.0,0.0,0.0005334280021337,0.0001778090007112,0.0056899000227596,0.0003556190014224,0.0,0.0145803700583214,0.0037339970149359,0.0,0.0003556190014224,0.0446301561785206,0.0055120910220483,0.0,0.0,0.0291607401166429,0.0,0.0,0.0001778090007112,0.0001778090007112,0.0144025600576102,0.0003556190014224,0.0167140830668563,0.0010668560042674,0.0003556190014224,0.0,0.0357396871429587,0.0391180651564722,0.0768136563072546,0.0,0.0001778090007112,0.0,0.0016002840064011,0.1577169276308677,0.2009246098036984,0.009779516039118,0.0,0.0,0.0,0.0046230440184921,0.0049786630199146,0.261913230047653,0.0,0.0,0.0,0.0085348510341394,0.0080014220320056,0.0,0.0268492181073968
17,0.0003661660497985,0.0111314555138779,0.0001464660199193,0.0,7.320000995520135e-05,0.0003661660497985,7.320000995520135e-05,0.0,0.0,0.0,7.320000995520135e-05,0.0019772982689125,0.0,0.0019040642589527,0.0,0.0,0.0544855434100339,0.0001464660199193,0.0,0.0,0.2566825689088293,0.0236543422169905,0.0,0.0001464660199193,0.0689124953720993,0.0008787991195166,0.0,0.0,0.0,0.1581838365130017,0.0008787991195166,0.0021237642888319,0.0,0.0002197000298792,0.0669351981031869,0.0017575982390333,0.0,0.0082753581254487,0.0,0.0003661660497985,0.0,0.0002929330398388,0.0874405098919093,0.1572318043835253,0.0090809242350056,0.0001464660199193,0.0,0.0,0.0058586607967778,0.0007323320995971,0.0158183841513002,0.0,0.0,0.0273160047149766,0.0078359590656904,7.320000995520135e-05,0.0,0.0284145038643725
18,0.0018858220037716,0.005486028010972,0.0,0.0,0.0029144520058289,0.0006857530013715,0.0636036341272072,0.0,0.0,0.0,0.0,0.0005143150010286,0.0,0.0018858220037716,0.0,0.0,0.0106291790212583,0.009600549019201,0.0,0.0,0.0399451400798902,0.0072004110144008,0.0,0.0001714380003428,0.056917538113835,0.0029144520058289,0.0,0.0001714380003428,0.0,0.033259043066518,0.0018858220037716,0.0066860960133721,0.0,0.0,0.0,0.0101148640202297,0.0888050751776101,0.1131493232262986,0.0,0.0018858220037716,0.0,0.0008571920017143,0.3293331056586663,0.0173152750346305,0.0104577400209154,0.0001714380003428,0.0008571920017143,0.0018858220037716,0.0094291100188582,0.013886508027773,0.0522887021045774,0.0,0.0,0.0459454830918909,0.027773016055546,0.0001714380003428,0.0,0.0293159610586319
19,0.0,0.0012768129987231,0.0,0.0,0.0,0.0,0.0025536259974463,0.0005107249994892,0.0,0.0007660879992339,0.0,0.0002553629997446,0.0,0.0331971399668028,0.0,0.0,0.002042900997957,0.0015321759984678,0.0,0.0,0.0265577119734422,0.0051072519948927,0.0,0.0002553629997446,0.0048518899951481,0.0,0.0,0.0,0.0,0.0855464759144535,0.0030643509969356,0.0109805919890194,0.0007660879992339,0.0,0.0,0.0947395299052604,0.014044943985955,0.0145556689854443,0.0007660879992339,0.0,0.0,0.0002553629997446,0.0097037789902962,0.1057201228942798,0.0012768129987231,0.0,0.0,0.0,0.0074055159925944,0.0061287029938712,0.5349846774650153,0.0,0.0,0.0,0.0025536259974463,0.0,0.0,0.0286006129713993
20,0.0,0.0002628120005256,0.0,0.0,0.0,0.0,0.0,0.0,0.0,0.0,0.0,0.0,0.0,0.0170827860341655,0.0,0.0,0.0002628120005256,0.0,0.0,0.0,0.0007884360015768,0.0002628120005256,0.0,0.0,0.0120893560241787,0.0,0.0002628120005256,0.0,0.0,0.0023653090047306,0.0,0.0,0.0007884360015768,0.0,0.0,0.011826544023653,0.0010512480021024,0.544021026088042,0.0,0.0,0.0,0.0002628120005256,0.0005256240010512,0.0018396850036793,0.0007884360015768,0.0,0.0,0.0,0.0002628120005256,0.0010512480021024,0.3984231277968462,0.0,0.0,0.0,0.0036793690073587,0.0,0.0,0.0021024970042049
21,0.0001539880001539,0.0,0.0012319060012319,0.0001539880001539,0.0,0.0,0.0,0.0,0.0,0.0,0.0,0.0,0.0,0.0537419160537419,0.0001539880001539,0.0,0.0013858950013858,0.0004619650004619,0.0,0.0001539880001539,0.0351093320351093,0.0038497070038497,0.0,0.0,0.0064675080064675,0.0,0.0,0.0001539880001539,0.0070834620070834,0.012627040012627,0.0004619650004619,0.0060055440060055,0.0023098240023098,0.0,0.0,0.0458885120458885,0.0,0.012473052012473,0.0027717890027717,0.0,0.0,0.0,0.025562057025562,0.0044656610044656,0.0021558360021558,0.0,0.0,0.0001539880001539,0.0013858950013858,0.0024638130024638,0.763781953763782,0.0004619650004619,0.0,0.0009239300009239,0.0009239300009239,0.0004619650004619,0.0,0.0046196490046196
22,7.34999891220016e-05,0.0031594415324026,0.001836884728141,0.0006612779021308,0.0,0.0042615713692874,0.001028654847759,0.0,0.0,7.34999891220016e-05,0.0,0.0001469509782512,0.0003673769456282,0.0157972056620135,7.34999891220016e-05,0.0,0.0022777366628949,0.0001469509782512,0.0,0.0,0.0178545163575315,0.0162380575967674,0.0,0.0008082288803821,0.0243938243897139,0.0005878029130051,0.0,7.34999891220016e-05,7.34999891220016e-05,0.0358559826933145,0.0011021308368846,0.0091109466515798,0.0026451136085231,0.0009551798586333,0.0002204259673769,0.0242468734114627,0.0,0.0051432762387951,7.34999891220016e-05,0.0003673769456282,0.0,0.0016899337498898,0.0304188054980167,0.1552534670224868,0.0088905206842029,0.0139603209338725,0.0005878029130051,0.0008082288803821,0.0012490818151358,0.0013960317933872,0.5502570825619517,0.0001469509782512,0.0,0.0221895627159447,0.0035268184780308,0.0002939019565025,0.0,0.039676702127848
23,0.0,0.0023369950046739,0.0004673990009347,0.0,0.0,0.0,0.0025706940051413,0.0004673990009347,0.0,0.0,0.0,0.0002336990004673,0.0002336990004673,0.0278102360556204,0.0009347980018695,0.0,0.0044402900088805,0.0009347980018695,0.0,0.0004673990009347,0.0521149801042299,0.0128534700257069,0.0,0.0,0.0245384440490768,0.0063098850126197,0.0,0.0002336990004673,0.0,0.0532834771065669,0.0002336990004673,0.0376256130752512,0.0014021970028043,0.0002336990004673,0.0004673990009347,0.0460387940920775,0.0,0.0628651551257303,0.0,0.0009347980018695,0.0,0.0039728910079457,0.0233699460467398,0.0862351021724702,0.0009347980018695,0.0028043940056087,0.0004673990009347,0.0014021970028043,0.0584248661168497,0.0060761860121523,0.4353820998707642,0.0002336990004673,0.0,0.0002336990004673,0.0112175740224351,0.0004673990009347,0.0,0.02874503405749
24,0.0,0.0,0.0011422040034266,0.0,0.0,0.0045688180137064,0.0,0.0,0.0,0.0,0.0,0.0,0.0,0.0,0.0,0.0,0.0002855510008566,0.0,0.0,0.0,0.0028555110085665,0.0002855510008566,0.0,0.0,0.0008566530025699,0.0,0.0,0.0,0.0002855510008566,0.0017133070051399,0.0,0.0008566530025699,0.0008566530025699,0.0,0.0,0.0593946321781839,0.0162764130488292,0.005711022017133,0.0,0.0,0.0,0.0,0.0019988580059965,0.0037121640111364,0.0,0.0019988580059965,0.0,0.0,0.0,0.0008566530025699,0.8926327836778983,0.0,0.0,0.0,0.0002855510008566,0.0,0.0,0.0034266130102798
25,0.0002238890011194,0.0061569460307847,0.0002238890011194,0.0016791670083958,0.0,0.0036941680184708,0.0086197250430986,0.0054852790274263,0.0,0.0005597220027986,0.0,0.0021269450106347,0.0004477780022388,0.0313444531567222,0.0003358330016791,0.0,0.0163438930817194,0.0063808350319041,0.0044777790223888,0.0025747230128736,0.0732116873660584,0.0144408370722041,0.0095152800475763,0.0,0.0434344572171722,0.0024627780123138,0.0,0.0004477780022388,0.0002238890011194,0.0313444531567222,0.0050375010251875,0.0186947270934736,0.0,0.0001119440005597,0.144744207723721,0.0291055641455278,0.0,0.024963618124818,0.0001119440005597,0.0005597220027986,0.0,0.000783611003918,0.1099294755496473,0.1198925335994626,0.0116422250582111,0.014105004070525,0.0002238890011194,0.0002238890011194,0.0658233523291167,0.012873615064368,0.1250419796252098,0.0,0.0,0.0001119440005597,0.0101869470509347,0.0032463900162319,0.0,0.0368297321841486
26,0.0001867529718003,0.0059760950976096,0.0054780871728088,0.001245019812002,0.0010582668402017,0.0041708163702067,0.0004357569342007,0.0,0.0,0.0,0.0,0.0001867529718003,0.0011827688214019,0.0344247958018558,0.0,0.0,0.0155004956594251,0.0003735059436006,0.0,0.0002490039624004,0.0077191228344124,0.0377863492942612,0.0001867529718003,0.0,0.022223602644236,0.0,0.0,0.0037973104266061,6.229999059270142e-05,0.109063728531377,0.0001867529718003,0.0108316713644176,0.0002490039624004,0.0015562747650025,0.0001245019812002,0.0478710087714776,0.0,0.0206673278792334,0.0,0.0009960158496016,0.0,0.0041708163702067,0.0407121448524661,0.2589641038964203,0.005602589154009,0.0,0.0003735059436006,6.229999059270142e-05,0.0020542826898033,0.0166210134902269,0.2490039464004041,0.0,6.229999059270142e-05,0.0433889374482704,0.0064118520318103,0.0,0.0,0.0387823651438628
27,0.0,0.0021291699978708,0.0002838889997161,0.000141944999858,0.000141944999858,0.0024130589975869,0.0007097229992902,0.0015613909984386,0.0,0.0,0.0,0.0,0.000141944999858,0.0171753019828247,0.0002838889997161,0.0,0.0114975159885024,0.0032647269967352,0.0,0.0,0.041163945958836,0.0187366929812633,0.0,0.0,0.0251242019748758,0.000141944999858,0.0,0.0,0.0,0.1315826828684173,0.0,0.043718949956281,0.0002838889997161,0.0002838889997161,0.0,0.0340667139659332,0.0361958839638041,0.087154009912846,0.0019872249980127,0.000141944999858,0.000141944999858,0.0018452799981547,0.0319375439680624,0.1297374018702626,0.0014194459985805,0.0,0.0002838889997161,0.0,0.0303761529696238,0.0046841729953158,0.2986515257013485,0.0,0.0,0.0,0.0058197299941802,0.0,0.0,0.0347764369652235
28,0.0,0.0,0.0,0.0,0.0,0.003229974,0.0,0.0,0.0,0.0,0.0,0.0,0.0,0.041989664,0.0,0.0,0.002583979,0.000645995,0.0,0.0,0.005167959,0.00129199,0.0,0.0,0.007105943,0.0,0.0,0.0,0.0,0.012273902,0.0,0.002583979,0.0,0.0,0.0,0.021963824,0.045865633,0.0,0.0,0.0,0.0,0.0,0.004521964,0.02002584,0.0,0.0,0.0,0.0,0.00129199,0.003875969,0.8217054260000002,0.0,0.0,0.0,0.0,0.0,0.0,0.003875969
29,0.0,0.0003888020015552,0.0011664070046656,0.0,0.0,0.0,0.0031104200124416,0.0003888020015552,0.0,0.0,0.0,0.0,0.0007776050031104,0.0419906691679626,0.0,0.0,0.0023328150093312,0.0003888020015552,0.0,0.0,0.0423794711695178,0.0081648520326594,0.0,0.0,0.0034992220139968,0.0,0.0,0.0,0.0,0.0225505440902021,0.0050544320202177,0.0007776050031104,0.0003888020015552,0.0,0.0,0.0808709183234836,0.0,0.0097200620388802,0.0,0.0003888020015552,0.0,0.0,0.0097200620388802,0.0136080870544323,0.0007776050031104,0.0,0.0,0.0,0.0031104200124416,0.0085536550342146,0.679626752718507,0.0,0.0,0.0520995332083981,0.0007776050031104,0.0,0.0,0.0073872470295489
30,0.0,0.000375657,0.000375657,0.0,0.000375657,0.013148009,0.0,0.0,0.0,0.0,0.0,0.000751315,0.0,0.027047333,0.0,0.0,0.001126972,0.0,0.0,0.0,0.022915101,0.003380917,0.0,0.0,0.002629602,0.00150263,0.0,0.0,0.0,0.027798648,0.000375657,0.003380917,0.0,0.0,0.0,0.054470323,0.002253944,0.030052592,0.001126972,0.0,0.0,0.001878287,0.01878287,0.026296018,0.003380917,0.0,0.0,0.0,0.003380917,0.006010518,0.693463561,0.0,0.0,0.038317055,0.00150263,0.0,0.0,0.013899324
31,0.0,0.0003012050006024,0.0,0.0,0.0,0.0033132530066265,0.0,0.0,0.0,0.0,0.0,0.0,0.0,0.039759036079518,0.0003012050006024,0.0,0.0024096390048192,0.0012048190024096,0.0,0.0,0.039759036079518,0.0042168670084337,0.0,0.0,0.0042168670084337,0.0003012050006024,0.0,0.0,0.0,0.0225903610451807,0.0006024100012048,0.0012048190024096,0.0018072290036144,0.0,0.0,0.0849397591698795,0.0298192770596385,0.003012048006024,0.0,0.0,0.0,0.0,0.0075301200150602,0.0165662650331325,0.0012048190024096,0.0060240960120481,0.0,0.0,0.0024096390048192,0.0024096390048192,0.7147590374295181,0.0,0.0,0.0,0.0018072290036144,0.0,0.0,0.0075301200150602
32,0.0,0.0019833399980166,0.0,0.0,0.0,0.0027766759972233,0.0015866719984133,0.0,0.0,0.0,0.0,0.0007933359992066,0.0,0.0353034509646965,0.0,0.0,0.0019833399980166,0.0027766759972233,0.0,0.0,0.0372867909627132,0.0087266959912733,0.0,0.0,0.0027766759972233,0.0007933359992066,0.0,0.0,0.0,0.0952003169047997,0.0,0.0043633479956366,0.0071400239928599,0.0,0.0003966679996033,0.0571201899428798,0.0,0.0238000789761999,0.0,0.0,0.0,0.0047600159952399,0.0126933759873066,0.0357001189642998,0.0103133679896866,0.0,0.0,0.0003966679996033,0.0083300279916699,0.0285600949714399,0.5759619194240382,0.0,0.0,0.0261800869738199,0.0007933359992066,0.0,0.0,0.0115033719884966
33,0.0,0.000239406,0.000239406,0.0,0.0,0.00191525,0.000239406,0.0,0.0,0.000239406,0.0,0.0,0.0,0.297821403,0.0,0.0,0.00191525,0.0,0.0,0.0,0.000957625,0.00191525,0.0,0.0,0.001675844,0.0,0.0,0.0,0.0,0.005027532,0.0,0.0,0.0,0.0,0.0,0.069906632,0.0,0.000239406,0.0,0.0,0.0,0.000239406,0.000478813,0.0,0.000239406,0.069906632,0.0,0.000478813,0.001436438,0.000957625,0.523102705,0.000478813,0.0,0.009815657,0.000239406,0.0,0.0,0.01029447
34,0.0,0.0030703100122812,0.0027632790110531,0.0003070310012281,0.0,0.0,0.0,0.0009210930036843,0.0,0.0,0.0003070310012281,0.0003070310012281,0.0,0.0104390540417562,0.0,0.0,0.0098249920392999,0.0012281240049124,0.0,0.0,0.012588271050353,0.0058335890233343,0.0021492170085968,0.0,0.0079828060319312,0.0,0.0,0.0,0.0,0.0110531160442124,0.0,0.0,0.0,0.0,0.0073687440294749,0.0,0.0018421860073687,0.0,0.0,0.0,0.0003070310012281,0.0039914030159656,0.0030703100122812,0.0,0.0024562480098249,0.0,0.0,0.0012281240049124,0.0092109300368437,0.0107460850429843,0.8311329473245319,0.0,0.0,0.0478968381915873,0.0015351550061406,0.0,0.0,0.0104390540417562
35,0.0,0.0002794079994411,0.0,0.0,0.0,0.0,0.0013970379972059,0.0,0.0,0.0,0.0,0.0,0.0,0.0,0.0,0.0,0.0002794079994411,0.0,0.0,0.0,0.0271025429457949,0.0019558539960882,0.0,0.0,0.0067057839865884,0.0,0.0,0.0,0.0,0.0041911149916177,0.0033528919932942,0.0251466889497066,0.0005588149988823,0.0,0.2218496785563006,0.0,0.0011176309977647,0.0687342828625314,0.0,0.0,0.0,0.0,0.0002794079994411,0.0237496509525007,0.0005588149988823,0.0016764459966471,0.0,0.0002794079994411,0.0039117069921765,0.0041911149916177,0.5820061458359878,0.0008382229983235,0.0,0.0,0.0013970379972059,0.0,0.0,0.0184409049631181
36,0.0004008019995991,0.0,0.0,0.0,0.0,0.0,0.0,0.0,0.0,0.0016032059983967,0.0,0.0,0.0002004009997995,0.0182364729817635,0.0,0.0,0.0076152299923847,0.0010020039989979,0.0,0.0,0.0004008019995991,0.0016032059983967,0.0006012019993987,0.0014028059985971,0.0,0.0,0.0,0.0,0.0006012019993987,0.0056112219943887,0.0,0.0044088179955911,0.0002004009997995,0.0,0.0,0.0,0.0002004009997995,0.0,0.0002004009997995,0.0,0.039478957960521,0.0002004009997995,0.0004008019995991,0.0014028059985971,0.0008016029991983,0.0,0.0,0.0004008019995991,0.0006012019993987,0.0012024049987975,0.8474949891525049,0.0164328659835671,0.0,0.0,0.0006012019993987,0.0,0.0,0.0466933869533066
37,0.0,0.0,0.0003616639992766,0.0,0.0,0.0,0.0,0.0,0.0,0.0014466549971066,0.0,0.0007233269985533,0.0,0.020976491958047,0.0,0.0,0.0014466549971066,0.0,0.0,0.0,0.0050632909898734,0.0039782999920434,0.0,0.0,0.00108499099783,0.0007233269985533,0.0,0.0,0.0,0.00108499099783,0.0,0.0321880649356238,0.00216998199566,0.0,0.0,0.0104882459790235,0.0007233269985533,0.0,0.0,0.0003616639992766,0.0,0.0014466549971066,0.0582278478835443,0.0379746839240506,0.0007233269985533,0.0386980109226039,0.0,0.0,0.0086799279826401,0.0086799279826401,0.7504520784990959,0.0,0.0,0.0,0.0,0.0,0.00216998199566,0.0101265819797468
38,7.699999645800018e-05,0.0006158109716726,0.0478792987975522,0.0004618579787545,0.0,0.0,0.0,0.0,0.0,0.0,0.0,0.0001539529929181,0.0092371635750904,0.1584943347092606,0.0,0.0,0.0030020778619044,0.0,0.0,0.0002309289893772,0.0,0.0029251018654453,0.0003079049858363,0.0,0.0012316219433453,0.0014625509327226,0.0,0.0,0.0,0.0106997145078131,0.0,0.0080825186282041,0.0015395269291817,0.0,7.699999645800018e-05,0.0,0.0133938873838811,0.0014625509327226,0.0,0.0003079049858363,0.0,0.0075436836529905,0.0622738791354015,0.0,0.0010006929539681,0.0,0.0,0.0,0.0037718418264952,0.0040027708158725,0.649449589125319,0.0,0.0,0.0,0.0001539529929181,0.0005388349752135,0.0,0.0096220455573859
39,0.0,0.0,0.0039968029840127,0.0,0.0,0.0,0.0,0.0,0.0,0.0,0.0,0.0002664539989341,0.0,0.0,0.0,0.0,0.0053290699786837,0.0,0.0,0.0,0.0007993609968025,0.0015987209936051,0.0,0.0,0.002930988988276,0.0,0.0085265119658939,0.0,0.0,0.0114575009541699,0.0,0.0077271519690913,0.0,0.0,0.0002664539989341,0.0,0.0447641888209432,0.0079936049680255,0.0,0.0,0.0,0.0,0.0061284309754862,0.0127897679488409,0.0,0.025845989896616,0.0,0.0,0.0015987209936051,0.0085265119658939,0.8286703936853184,0.0,0.0,0.0,0.0002664539989341,0.0,0.0,0.0205169199179323
40,0.0,0.0069274650069274,0.0,0.0,0.0004074980004074,0.0081499590081499,0.0028524860028524,0.0,0.0,0.0,0.0,0.0048899760048899,0.0,0.0264873680264873,0.0,0.0,0.0061124690061124,0.0004074980004074,0.0,0.0,0.0118174410118174,0.0069274650069274,0.0004074980004074,0.0012224940012224,0.0101874490101874,0.0008149960008149,0.0,0.0,0.0,0.0700896500700896,0.0142624290142624,0.0085574570085574,0.0004074980004074,0.0,0.2860635702860636,0.0484922580484922,0.0167074160167074,0.0220048900220048,0.0,0.0,0.0,0.0061124690061124,0.0631621840631622,0.0729421350729421,0.0183374080183374,0.0,0.0,0.0195599020195599,0.0142624290142624,0.0183374080183374,0.1919315401919316,0.0012224940012224,0.0,0.0,0.0081499590081499,0.0,0.0,0.0317848410317848
41,0.0,0.0,0.0005122950005122,0.0,0.0,0.003586066003586,0.0010245900010245,0.0,0.0,0.0,0.0,0.0,0.0,0.0302254100302254,0.0005122950005122,0.0005122950005122,0.0,0.0005122950005122,0.0,0.0,0.0491803280491803,0.0025614750025614,0.0,0.0,0.0092213110092213,0.0,0.0,0.0,0.0,0.0081967210081967,0.03125000003125,0.0071721310071721,0.0010245900010245,0.0,0.0,0.0778688520778688,0.0,0.0184426230184426,0.0,0.0,0.0,0.0005122950005122,0.0450819670450819,0.0307377050307377,0.0,0.0,0.0,0.0040983610040983,0.0148565570148565,0.003586066003586,0.6168032796168033,0.0051229510051229,0.0,0.0,0.0061475410061475,0.0,0.0,0.03125000003125
42,0.0,0.0072368419927631,0.0019736839980263,0.0,0.0,0.0006578949993421,0.0006578949993421,0.0,0.0,0.0,0.0098684209901315,0.0006578949993421,0.0,0.0289473679710526,0.0006578949993421,0.0,0.0210526319789473,0.0013157889986842,0.0,0.0,0.2717105257282894,0.0368421049631578,0.0,0.0006578949993421,0.031578946968421,0.0236842109763157,0.0032894739967105,0.0,0.0,0.0335526319664473,0.0131578949868421,0.0006578949993421,0.0,0.0,0.0868421049131578,0.0039473679960526,0.0,0.0874999999124999,0.0,0.0,0.0,0.0131578949868421,0.0092105259907894,0.0381578949618421,0.0,0.0,0.0006578949993421,0.0,0.0236842109763157,0.0651315789348684,0.1414473678585526,0.0026315789973684,0.0,0.0,0.0230263159769736,0.0,0.0,0.0164473679835526
43,0.0283018870283018,0.0008203450008203,0.0,0.0,0.0,0.0,0.0,0.0,0.0,0.0397867100397867,0.0,0.0,0.0008203450008203,0.004922067004922,0.0,0.0,0.0036915500036915,0.0,0.0,0.0,0.0004101720004101,0.0012305170012305,0.0,0.0012305170012305,0.0,0.0036915500036915,0.0,0.0,0.0,0.1078753081078753,0.0,0.0840853160840853,0.0004101720004101,0.0,0.0,0.0020508610020508,0.0073831010073831,0.0,0.0,0.0,0.0,0.0,0.0012305170012305,0.0438884330438884,0.0016406890016406,0.0258408530258408,0.0,0.0,0.0,0.0771123870771124,0.5274815425274816,0.0,0.0,0.0,0.0069729290069729,0.0,0.0,0.0291222310291222
44,0.0,0.0019675359940973,0.0009837679970486,0.0,0.0,0.0,0.0,0.0,0.0,0.0,0.0,0.0,0.0,0.089030988732907,0.0,0.0,0.001475651995573,0.0,0.0,0.0,0.0,0.014264633957206,0.1185440236443679,0.0,0.0004918839985243,0.0078701429763895,0.0,0.0,0.0,0.0009837679970486,0.0,0.0,0.0004918839985243,0.0,0.0,0.0186915889439252,0.0,0.0,0.0,0.0,0.0206591239380226,0.0,0.0,0.0019675359940973,0.0019675359940973,0.0,0.0,0.0,0.0004918839985243,0.0093457939719626,0.5922282322233153,0.0,0.0,0.0983767827048696,0.0,0.0,0.0,0.0201672409394982
45,0.0,0.0015105740030211,0.0007552870015105,0.0,0.0015105740030211,0.0083081570166163,0.0,0.0,0.0,0.0037764350075528,0.0,0.0,0.0,0.0883685801767371,0.0,0.0,0.0015105740030211,0.0045317220090634,0.0,0.0,0.0271903320543806,0.0173716010347432,0.0,0.0,0.0060422960120845,0.0022658610045317,0.0,0.0,0.0,0.0755287011510574,0.02643504505287,0.040785498081571,0.0007552870015105,0.0,0.0,0.021148036042296,0.0,0.0060422960120845,0.0007552870015105,0.0,0.0,0.0015105740030211,0.0415407850830815,0.0506042301012084,0.0030211480060422,0.0,0.0,0.0,0.0151057400302114,0.0151057400302114,0.484138973968278,0.0,0.0,0.0,0.0045317220090634,0.0,0.0,0.0498489430996978
46,0.0003628449989114,0.0010885339967343,0.0003628449989114,0.0,0.0,0.0068940489793178,0.0,0.0,0.0,0.0,0.0,0.0003628449989114,0.0003628449989114,0.0293904209118287,0.0,0.0,0.0014513789956458,0.0018142239945573,0.0039912919880261,0.0,0.1357039185928882,0.0039912919880261,0.0108853409673439,0.0,0.010159651969521,0.0010885339967343,0.0,0.0003628449989114,0.0,0.0275761969172714,0.0,0.0163280119510159,0.0014513789956458,0.0,0.0333817128998548,0.1941219154176343,0.0032656019902031,0.1044992736865022,0.0,0.0003628449989114,0.0,0.0003628449989114,0.0126995649619013,0.0471698108584905,0.0,0.0018142239945573,0.0,0.0,0.0010885339967343,0.0032656019902031,0.3312772120061684,0.0,0.0,0.0,0.0007256889978229,0.0,0.0,0.0123367199629898
47,0.0003498950003498,0.0013995800013995,0.0013995800013995,0.0010496850010496,0.0,0.0,0.0,0.0,0.0,0.0,0.0,0.0,0.0153953810153953,0.0,0.0,0.0,0.0010496850010496,0.0,0.0,0.0,0.0013995800013995,0.0157452760157452,0.0024492650024492,0.0,0.0,0.0,0.0,0.0,0.0,0.0,0.0,0.0,0.1203638911203639,0.0,0.0,0.0,0.0083974810083974,0.0,0.0,0.0,0.0,0.0,0.0006997900006997,0.0,0.0003498950003498,0.0,0.0,0.0,0.0,0.019944017019944,0.7977606727977608,0.0,0.0,0.0,0.0,0.0,0.0,0.0122463260122463
48,0.0,0.001631986996736,0.000407996999184,0.0,0.0,0.000815992998368,0.000815992998368,0.0,0.0,0.0,0.0,0.0,0.0,0.001223989997552,0.0,0.0,0.000407996999184,0.000407996999184,0.0,0.0,0.0126478989747042,0.0,0.0,0.0,0.004895960990208,0.0,0.0,0.0,0.0,0.00611995098776,0.0,0.004895960990208,0.0,0.0,0.0,0.064055487871889,0.0,0.062423500875153,0.0,0.0,0.0,0.0,0.0159118729681762,0.005303957989392,0.0424316609151366,0.0,0.0,0.0,0.004895960990208,0.0085679309828641,0.74541003550918,0.0,0.0,0.005711953988576,0.00203998399592,0.0,0.0,0.0089759279820481
49,0.0,0.0023566379952867,0.0,0.0,0.0003927729992144,0.0015710919968578,0.0023566379952867,0.0,0.0,0.0,0.0,0.0,0.0019638649960722,0.0561665358876669,0.0003927729992144,0.0,0.0051060489897879,0.0,0.0,0.0,0.0192458759615082,0.0098193239803613,0.0003927729992144,0.0,0.0145325999709348,0.0003927729992144,0.0,0.0,0.0,0.0479183029041634,0.0,0.0129615079740769,0.00353495699293,0.0,0.0,0.0769835038460329,0.0003927729992144,0.0671641788656716,0.0015710919968578,0.0003927729992144,0.0,0.0047132759905734,0.0039277299921445,0.0585231738829536,0.0015710919968578,0.0,0.0,0.0023566379952867,0.012175961975648,0.0192458759615082,0.5263157879473684,0.0,0.0,0.0066771409866457,0.0082482329835035,0.0,0.0,0.0306362919387274
50,0.0,0.0,0.0,0.0,0.0,0.0012101650012101,0.0,0.0,0.0,0.0,0.0,0.0,0.0,0.0649455430649455,0.0,0.0,0.0,0.0008067770008067,0.0,0.0,0.0036304960036304,0.0024203310024203,0.0,0.0,0.0004033880004033,0.0,0.0004033880004033,0.0,0.0,0.0,0.0,0.0016135540016135,0.0028237190028237,0.0,0.0,0.027027027027027,0.0,0.0,0.0,0.0,0.0,0.0,0.0,0.0064542150064542,0.0008067770008067,0.0,0.0,0.0,0.0008067770008067,0.0008067770008067,0.8830173468830175,0.0,0.0,0.0020169420020169,0.0,0.0,0.0,0.0008067770008067
51,0.0,0.0015923569999999,0.0007961779999999,0.0,0.0,0.0011942679999999,0.0,0.0,0.0,0.0,0.0,0.0,0.0,0.0,0.0,0.0,0.0007961779999999,0.0011942679999999,0.0,0.0,0.0139331209999999,0.0067675159999999,0.0083598729999999,0.0,0.0557324839999999,0.0015923569999999,0.0,0.0,0.0,0.0457802549999999,0.0003980889999999,0.0155254779999999,0.0003980889999999,0.0,0.0099522289999999,0.3937101909999999,0.0007961779999999,0.0139331209999999,0.0003980889999999,0.0,0.0,0.0043789809999999,0.0143312099999999,0.1186305729999999,0.0015923569999999,0.0,0.0,0.0,0.0043789809999999,0.0302547769999999,0.2384554139999999,0.0,0.0,0.0,0.0031847129999999,0.0,0.0,0.0119426749999999
52,0.0,0.0006591960006591,0.0019775870019775,0.0,0.0,0.0075807510075807,0.0,0.0,0.0,0.0,0.0,0.0,0.0006591960006591,0.0283454190283454,0.0,0.0,0.0072511540072511,0.0003295980003295,0.0,0.0,0.0088991430088991,0.0026367830026367,0.0016479890016479,0.0,0.0016479890016479,0.0006591960006591,0.0,0.0,0.0,0.0075807510075807,0.0,0.0016479890016479,0.0016479890016479,0.0009887940009887,0.0,0.0533948580533948,0.0,0.0,0.0009887940009887,0.0006591960006591,0.0003295980003295,0.0003295980003295,0.0003295980003295,0.0128543180128543,0.0,0.0,0.0,0.0,0.0019775870019775,0.0019775870019775,0.8328938698328939,0.0,0.0,0.0164798950164799,0.0009887940009887,0.0,0.0,0.0026367830026367
53,0.0,0.0012845219974309,0.0,0.0,0.0,0.0109184329781631,0.0006422609987154,0.0,0.0012845219974309,0.0019267819961464,0.0,0.0,0.0,0.0128452149743095,0.0,0.0,0.0006422609987154,0.0,0.0,0.0,0.0359666019280668,0.0051380859897238,0.0,0.0,0.0038535649922928,0.0,0.0,0.0,0.0,0.0089916509820166,0.0057803469884393,0.013487475973025,0.0025690429948619,0.0,0.0,0.0693641618612716,0.0,0.0231213869537572,0.0,0.0,0.0,0.0,0.014771996970456,0.0263326909473346,0.0,0.0109184329781631,0.0,0.0,0.0096339109807321,0.0064226079871547,0.716763004566474,0.0,0.0,0.0038535649922928,0.0019267819961464,0.0,0.0,0.0115606939768786
54,0.0,0.0016061679967876,0.0,0.0,0.000642466998715,0.0,0.0,0.010279472979441,0.0003212339993575,0.0003212339993575,0.0,0.0016061679967876,0.0009637009980725,0.0372630899254738,0.0,0.0,0.010279472979441,0.0012849339974301,0.0,0.0,0.0289110179421779,0.0083520719832958,0.0016061679967876,0.0003212339993575,0.0167041439665917,0.0003212339993575,0.0,0.0,0.0035335689929328,0.019916478960167,0.0,0.0077096049845807,0.0032123349935753,0.0,0.0,0.0995823958008352,0.0093157729813684,0.048827497902345,0.0,0.0,0.0,0.0032123349935753,0.0144555089710889,0.0507548988984902,0.0012849339974301,0.0,0.0,0.0,0.0109219399781561,0.0167041439665917,0.5483456459033087,0.0003212339993575,0.0,0.0012849339974301,0.0141342759717314,0.0051397369897205,0.0,0.0205589459588821
55,0.0,0.0177654950355309,0.0,0.0011843660023687,0.0011843660023687,0.0311883140623766,0.0015791550031583,0.0742202921484405,0.0,0.0,0.0,0.0,0.0039478880078957,0.0556652191113304,0.0011843660023687,0.0,0.0090801420181602,0.0,0.0,0.0,0.0173707070347414,0.0043426770086853,0.0019739440039478,0.0,0.0268456380536912,0.0075009870150019,0.0,0.0,0.0,0.0003947890007895,0.0,0.0146071850292143,0.0094749310189498,0.0,0.0,0.1113304382226608,0.0169759180339518,0.0627714171255428,0.0,0.0003947890007895,0.0,0.0031583100063166,0.0489538100979076,0.0963284641926569,0.0051322540102645,0.0,0.0047374650094749,0.0007895780015791,0.0276352150552704,0.0023687330047374,0.3024082126048164,0.0,0.0,0.0,0.0217133830434267,0.0047374650094749,0.0,0.0110540860221081
56,0.0,0.0013123359973753,0.0,0.0,0.0,0.0048118989903762,0.0008748909982502,0.0008748909982502,0.0030621169938757,0.0,0.0,0.0,0.0,0.164041994671916,0.0004374449991251,0.0,0.0013123359973753,0.0008748909982502,0.0,0.0,0.0109361329781277,0.0065616799868766,0.0026246719947506,0.0,0.0004374449991251,0.0,0.0,0.0,0.0,0.1141732277716535,0.0,0.0021872269956255,0.0039370079921259,0.0,0.0,0.1373578297252843,0.0026246719947506,0.0380577429238845,0.0,0.0,0.0,0.0004374449991251,0.008311460983377,0.0227471569545056,0.0013123359973753,0.0,0.0004374449991251,0.0,0.0034995629930008,0.0004374449991251,0.4610673660778653,0.0,0.0,0.0,0.0008748909982502,0.0,0.0,0.004374452991251
57,0.0002306809986159,0.0009227219944636,0.0,0.0,0.0,0.0159169549044982,0.0,0.0,0.0006920419958477,0.0011534029930795,0.0,0.0,0.0,0.0417531717494809,0.0002306809986159,0.0,0.0009227219944636,0.0,0.0,0.0,0.0311418688131487,0.0029988469820069,0.0,0.0006920419958477,0.0062283739626297,0.0,0.0,0.0,0.0,0.0145328719128027,0.0,0.0032295269806228,0.0062283739626297,0.0,0.0,0.0382929637702422,0.0034602079792387,0.0288350628269896,0.0,0.0002306809986159,0.0,0.0002306809986159,0.0129181079224913,0.0115340249307958,0.0006920419958477,0.0154555939072664,0.0,0.0004613609972318,0.0066897349598615,0.0069204149584775,0.7144175277134948,0.008073817951557,0.0,0.0002306809986159,0.0046136099723183,0.0002306809986159,0.0,0.0198385238809688
58,0.0004098359995901,0.0008196719991803,0.0,0.0,0.0,0.0004098359995901,0.0,0.0,0.0,0.0,0.0,0.0,0.0,0.1516393438483606,0.0,0.0,0.0012295079987704,0.0012295079987704,0.0,0.0,0.0106557379893442,0.0016393439983606,0.0,0.0,0.0016393439983606,0.0,0.0,0.0,0.0,0.0254098359745901,0.0036885249963114,0.0045081969954918,0.022540983977459,0.0,0.0040983609959016,0.0159836069840163,0.0,0.0036885249963114,0.0,0.0,0.0,0.0,0.0077868849922131,0.0122950819877049,0.0061475409938524,0.0106557379893442,0.0008196719991803,0.0,0.0069672129930327,0.0032786889967213,0.6840163923159835,0.0,0.0,0.0147540979852459,0.0,0.0004098359995901,0.0,0.0032786889967213
59,0.0,0.003991484992017,0.0090473659819052,0.0045236829909526,0.0002660989994678,0.0135710479728579,0.0015965939968068,0.0005321979989356,0.0,0.0,0.0,0.0,0.0031931879936136,0.0784992018430015,0.0,0.0,0.0332623739334752,0.0029270889941458,0.0,0.0,0.032197977935604,0.0186269289627461,0.0236828099526343,0.0,0.0194252259611495,0.0069185739861628,0.0,0.0007982969984034,0.0,0.0127727509744544,0.0002660989994678,0.0029270889941458,0.0010643959978712,0.0023948909952102,0.0061202769877594,0.0183608299632783,0.0228845129542309,0.003991484992017,0.0,0.0015965939968068,0.0,0.0047897819904204,0.0827567858344864,0.0393826499212346,0.0015965939968068,0.0,0.0,0.003991484992017,0.0183608299632783,0.0465673229068653,0.4513038840973922,0.0,0.0,0.0,0.0031931879936136,0.0018626929962746,0.0,0.0207557209584885
60,0.0,0.0,0.0,0.0,0.0,0.0,0.0,0.0,0.0011223340022446,0.0022446690044893,0.0,0.0005611670011223,0.0005611670011223,0.2491582494983165,0.0,0.0,0.0028058360056116,0.0,0.0,0.0,0.013468013026936,0.0028058360056116,0.0,0.0,0.0078563410157126,0.0,0.0,0.0,0.0,0.005050505010101,0.0,0.0072951740145903,0.001683502003367,0.0,0.0,0.0078563410157126,0.0,0.001683502003367,0.0,0.0,0.0,0.0,0.0005611670011223,0.0056116720112233,0.0044893380089786,0.1043771042087542,0.0,0.0,0.0,0.0022446690044893,0.5432098780864199,0.0,0.0,0.0190796860381593,0.0011223340022446,0.0011223340022446,0.0,0.0140291810280583
61,0.000337382,0.004048583,0.000337382,0.0,0.0,0.004048583,0.004385965,0.0,0.0,0.000337382,0.0,0.001012146,0.001012146,0.025641026,0.000337382,0.0,0.008434548,0.0,0.0,0.0,0.095816464,0.009784076,0.0,0.0,0.009109312,0.009446694,0.0,0.000337382,0.001012146,0.004385965,0.006747638,0.011470985,0.001012146,0.0,0.0,0.107287449,0.0,0.03879892,0.0,0.000674764,0.0,0.001349528,0.057017544,0.084008097,0.01417004,0.003036437,0.0,0.0,0.036099865,0.026990553,0.371794872,0.0,0.006072874,0.018893387,0.004385965,0.002361673,0.0,0.028002699
62,0.0,0.0,0.0002640609997359,0.0,0.0,0.0,0.0,0.0002640609997359,0.0,0.0,0.0,0.0,0.0002640609997359,0.0248217589751782,0.0,0.0,0.0066015319933984,0.0134671239865328,0.0,0.0,0.0047531029952468,0.0121468179878531,0.0105624499894375,0.0,0.00844995999155,0.0031687349968312,0.0,0.0,0.0,0.012674940987325,0.0,0.0060734089939265,0.0,0.0,0.0,0.0480591499519408,0.0,0.0005281229994718,0.0007921839992078,0.0005281229994718,0.0,0.0010562449989437,0.0974386059025614,0.0311592289688407,0.0044890409955109,0.0,0.0,0.0,0.0060734089939265,0.0176921049823079,0.6577766033422235,0.0,0.0,0.0200686559799313,0.0013203059986796,0.003960918996039,0.0,0.0055452869944547
63,0.0,0.0003119150009357,0.0006238300018714,0.0,0.0,0.0143480970430442,0.0,0.0,0.0,0.0,0.0,0.0,0.0006238300018714,0.0184029940552089,0.0,0.0,0.0062383030187149,0.0024953210074859,0.0,0.0003119150009357,0.0024953210074859,0.0056144730168434,0.0,0.0,0.0021834060065502,0.0,0.0,0.0,0.0,0.0168434190505302,0.0,0.0021834060065502,0.0028072360084217,0.0003119150009357,0.0,0.0642545231927635,0.0,0.0,0.0,0.0,0.0184029940552089,0.0034310670102932,0.0012476610037429,0.0262008730786026,0.0006238300018714,0.0140361820421085,0.0015595760046787,0.0,0.0053025580159076,0.0102932000308796,0.7127261401381784,0.0,0.0,0.017155334051466,0.0024953210074859,0.0,0.0040548970121646,0.0424204621272613
64,0.0,0.000534045000534,0.000534045000534,0.0,0.0,0.0026702270026702,0.0,0.0,0.0,0.0,0.0,0.001068091001068,0.0016021360016021,0.0,0.0,0.0,0.0040053400040053,0.0050734310050734,0.0,0.0,0.129506008129506,0.0283044060283044,0.0,0.000801068000801,0.0339118830339118,0.0,0.0,0.0,0.0,0.0547396530547396,0.0,0.0032042720032042,0.000267023000267,0.000801068000801,0.0,0.0384512680384512,0.0680907880680908,0.0106809080106809,0.000267023000267,0.000267023000267,0.0,0.001068091001068,0.0603471300603471,0.035246996035247,0.0013351130013351,0.0018691590018691,0.0,0.0,0.0112149530112149,0.0400534050400534,0.4395193594395194,0.0,0.0,0.0,0.0013351130013351,0.000534045000534,0.0,0.0226969290226969
65,0.00043611,0.0,0.0,0.0,0.0,0.003052769,0.0,0.00087222,0.0,0.0,0.0,0.00043611,0.0,0.008722198,0.00043611,0.0,0.007413868,0.00043611,0.0,0.0,0.137810728,0.00130833,0.0,0.0,0.036197122,0.005233319,0.0,0.0,0.0,0.002616659,0.00087222,0.003924989,0.00130833,0.0,0.0,0.13126908,0.014827737,0.110771915,0.002616659,0.0,0.0,0.00043611,0.050152638,0.155691234,0.00130833,0.0,0.0,0.00043611,0.003924989,0.023986044,0.278674226,0.0,0.0,0.0,0.002180549,0.007849978,0.0,0.004797209
66,0.0,0.0,0.0,0.0,0.0,0.015,0.0,0.0,0.0,0.0003125,0.0,0.0,0.0,0.0115625,0.0,0.0,0.000625,0.0,0.0,0.0,0.0021875,0.0,0.0,0.0,0.0028125,0.0,0.0,0.0,0.0,0.0003125,0.0,0.0,0.000625,0.0,0.0,0.155625,0.0090625,0.0034375,0.0003125,0.0,0.0,0.0,0.0009375,0.005625,0.0009375,0.0,0.0,0.0,0.000625,0.00125,0.7859375,0.0,0.0,0.0,0.0003125,0.0009375,0.0,0.0015625
67,0.0004642529990714,0.0004642529990714,0.0013927579972144,0.0,0.0,0.0,0.0,0.0,0.0,0.0,0.0,0.0004642529990714,0.0023212629953574,0.0,0.0,0.0,0.0,0.0,0.0,0.0,0.0009285049981429,0.0102135559795728,0.0,0.0,0.0009285049981429,0.0,0.0,0.0,0.0,0.0018570099962859,0.0,0.0009285049981429,0.0,0.0,0.0,0.0,0.0004642529990714,0.0060352829879294,0.0,0.0,0.0,0.0004642529990714,0.0013927579972144,0.3342618373314763,0.0,0.0,0.0,0.0,0.0,0.0106778089786443,0.6132776217734448,0.0009285049981429,0.0,0.0,0.0,0.0018570099962859,0.0,0.0106778089786443
68,0.0,0.0002522700007568,0.0005045410015136,0.0,0.0,0.0,0.0,0.0,0.0,0.0,0.0,0.0,0.0002522700007568,0.0590312821770938,0.0,0.0,0.0017658930052976,0.0,0.0,0.0,0.0010090820030272,0.001261352003784,0.0,0.0,0.0007568110022704,0.0,0.0,0.0,0.0,0.0,0.0,0.0002522700007568,0.0007568110022704,0.0,0.0,0.0996468212989404,0.0232088800696266,0.0,0.0,0.0005045410015136,0.0,0.0,0.0035317860105953,0.006559031019677,0.0002522700007568,0.0,0.0,0.0,0.0002522700007568,0.0,0.7991927373975782,0.0,0.0,0.0,0.0002522700007568,0.0,0.0,0.0007568110022704
69,0.0,0.0,0.0,0.0,0.0,0.0,0.0,0.0,0.0,0.0,0.0,0.0,0.0,0.0,0.0,0.0,0.0,0.0,0.0,0.0,0.03,0.0,0.0,0.0,0.0,0.0,0.0,0.0,0.0,0.01,0.0,0.0,0.0,0.0,0.01,0.03,0.0,0.0,0.0,0.0,0.01,0.0,0.01,0.03,0.0,0.0,0.01,0.0,0.0,0.01,0.85,0.0,0.0,0.0,0.0,0.0,0.0,0.0
70,0.0,0.007992008071928,0.0024975020224775,0.0034965030314685,0.0,0.0044955040404595,0.000999001008991,0.0,0.0,0.0,0.0,0.0024975020224775,0.0,0.007992008071928,0.0004995000044955,0.0,0.0319680322877122,0.0,0.0,0.0,0.0209790211888111,0.0494505494450549,0.007992008071928,0.0054945050494505,0.0434565433911088,0.0004995000044955,0.0324675322922077,0.0004995000044955,0.0,0.0134865131213786,0.0,0.0,0.0,0.0,0.0,0.0504495504540459,0.0,0.1618381634565434,0.0,0.0014985010134865,0.0,0.006993007062937,0.063436563570929,0.0479520484315684,0.0224775222022977,0.0,0.0,0.0,0.0144855141303696,0.0544455544900099,0.2517482542657343,0.0,0.0,0.0149850151348651,0.0159840161438561,0.0354645353191808,0.0,0.0214785211933066
71,0.0,0.000824402,0.000893103,0.0,0.0,0.0,0.0,0.000274801,0.0,0.0001374,0.0,0.000412201,0.000824402,0.099340478,0.0,0.0,0.011679033,0.000618302,0.0,0.000274801,0.01085463,0.015801044,6.87e-05,6.87e-05,0.003366309,0.0,0.0,0.000343501,0.0,0.012640835,0.0,0.001717505,0.00350371,0.000274801,0.0001374,0.087249244,0.0,0.003228909,0.000206101,0.000755702,0.0,0.000824402,0.001786205,0.034212696,0.000755702,0.0,0.000206101,0.000206101,0.004122012,0.002748008,0.678139599,0.0,0.0,0.006114317,0.000687002,0.0,0.0,0.014701841
72,0.0,0.0051395009897209,0.0,0.0,0.0,0.0124816449750367,0.0029368579941262,0.0,0.0132158589735682,0.0,0.0,0.0,0.0007342139985315,0.1446402347107195,0.0,0.0,0.0,0.0007342139985315,0.0,0.0,0.0154185019691629,0.0102790009794419,0.0,0.0,0.0073421439853157,0.0,0.0,0.0,0.0,0.0029368579941262,0.0051395009897209,0.0124816449750367,0.0110132159779735,0.0,0.0256975039486049,0.1138032307723935,0.0154185019691629,0.0565345078869309,0.0,0.0014684289970631,0.0,0.0058737149882525,0.0088105729823788,0.0381791479236417,0.0,0.0,0.0066079299867841,0.0,0.0044052859911894,0.0161527169676945,0.4045521281908957,0.0,0.0,0.0396475769207048,0.0022026429955947,0.0,0.0,0.0161527169676945
73,0.000389105,0.0,0.0,0.0,0.0,0.00077821,0.000389105,0.0,0.0,0.0,0.0,0.0,0.0,0.005058366,0.0,0.0,0.00077821,0.000389105,0.0,0.0,0.013229572,0.002723735,0.0,0.0,0.00155642,0.0,0.0,0.0,0.0,0.00311284,0.000389105,0.035019455,0.010116732,0.0,0.6186770430000001,0.012840467,0.0,0.00155642,0.0,0.0,0.0,0.00077821,0.001167315,0.06459144,0.0,0.042412451,0.019844358,0.0,0.010116732,0.003501946,0.107782101,0.0,0.0,0.031128405,0.00077821,0.0,0.0,0.010894942
74,0.0,0.0002820870008462,0.0,0.0,0.0,0.0053596610160789,0.0014104370042313,0.0,0.0,0.0,0.0,0.0002820870008462,0.0,0.0220028210660084,0.0,0.0,0.0016925250050775,0.0,0.0,0.0,0.0135401970406205,0.0028208740084626,0.0002820870008462,0.0,0.006488011019464,0.0,0.0,0.0,0.0,0.0414668551244005,0.0,0.0042313120126939,0.0059238360177715,0.0,0.0,0.0547249651641749,0.0008462620025387,0.0284908320854725,0.0005641750016925,0.0,0.0,0.0014104370042313,0.0188998590566995,0.1368124124104372,0.0005641750016925,0.0,0.0,0.0,0.0031029620093088,0.0050775740152327,0.6129760248389282,0.0,0.0,0.0028208740084626,0.001128350003385,0.0,0.0,0.0267983070803949
75,0.0,0.0018876829943369,0.0004719209985842,0.0,0.0,0.0004719209985842,0.0,0.0,0.0,0.0004719209985842,0.0004719209985842,0.0004719209985842,0.0,0.0,0.0,0.0,0.0037753659886739,0.0,0.0,0.0,0.0051911279844266,0.0113260969660217,0.0,0.0,0.0009438409971684,0.0,0.0,0.0,0.0,0.0,0.0,0.0,0.0,0.0,0.0,0.0070788109787635,0.0221802739334591,0.0,0.0,0.0,0.0,0.0,0.0,0.0047192069858423,0.0004719209985842,0.0651250588046248,0.0,0.0,0.0023596039929211,0.0103822559688532,0.8499292094502124,0.0,0.0,0.0,0.0004719209985842,0.0004719209985842,0.0,0.0113260969660217
76,0.0008888890017777,0.0,0.0,0.0,0.0,0.0031111110062222,0.0,0.0,0.0,0.0,0.0,0.0004444440008888,0.0,0.1764444443528889,0.0,0.0,0.004000000008,0.0008888890017777,0.0,0.0,0.0106666670213333,0.0044444440088888,0.0,0.0,0.0013333330026666,0.0,0.0,0.0,0.0,0.0035555560071111,0.0,0.0022222220044444,0.0204444440408888,0.0,0.1644444443288889,0.0213333330426666,0.0,0.0031111110062222,0.0,0.0004444440008888,0.0,0.0053333330106666,0.0071111110142222,0.0035555560071111,0.0022222220044444,0.1088888892177778,0.0,0.0,0.0022222220044444,0.0088888890177777,0.4186666678373334,0.0,0.0,0.0177777780355555,0.0017777780035555,0.0,0.0008888890017777,0.0048888890097777
77,0.0,0.0003151590012606,0.0,0.0,0.0,0.0063031830252127,0.0,0.0018909550075638,0.0,0.0,0.0,0.0006303180025212,0.0,0.0479041921916167,0.0,0.0,0.002521273010085,0.0006303180025212,0.0,0.0,0.0236369370945477,0.0050425460201701,0.0,0.0003151590012606,0.0066183420264733,0.0,0.0,0.0,0.0009454770037819,0.0119760480479041,0.0006303180025212,0.012921525051686,0.0050425460201701,0.0003151590012606,0.0,0.0586196032344784,0.0,0.0113457300453829,0.0,0.0003151590012606,0.0,0.0075638200302552,0.0163882760655531,0.0403403721613614,0.0047273870189095,0.0917113143668452,0.0003151590012606,0.0009454770037819,0.0167034350668137,0.0148124800592499,0.5808383253233532,0.0,0.0,0.0,0.0031515920126063,0.0100850930403403,0.0,0.0144973210579892
78,0.0,0.0002355159990579,0.0002355159990579,0.0,0.0,0.0141309469434762,0.0,0.0,0.0,0.0,0.0,0.0002355159990579,0.0,0.0461610928153556,0.0,0.0,0.0,0.0002355159990579,0.0,0.0,0.0155440409378238,0.0037682519849269,0.0002355159990579,0.0,0.0004710319981158,0.0004710319981158,0.0,0.0,0.0,0.0058878939764484,0.0002355159990579,0.0061234099755063,0.0004710319981158,0.0,0.0,0.0390956188436175,0.0058878939764484,0.0004710319981158,0.0,0.0,0.0,0.0,0.0025906739896373,0.0207253889170984,0.0002355159990579,0.0044747999821008,0.0,0.0,0.0004710319981158,0.0011775789952896,0.8250117726999527,0.0,0.0,0.0,0.0014130949943476,0.0002355159990579,0.0002355159990579,0.003532736985869
79,0.0,0.0005975500017926,0.0,0.0,0.0,0.0,0.0005975500017926,0.0,0.0,0.0002987750008963,0.0,0.0,0.0014938750044816,0.0086644760259934,0.0,0.0,0.0008963250026889,0.0002987750008963,0.0,0.0,0.0062742750188228,0.0050791750152375,0.0,0.0,0.0023902000071706,0.0,0.0002987750008963,0.0,0.0,0.0170301760510905,0.0,0.0047804000143412,0.0098595760295787,0.0005975500017926,0.0,0.0128473260385419,0.0,0.0630415301891246,0.0,0.0,0.0,0.0002987750008963,0.0032865250098595,0.0164326260492978,0.0014938750044816,0.0418285031254855,0.0002987750008963,0.0002987750008963,0.0041828500125485,0.0053779500161338,0.779205260337616,0.0002987750008963,0.0,0.0,0.0005975500017926,0.0,0.0,0.0113534510340603
80,0.0,0.0,0.0004938270009876,0.0,0.0,0.0024691360049382,0.0,0.0,0.0,0.0019753090039506,0.0,0.0,0.0,0.0079012350158024,0.0,0.0,0.0014814810029629,0.0004938270009876,0.0,0.0,0.0044444440088888,0.0014814810029629,0.0,0.0,0.0004938270009876,0.0,0.0004938270009876,0.0,0.0,0.0261728400523456,0.0064197530128395,0.0286419750572839,0.0004938270009876,0.0,0.0004938270009876,0.0918518521837037,0.0,0.0019753090039506,0.0,0.0,0.0,0.0029629630059259,0.0024691360049382,0.0429629630859259,0.0074074070148148,0.0009876540019753,0.0,0.0004938270009876,0.0064197530128395,0.0054320990108641,0.735802470471605,0.0,0.0,0.0004938270009876,0.0004938270009876,0.0004938270009876,0.0,0.0158024690316049
81,0.0,0.0,0.0,0.0,0.0,0.0133168160532672,0.0,0.0,0.0,0.0,0.0,0.0003096930012387,0.0,0.0591514402366057,0.0,0.0,0.0046454010185816,0.0,0.0,0.0,0.0099101890396407,0.0037163210148652,0.0,0.0,0.0034066270136265,0.0,0.0,0.0003096930012387,0.0,0.0096004960384019,0.0003096930012387,0.006813255027253,0.0049550940198203,0.0003096930012387,0.0,0.0774233513096934,0.0003096930012387,0.0003096930012387,0.0009290800037163,0.0,0.0,0.0046454010185816,0.0055744810222979,0.0393310621573242,0.0043357080173428,0.0,0.0003096930012387,0.0,0.0037163210148652,0.0099101890396407,0.70455249581821,0.0,0.0,0.0154846700619386,0.0,0.0003096930012387,0.0,0.0161040570644162
82,0.0,0.0030410540060821,0.001520527003041,0.0010136850020273,0.0,0.0,0.0,0.0,0.0,0.0,0.0,0.0,0.0,0.00963000501926,0.0,0.0,0.0035478970070957,0.0005068420010136,0.0,0.0,0.001520527003041,0.0020273690040547,0.0025342120050684,0.0005068420010136,0.0005068420010136,0.0,0.0,0.0,0.0,0.0223010640446021,0.0,0.0035478970070957,0.0,0.0,0.0,0.00963000501926,0.0030410540060821,0.0070957930141915,0.0,0.0005068420010136,0.0,0.0010136850020273,0.0162189560324379,0.0202736950405473,0.0010136850020273,0.0430816020861632,0.0,0.0,0.001520527003041,0.0070957930141915,0.8220983286441967,0.0,0.0,0.0106436900212873,0.0010136850020273,0.0005068420010136,0.0,0.0030410540060821
83,0.0,0.0021251160021251,0.0010625580010625,0.0,0.0,0.0265639530265639,0.0003984590003984,0.0009297380009297,0.0,0.0,0.0,0.0,0.0013281980013281,0.0517997080517997,0.0,0.0,0.0049143310049143,0.0,0.0,0.0,0.028689069028689,0.0195245050195245,0.0001328200001328,0.0,0.0031876740031876,0.0,0.0,0.0009297380009297,0.0,0.0033204940033204,0.0,0.0033204940033204,0.0023907560023907,0.0,0.0,0.1018727591018727,0.0,0.0,0.0,0.0003984590003984,0.0,0.0009297380009297,0.051534068051534,0.0593704340593704,0.0018594770018594,0.0,0.0003984590003984,0.0002656400002656,0.0022579360022579,0.0026563950026563,0.6103068146103069,0.0,0.0,0.0074379070074379,0.0013281980013281,0.0,0.0,0.0087661040087661
84,0.0,0.0308062579383874,0.0009626959980746,0.0012033689975932,0.0007220219985559,0.0024067389951865,0.0002406739995186,0.0004813479990373,0.0,0.0,0.0,0.0,0.0004813479990373,0.004091455991817,0.0,0.0,0.0050541519898916,0.0036101079927797,0.0,0.0,0.0936221418127557,0.0149217809701564,0.0,0.0,0.0445246689109506,0.0033694339932611,0.0,0.0,0.0,0.0093862819812274,0.0,0.0014440429971119,0.0004813479990373,0.0002406739995186,0.0652226228695547,0.0531889288936221,0.0450060169099879,0.0729241878541516,0.0,0.0,0.0,0.0016847169966305,0.0560770158878459,0.0293622139412755,0.0033694339932611,0.0,0.0,0.0,0.0093862819812274,0.0175691939648616,0.321058964357882,0.0,0.0,0.0854392298291215,0.0089049339821901,0.0016847169966305,0.0,0.011070998977858
85,0.0,0.0011372869977254,0.0003249389993501,0.000162469999675,0.0014622259970755,0.0019496339961007,0.0050365559899268,0.0008123479983753,0.0,0.0004874089990251,0.0,0.0,0.000162469999675,0.0557270508885459,0.0004874089990251,0.0,0.0003249389993501,0.0,0.0,0.0,0.002924451994151,0.0064987809870024,0.0003249389993501,0.0,0.0074735989850528,0.0,0.0,0.000162469999675,0.0,0.0034118599931762,0.0019496339961007,0.0043866769912266,0.0012997559974004,0.0,0.000162469999675,0.0417546709164906,0.0022745739954508,0.0238830219522339,0.0009748169980503,0.0,0.0,0.0024370429951259,0.0073111289853777,0.0131600319736799,0.0030869209938261,0.0,0.000162469999675,0.0003249389993501,0.0004874089990251,0.0019496339961007,0.7720552384558896,0.0,0.0,0.0,0.0040617379918765,0.000162469999675,0.0,0.0292445169415109
86,0.0,0.0,0.0,0.0,0.0002987750008963,0.0050791750152375,0.0,0.0,0.0,0.0011951000035853,0.0,0.0,0.0,0.0729011052187033,0.0,0.0,0.0005975500017926,0.0,0.0,0.0,0.0161338510484015,0.0005975500017926,0.0,0.0,0.0014938750044816,0.0,0.0005975500017926,0.0,0.0,0.0038840750116522,0.0,0.0053779500161338,0.0116522260349566,0.0,0.363907978091724,0.0227069020681207,0.0017926500053779,0.0,0.0,0.0,0.0,0.0,0.0008963250026889,0.0080669260242007,0.0020914250062742,0.0316701520950104,0.0,0.0,0.0017926500053779,0.0002987750008963,0.4445772343337318,0.0002987750008963,0.0,0.0,0.0,0.0002987750008963,0.0,0.0017926500053779
87,0.0005141389989717,0.0010282779979434,0.0010282779979434,0.0,0.0015424159969151,0.0154241649691516,0.0,0.0,0.0,0.0,0.0,0.0,0.0010282779979434,0.0246786629506426,0.0,0.0,0.0087403599825192,0.0005141389989717,0.0,0.0,0.064781490870437,0.0066838049866323,0.0005141389989717,0.0,0.0174807199650385,0.0,0.0,0.0,0.0,0.0071979429856041,0.0087403599825192,0.0169665809660668,0.0010282779979434,0.0,0.0,0.0714652958570694,0.0123393319753213,0.0632390748735218,0.0,0.0005141389989717,0.0,0.003598971992802,0.0359897169280205,0.1311053977377892,0.0061696659876606,0.0,0.0020565549958868,0.0,0.0107969149784061,0.0077120819845758,0.4149100251701799,0.0,0.0,0.0107969149784061,0.0071979429856041,0.0005141389989717,0.0,0.0437017989125964
88,0.0003266480382178,0.0003266480382178,0.0,0.0,0.0002613180305742,0.0019598882293069,0.0083621879783759,0.0,0.0003266480382178,0.0012412621452276,0.0,0.0003919780458614,6.530000764010087e-05,0.0309008986154051,0.0,0.0,0.0007186250840791,0.0024171952828118,0.0014372511681583,0.0001959890229307,0.0241719498281181,0.0014372511681583,0.0,6.530000764010087e-05,0.0088194950318809,0.0005226370611485,0.0,0.0,0.0007839550917227,0.0106487242459007,0.0014372511681583,0.0085581770013067,0.002090547244594,0.0,0.5688901165601435,0.0060756527108513,0.0442281361746919,0.0296596364701774,0.0,0.0,0.0,0.0001306590152871,0.0029398313439602,0.0113020203223363,6.530000764010087e-05,0.0047037305503364,0.0003919780458614,0.0005226370611485,0.0087541660242374,0.0015679101834454,0.2014764725727472,0.000587966068792,0.002090547244594,6.530000764010087e-05,0.0019598882293069,0.0001306590152871,0.0,0.0069902668178612
89,8.140000211640005e-05,0.0026050150677303,0.0027678280719635,0.0,8.140000211640005e-05,0.0,0.0,0.0,0.0,0.0,0.0,0.0,0.0004070340105828,0.1372517135685445,0.0,0.0,0.0001628130042331,0.0,0.0,0.0,0.0446108771598828,0.009361771243406,0.0,0.0,0.0046401821206447,0.0001628130042331,0.0,0.0,0.0,0.0168511894381309,0.0,0.0034190820888961,0.0006512540169326,8.140000211640005e-05,0.0,0.0,0.0013839140359817,0.0145718013788668,0.0,0.0,0.0,8.140000211640005e-05,0.000569847014816,0.0030934550804298,0.0013025070338651,0.010501465273038,0.0,0.0,0.0,0.0135949203534679,0.7196353167105182,0.0,0.0,0.0,0.0025236080656138,0.0,0.0,0.0096059922497557
90,0.0,0.003191489,0.0,0.0,0.0,0.00106383,0.0,0.002659574,0.0,0.0,0.0,0.002836879,0.00035461,0.015780142,0.00035461,0.0,0.016843972,0.000177305,0.0,0.00035461,0.254964539,0.00141844,0.0,0.000177305,0.034042553,0.001241135,0.018794326,0.0,0.0,0.029787234,0.0,0.000531915,0.0,0.0,0.001241135,0.069503546,0.0,0.284219858,0.0,0.0,0.0,0.0,0.015070922,0.002659574,0.020390071,0.0,0.000177305,0.0,0.004078014,0.008510638,0.196631206,0.0,0.0,0.000177305,0.007092199,0.0,0.0,0.005673759
91,0.0002431019995137,0.0002431019995137,0.0002431019995137,0.0,0.0,0.0089947729820104,0.0008508569982982,0.0,0.0,0.0001215509997568,0.0,0.0002431019995137,0.0,0.0396256229207487,0.0,0.0,0.001093958997812,0.0012155099975689,0.0,0.0,0.0311170539377658,0.0070499569859,0.0001215509997568,0.0,0.0167740369664519,0.0002431019995137,0.0,0.0,0.0,0.0070499569859,0.0003646529992706,0.0066853039866293,0.0013370609973258,0.0001215509997568,0.0,0.0399902759200194,0.0004862039990275,0.2902637654194724,0.0004862039990275,0.0,0.0,0.0008508569982982,0.0042542849914914,0.0280782789438434,0.0021879179956241,0.0,0.0,0.0002431019995137,0.0055913459888173,0.0060775499878449,0.4830436360339127,0.0,0.0,0.0001215509997568,0.0009724079980551,0.0001215509997568,0.0,0.0134921599730156
92,0.0006291590314579,0.001830280091514,0.0047663532383176,0.0,0.0,0.0,0.0,0.0,0.0,0.0,0.0,0.0001906540095327,0.0002669160133458,0.0764332458216622,0.0,0.0,0.0035652321782616,0.000915140045757,0.0,0.0,0.005281120264056,0.0200949470047473,9.530000476500024e-05,0.0,0.0022497191124859,0.0005910280295514,0.0,0.0,3.810000190500009e-05,0.0805895070294753,0.0,0.0,0.0009723360486168,0.0,7.630000381500018e-05,0.0203999930199996,0.0,0.0,0.0005528970276448,0.0,0.0,0.0001715890085794,0.0009342050467102,3.810000190500009e-05,0.005357381267869,0.0,0.0,0.0,0.0002478500123925,0.0005719620285981,0.6459743702987185,0.0,0.0,0.1154601497730074,0.000285981014299,0.0,0.0,0.0114201835710091
93,0.0011257039988742,0.0031894929968105,0.0,0.0001876169998123,0.0005628519994371,0.0001876169998123,0.0138836769861163,0.0009380859990619,0.0,0.0003752349996247,0.0144465289855534,0.0009380859990619,0.0003752349996247,0.0041275799958724,0.0005628519994371,0.0,0.0031894929968105,0.0011257039988742,0.0,0.0001876169998123,0.0878048779121951,0.00787992499212,0.0,0.0,0.0242026269757973,0.0009380859990619,0.0,0.0013133209986866,0.0,0.0322701689677298,0.0058161349941838,0.0009380859990619,0.0,0.0001876169998123,0.0003752349996247,0.0776735459223264,0.0701688559298311,0.2061913697938086,0.0,0.0001876169998123,0.0,0.0001876169998123,0.0954971859045028,0.1041275798958724,0.0009380859990619,0.0,0.0003752349996247,0.0,0.006378986993621,0.0135084429864915,0.1776735458223264,0.0058161349941838,0.0,0.0001876169998123,0.0168855529831144,0.0005628519994371,0.0,0.0165103189834896
94,0.0,0.0,0.004181185,0.0,0.0,0.0,0.0,0.0,0.0,0.000174216,0.0,0.000522648,0.0,0.025261324,0.0,0.0,0.033797909,0.0,0.0,0.0,0.011672474,0.035888502,0.000696864,0.0,0.003484321,0.001219512,0.0,0.0,0.0,0.0,0.0,0.017073171,0.000174216,0.0,0.0,0.001219512,0.0,0.004878049,0.0,0.0,0.009930314,0.000696864,0.000174216,0.037456446,0.000174216,0.001567944,0.0,0.0,0.002264808,0.035714286,0.561324042,0.0,0.0,0.036062718,0.008885017,0.031358885,0.0,0.134146341
95,0.0009044862206946,9.040002205760538e-05,0.0009044862206946,0.0,0.0,0.0,0.0,0.0,0.0,0.0016280753972503,0.0,0.0002713460662084,0.0,0.0,0.0,0.0,0.0049746752138207,0.0,0.0,0.0,9.040002205760538e-05,0.0116678758469617,0.0031657027724314,0.0002713460662084,0.0,9.040002205760538e-05,0.0,0.0,0.0,0.0,0.0,0.0,9.040002205760538e-05,0.0,0.0,0.0,0.0,0.0,0.0008140381986253,0.0,0.0,0.0,0.0,0.0,0.000361795088278,0.0,0.0,0.0,0.0,0.0021707675296672,0.8843164237732074,0.0,0.0,0.0528220098885704,9.040002205760538e-05,0.0,0.0259587613339377,0.0093162102731553
96,0.0002554279994891,0.0010217109979565,0.0003831419992337,0.0001277139997445,0.0003831419992337,0.0117496809765006,0.001787994996424,0.0,0.0,0.001787994996424,0.0,0.0011494249977011,0.0,0.01787994896424,0.0,0.0,0.0012771389974457,0.0034482759931034,0.0,0.0,0.0132822479734355,0.0037037039925925,0.0,0.0002554279994891,0.0024265639951468,0.0007662839984674,0.0,0.0,0.0,0.0692209448615581,0.0,0.0012771389974457,0.0002554279994891,0.0006385699987228,0.5485312889029373,0.0494252869011494,0.0,0.009833971980332,0.0019157089961685,0.0002554279994891,0.0,0.0,0.0057471259885057,0.0570881228858237,0.0020434229959131,0.0,0.0002554279994891,0.0045977009908045,0.033716474932567,0.0111111109777777,0.0959131548081736,0.0,0.0,0.0219667939560664,0.0031928479936143,0.0003831419992337,0.0,0.0209450829581098
97,0.0,0.0017571261563842,0.0,9.760000868640076e-05,0.0,0.0140570102510739,0.0010737990955681,0.0055642334952167,0.0,0.0,0.0,0.000292854026064,0.000390472034752,0.1145060621910395,9.760000868640076e-05,0.0,0.0054666154865287,0.0004880910434401,0.0,0.0,0.0210855148766108,0.0049785244430886,0.0005857090521281,9.760000868640076e-05,0.0030261622693284,0.0,0.0034166343040804,0.0,0.0,0.0239164411285632,0.0,0.0038071073388325,0.0008785630781921,0.0004880910434401,0.0,0.0829754073848112,0.0016595081476962,0.0122998840946896,9.760000868640076e-05,9.760000868640076e-05,0.0,0.0007809450695041,0.0063451785647208,0.044513865961734,0.0013666541216322,0.0,0.000195236017376,0.0030261622693284,0.0080046867124171,0.0040023433562085,0.5977157891967052,0.000390472034752,0.0,0.0172784085377783,0.0035142523127684,0.0006833270608161,0.0,0.0089808677992972
98,0.0003729490011188,0.0004972650014917,0.0001243160003729,0.0006215810018647,0.0,0.0,0.0,0.0,0.0,0.0,0.0,0.0001243160003729,0.0,0.026479364079438,0.0,0.0,0.0026106410078319,0.0,0.0,0.0,0.0,0.0462456491387369,0.0,0.0,0.0019890600059671,0.0001243160003729,0.0068373940205121,0.0,0.0,0.0,0.0,0.0008702140026106,0.0031079070093237,0.0,0.0003729490011188,0.0001243160003729,0.070363003211089,0.0,0.0001243160003729,0.0004972650014917,0.0,0.0,0.002362009007086,0.3422426660267281,0.0006215810018647,0.0,0.0001243160003729,0.0,0.0003729490011188,0.0021133760063401,0.478244655434734,0.0,0.0,0.0,0.0001243160003729,0.0001243160003729,0.0,0.0121829940365489
99,0.0013235289973529,0.0013235289973529,0.0001470589997058,0.0,0.001176470997647,0.0189705879620588,0.0002941179994117,0.0004411759991176,0.0001470589997058,0.0004411759991176,0.0,0.0022058819955882,0.0016176469967647,0.0591176468817647,0.0007352939985294,0.0,0.001176470997647,0.0138235289723529,0.0926470588147058,0.0,0.0513235288973529,0.0026470589947058,0.0002941179994117,0.0,0.0032352939935294,0.0,0.0,0.0010294119979411,0.0,0.002499999995,0.00499999999,0.0044117649911764,0.0002941179994117,0.0,0.0767647058464705,0.0748529408502941,0.0391176469217647,0.028676470942647,0.0001470589997058,0.0001470589997058,0.0,0.0002941179994117,0.0060294119879411,0.136176470727647,0.0013235289973529,0.007499999985,0.0026470589947058,0.0,0.0082352939835294,0.0060294119879411,0.3044117643911765,0.0,0.0,0.0002941179994117,0.0238235289523529,0.0002941179994117,0.0,0.0169117649661764
100,0.0001801150003602,0.0,0.0001801150003602,0.0,0.0010806920021613,0.0118876080237752,0.0,0.0,0.0009005760018011,0.0,0.0,0.0,0.0003602310007204,0.0444884730889769,0.0001801150003602,0.0,0.0001801150003602,0.0,0.0,0.0,0.0722262251444524,0.0066642650133285,0.0001801150003602,0.0,0.0079250720158501,0.0,0.0,0.0,0.0,0.0198126800396253,0.0,0.0041426510082853,0.0014409220028818,0.0,0.0,0.1183357352366714,0.0,0.0225144090450288,0.0007204610014409,0.0001801150003602,0.0,0.0003602310007204,0.0869956771739913,0.1145533142291066,0.0010806920021613,0.0,0.0001801150003602,0.0,0.0043227670086455,0.0198126800396253,0.4189481278378962,0.0001801150003602,0.0,0.0271974060543948,0.0014409220028818,0.0,0.0,0.0113472620226945
101,0.0001114700002229,0.0,0.0,0.0,0.0002229410004458,0.0018949950037899,0.0,0.0003344110006688,0.0,0.0,0.0,0.0005573510011147,0.0,0.2404414224808828,0.0,0.0,0.0,0.0002229410004458,0.0005573510011147,0.0,0.0385687210771374,0.0044588120089176,0.0,0.0,0.009363505018727,0.0,0.0,0.0,0.0,0.0080258610160517,0.0089176230178352,0.0121502620243005,0.0064652770129305,0.0,0.0001114700002229,0.0461487010922974,0.0004458810008917,0.1619663363239326,0.0028982280057964,0.0,0.0,0.0007802920015605,0.003567049007134,0.0333296180666592,0.0001114700002229,0.0,0.0006688220013376,0.0,0.003567049007134,0.0003344110006688,0.4022962888045926,0.0,0.0,0.0,0.0046817520093635,0.0,0.0,0.0067996880135993
102,0.0,0.0005537870503946,0.0011767961070884,6.920000629720058e-05,0.0,0.0,6.920000629720058e-05,0.0045687394157552,0.0,0.0,0.0,0.0002076700188979,0.0005537870503946,0.0431261289244777,0.0,0.0,0.0013844661259864,0.0006922330629932,0.0,0.0,0.0089990318189118,0.0112834010267894,0.0,0.0,0.0042226223842586,0.0,0.0,6.920000629720058e-05,0.0,0.0486639944284235,0.0005537870503946,0.0175135005937285,0.007545341686626,0.0,0.0001384470125986,0.0,0.0182057336567217,0.0267202014315383,0.0012460201133878,0.0001384470125986,6.920000629720058e-05,0.0004845630440952,0.0006922330629932,0.0967742028064524,0.0044995154094559,0.0,0.0004153400377959,0.0008999030818911,0.0094143718567078,0.0294891346835112,0.6189257103222398,0.0013152431196871,0.0,0.0,0.0046379624220545,0.0014536901322858,0.0,0.0332271940236746
103,0.0,0.0014064699226441,0.0014734449189605,0.0001339499926327,0.0002009239889491,0.000870671952113,0.0,0.0013394949263277,0.0,0.0,0.0089076415100797,0.0012725199300114,0.0004018489778983,0.0409215707493136,0.0,0.0,0.0493603882851786,0.0026789898526555,0.0,0.0,0.0091755404953452,0.0243788076591655,0.0004018489778983,0.0,0.0034157118121358,0.0028129398452883,0.0,0.0,0.0,0.0297367873644766,0.0,0.0035496618047686,0.0004018489778983,0.0029468888379211,0.0212979698286116,0.0116536063590516,0.000870671952113,0.0101801614400911,0.0,6.69999963150002e-05,0.0,0.0091755404953452,0.0233072117181033,0.0614158426221286,0.0198914999059675,0.0004018489778983,6.69999963150002e-05,0.0,0.0800348225980847,0.0739401209332933,0.4147076321910802,0.0,0.0,0.0563927368983994,0.0016073939115933,0.0061616766611077,0.0,0.0230393127328377
104,0.0,0.003498082003498,0.0005642070005642,0.0002256830002256,0.0001128410001128,0.0088016250088016,0.0030467160030467,0.0048521780048521,0.0,0.0001128410001128,0.0023696680023696,0.0001128410001128,0.0023696680023696,0.0791017830791017,0.000677048000677,0.0,0.0125253890125253,0.0012412550012412,0.0,0.0002256830002256,0.0765064320765064,0.0137666440137666,0.0001128410001128,0.0,0.0154592640154592,0.0048521780048521,0.0,0.0,0.0001128410001128,0.0019183030019183,0.0004513650004513,0.0037237640037237,0.0009027310009027,0.0,0.0045136540045136,0.1050552921050552,0.0282103360282103,0.010607086010607,0.0,0.0,0.0,0.0,0.0172647260172647,0.0381403750381403,0.000677048000677,0.0088016250088016,0.0003385240003385,0.0,0.0208756490208756,0.0048521780048521,0.4805912894805913,0.0,0.0,0.0236966820236966,0.0039494470039494,0.002821034002821,0.0,0.0119611830119611
105,0.0013815339986184,0.0011512779988487,0.0,0.0,0.0002302559997697,0.0064471559935528,0.0,0.0518075059481925,0.0,0.0,0.0,0.0009210219990789,0.0006907669993092,0.0177296799822703,0.0011512779988487,0.0,0.0036840889963159,0.0004605109995394,0.0,0.0041446009958554,0.0706884639293115,0.0018420449981579,0.0004605109995394,0.0011512779988487,0.008058944991941,0.0,0.0,0.0004605109995394,0.0,0.0248676029751323,0.0032235779967764,0.0002302559997697,0.0006907669993092,0.0023025559976974,0.0,0.2560442087439558,0.0734515309265484,0.0082892009917108,0.0011512779988487,0.0,0.0,0.0013815339986184,0.0078286899921713,0.0048353669951646,0.0002302559997697,0.0,0.0,0.0013815339986184,0.0027630669972369,0.0075984339924015,0.4066313605933687,0.0,0.0,0.0,0.0186507019813493,0.0,0.0,0.0059866449940133
