0.0,0.0024509799999999997,0.0004901959999999999,0.0,0.0,0.009803921999999998,0.0,0.0,0.0,0.0,0.0,0.0004901959999999999,0.0004901959999999999,0.13480392199999996,0.0004901959999999999,0.0,0.0019607839999999997,0.0009803919999999999,0.0,0.0,0.03921568599999999,0.003921568999999999,0.0,0.0,0.018137254999999998,0.0,0.0,0.0,0.0,0.012745097999999996,0.0029411759999999993,0.004411764999999999,0.0024509799999999997,0.0,0.0,0.032843136999999994,0.0029411759999999993,0.04313725499999999,0.0,0.0,0.0,0.006862744999999998,0.04852941199999999,0.30441176499999995,0.003921568999999999,0.0,0.0004901959999999999,0.0,0.021568626999999996,0.003921568999999999,0.273529412,0.0,0.0,0.004901960999999999,0.005882352999999998,0.0,0.0,0.011274509999999998
0.0,0.001782133991089303,0.0004455339977723008,0.00022276699888610038,0.0,0.0,0.002895967985520105,0.0,0.0022276679888616037,0.0,0.0,0.00022276699888610038,0.0,0.056805524715972396,0.0,0.0,0.0,0.00022276699888610038,0.0,0.0,0.03942971680285146,0.0066830029665849115,0.0,0.0,0.0020049009899754033,0.00022276699888610038,0.0,0.0,0.0,0.014479839927600824,0.0,0.03942971680285146,0.0008910669955446015,0.0,0.0,0.02851414585742925,0.0,0.0020049009899754033,0.0,0.0,0.0,0.0008910669955446015,0.004009801979950907,0.047449320762753475,0.0022276679888616037,0.013588772932056122,0.0,0.0,0.006905769965471111,0.008019602959901914,0.6867899275660514,0.0,0.0,0.016707506916462427,0.0013366009933169021,0.0,0.0,0.013588772932056122
0.0,0.0011235959977528016,0.001498126997003702,0.0,0.0003745319992509005,0.009363295981273412,0.0026217229947565037,0.0,0.0,0.0,0.0,0.0,0.0,0.06254681587490639,0.0,0.0,0.008988763982022412,0.001498126997003702,0.0,0.0,0.02097378295805243,0.00823969998352061,0.0003745319992509005,0.0,0.01610486896779022,0.001498126997003702,0.0003745319992509005,0.000749063998501801,0.0,0.05617977488764048,0.0,0.017602995964794026,0.000749063998501801,0.0,0.0003745319992509005,0.05692883888614238,0.0,0.044194756911610455,0.000749063998501801,0.0,0.0,0.009363295981273412,0.07153558085692889,0.10262172279475663,0.002247190995505603,0.0,0.0,0.0003745319992509005,0.009363295981273412,0.0071161049857677095,0.4445692871108619,0.0,0.0,0.004868913990262106,0.00749063698501871,0.0,0.0,0.027340823945318334
0.0002167319995665004,0.0006501949986996012,0.0008669269982661016,0.0006501949986996012,0.0,0.0,0.0,0.0,0.0,0.0,0.0,0.0002167319995665004,0.0,0.06935413986129182,0.0,0.0,0.002167316995665304,0.0,0.0,0.0,0.027524923944950153,0.008452535983094915,0.0006501949986996012,0.0,0.0034677069930645066,0.0004334629991330008,0.0,0.0,0.0,0.013437364973125226,0.0,0.0008669269982661016,0.002167316995665304,0.0002167319995665004,0.0002167319995665004,0.03662765492674467,0.0,0.0,0.002600779994798405,0.0002167319995665004,0.0,0.003250974993498006,0.004117901991764108,0.062201993875596016,0.0015171219969657029,0.0,0.0008669269982661016,0.0,0.001083657997832602,0.005635023988729911,0.7223667085552677,0.0,0.0,0.016471607967056733,0.0004334629991330008,0.0002167319995665004,0.0,0.010836583978326821
0.0,0.0002131290004262004,0.0004262570008525008,0.0,0.0008525150017050016,0.007459506014919013,0.0002131290004262004,0.0006393860012787011,0.0006393860012787011,0.0002131290004262004,0.0,0.0006393860012787011,0.0,0.022591645045183243,0.0002131290004262004,0.031543052063086156,0.0019181590038363035,0.0,0.0,0.0,0.06905370813810753,0.007033248014066412,0.0,0.0006393860012787011,0.017902813035805633,0.0004262570008525008,0.0,0.0,0.0,0.013427110026854224,0.005754476011508911,0.011082694022165319,0.0012787720025575022,0.0,0.0006393860012787011,0.09143222518286456,0.0,0.04923273709846549,0.0,0.0,0.0,0.0023444160046888042,0.006820119013640212,0.07779198615558404,0.0017050300034100031,0.004901961009803908,0.002131287004262504,0.0,0.007033248014066412,0.003836317007672607,0.5336743400673497,0.0,0.0,0.0008525150017050016,0.007672634015345214,0.0,0.0,0.015771526031543026
0.0,0.0010176390020352013,0.0033921300067842044,0.0,0.0,0.0006784260013568008,0.0,0.0003392130006784004,0.0,0.0003392130006784004,0.0,0.0,0.0003392130006784004,0.22218453244436936,0.0,0.0,0.009837178019674313,0.0,0.0,0.0,0.0,0.032903664065807345,0.002035278004070503,0.0,0.0010176390020352013,0.0003392130006784004,0.0016960650033921022,0.0,0.0,0.004409769008819505,0.0,0.012890095025780115,0.0054274080108548065,0.0010176390020352013,0.0,0.02544097705088193,0.0,0.0,0.003052917006105804,0.0,0.0,0.0033921300067842044,0.0,0.010176391020352712,0.005088195010176306,0.0,0.0,0.0,0.0047489820094979065,0.011872456023744914,0.6109226602218462,0.0,0.0,0.007123474014246909,0.0003392130006784004,0.0003392130006784004,0.0,0.01763907703527812
0.0001359249999999005,0.008019572999999931,0.0004077749999999016,0.0001359249999999005,0.0004077749999999016,0.0042136739999999165,0.018349870999999972,0.005980698999999924,0.0,0.0001359249999999005,0.0,0.0001359249999999005,0.0,0.031942368000000027,0.0,0.0,0.0012233249999999047,0.001495174999999906,0.0,0.0,0.08685605500000024,0.016582845999999967,0.000543699999999902,0.0,0.016582845999999967,0.000543699999999902,0.0,0.00027184999999990103,0.0,0.013728421999999954,0.0,0.009242897999999937,0.0028544239999999115,0.0006796249999999026,0.12355579700000038,0.06238956100000014,0.030447193000000018,0.02066059499999998,0.0,0.0,0.0,0.0013592499999999052,0.026505369000000004,0.16786733700000056,0.0032621989999999127,0.006796247999999926,0.0001359249999999005,0.0,0.0016310999999999062,0.00502922399999992,0.2964523580000011,0.0,0.0,0.0,0.00502922399999992,0.001767024999999907,0.0,0.026641294000000003
0.00014440400028880023,0.0002888090005776004,0.0005776170011552008,0.0,0.0,0.005054152010108307,0.0007220220014440011,0.002743682005487304,0.004620939009241807,0.0018772560037545027,0.0,0.0007220220014440011,0.00014440400028880023,0.050830325101660676,0.0,0.0,0.0,0.002021661004043303,0.0,0.0,0.07306859214613722,0.009241877018483714,0.0,0.0,0.009097473018194914,0.0008664260017328013,0.0,0.0,0.0,0.06931407913862819,0.008808664017617313,0.010397112020794215,0.0,0.00014440400028880023,0.00014440400028880023,0.03552346607104695,0.00014440400028880023,0.033068592066137145,0.00043321300086640065,0.00014440400028880023,0.0,0.0008664260017328013,0.02555956705111914,0.09963898919927804,0.0030324910060649042,0.0,0.0,0.00014440400028880023,0.016606498033212923,0.008664260017328512,0.4938628169877263,0.00014440400028880023,0.0,0.003465704006931405,0.002021661004043303,0.0,0.0,0.025848375051696737
0.00023657400023650044,0.00011828700011820022,0.00011828700011820022,0.0,0.0,0.015613911015613928,0.001182872001182802,0.0013011590013011023,0.0,0.001064585001064502,0.0,0.0,0.0,0.040335936040335967,0.0,0.0,0.0008280100008280015,0.00035486200035480067,0.0,0.0,0.023066004023066043,0.0035486160035486064,0.0,0.0,0.0018925950018925035,0.000591436000591401,0.000591436000591401,0.0,0.0,0.03347527803347526,0.0,0.005559498005559409,0.0013011590013011023,0.0,0.0,0.08977998608978005,0.0020108820020108033,0.0,0.0013011590013011023,0.0,0.0,0.00047314900047310085,0.0023657440023657043,0.008516678008516616,0.00035486200035480067,0.0,0.0,0.0,0.00011828700011820022,0.00035486200035480067,0.7295954587295967,0.0,0.0,0.0,0.002484031002484004,0.0035486160035486064,0.0,0.027915780027915747
0.0,0.0001550149998449003,0.0004650439995349009,0.0,0.0,0.008835838991164118,0.0001550149998449003,0.0,0.0,0.0001550149998449003,0.0,0.0003100289996899006,0.0003100289996899006,0.07301193592698815,0.0,0.0,0.002945279997054706,0.0007750739992249015,0.0,0.0,0.050069756949930294,0.012091148987908824,0.0007750739992249015,0.0004650439995349009,0.017206634982793335,0.0009300879990699018,0.0,0.0,0.0,0.03937374096062628,0.0,0.0021702059978297044,0.0021702059978297044,0.0017051619982948036,0.13594791486405228,0.06045574293954432,0.0003100289996899006,0.1475740198524262,0.0,0.0001550149998449003,0.0,0.0062005889937994125,0.02945279797054716,0.03146798896853206,0.001395132998604803,0.03115795996884206,0.0007750739992249015,0.0,0.01844675198155324,0.007905750992094215,0.22942179477057859,0.0,0.0,0.06758642093241364,0.0027902649972097056,0.0,0.0,0.01488141398511853
0.0,0.003210273003210207,0.0005350450005350011,0.0,0.0002675230002675005,0.002942750002942706,0.0010700910010700022,0.08105939008105946,0.0005350450005350011,0.0,0.0,0.00454788700454781,0.0021401820021401045,0.026752274026752256,0.0008025680008025018,0.0,0.010433387010433323,0.003210273003210207,0.0,0.0,0.02808988802808986,0.008828250008828219,0.0002675230002675005,0.0,0.02755484202755486,0.005885500005885512,0.0,0.0010700910010700022,0.0002675230002675005,0.08186195808186207,0.0002675230002675005,0.002942750002942706,0.0008025680008025018,0.002407705002407705,0.012306046012306025,0.046281434046281496,0.0005350450005350011,0.12466559712466586,0.0,0.0,0.0002675230002675005,0.0013376140013376028,0.08640984508640998,0.10219368610219393,0.0005350450005350011,0.0,0.0005350450005350011,0.0,0.004280364004280309,0.013376137013376128,0.27314071727314126,0.0,0.0,0.0,0.008828250008828219,0.0021401820021401045,0.0,0.02541466002541465
0.0,0.010747552,0.000716503,0.000477669,0.000477669,0.0,0.000238834,0.171483162,0.0,0.0,0.0,0.000238834,0.0,0.017673752,0.000477669,0.0,0.018390256,0.008120373,0.0,0.0,0.016001911,0.021733938,0.000955338,0.0,0.02340578,0.000955338,0.014807738,0.0,0.000477669,0.156197755,0.0,0.012180559,0.000238834,0.0,0.000955338,0.018151421,0.000238834,0.028660139,0.001194172,0.000477669,0.0,0.004299021,0.166945307,0.022211607,0.005732028,0.0,0.0,0.0,0.042990208,0.055648436,0.131358968,0.0,0.0,0.007642704,0.008120373,0.0,0.0,0.029376642
0.0,0.0,0.00018812899322730024,0.0,0.0,0.0076192267257078105,0.00018812899322730024,0.0,0.0,0.0,0.0003762579864547005,0.0,0.00047032298306830066,0.04242310047276836,0.0006584519762957009,0.0,0.0027278709017966034,0.0017872259356598024,0.0018812909322735026,0.002821935898410304,0.05060671417815837,0.006678581759571009,0.0,0.0,0.008936129678299312,0.002351612915341903,0.000752515972909401,0.0,0.0,0.026526196045056936,0.004232903847615406,0.02332800216019193,0.004515096837456506,0.00028219398984100037,0.10347097727504494,0.026526196045056936,0.0,0.02238735719405513,0.00018812899322730024,0.0,0.0,0.0076192267257078105,0.012416517553005317,0.10770388112266044,0.0013169029525914018,0.009406452661367712,0.000752515972909401,0.000846580969523001,0.009312387664754012,0.008842065681685612,0.4589408164781313,0.00047032298306830066,9.409999661240024e-05,0.0,0.002915999895024004,0.001505031945818802,0.0,0.035932648706424646
0.0,0.000658110999341801,0.0021388609978611034,0.0,0.0,0.00691016799308981,0.0,0.0,0.0008226389991773013,0.0,0.0,0.00016452799983540024,0.0,0.030273115969726847,0.0,0.0,0.004442250995557707,0.0,0.0,0.0,0.01842711398157283,0.004935833995064108,0.0008226389991773013,0.0,0.00608752899391241,0.001316221998683702,0.0,0.0,0.0003290559996709005,0.0036196119963803055,0.0,0.00016452799983540024,0.006252056993747909,0.0024679169975320037,0.0,0.0605462319394538,0.0,0.0,0.0,0.00016452799983540024,0.0,0.0,0.00016452799983540024,0.007074695992925311,0.00016452799983540024,0.0610398159389602,0.0,0.0,0.0016452779983547026,0.0051003619948996074,0.7566633752433379,0.0,0.0,0.014478446985521523,0.00016452799983540024,0.0004935829995064007,0.0,0.0024679169975320037
0.0005690589704089008,0.0011381189408178015,8.129999577240031e-05,0.0001625879915454002,0.0,0.0,0.0,0.0019510608985448027,0.0,0.00048776497463620064,0.0,0.002438825873181003,8.129999577240031e-05,0.0,0.0,0.0,0.0010568249450451012,0.00048776497463620064,0.0,0.0,0.03853345099626055,0.011787659387041715,0.0,0.0002438829873180003,0.02829038152890014,8.129999577240031e-05,0.0,0.0,8.129999577240031e-05,0.18835866020534986,0.0,0.068937481415251,8.129999577240031e-05,0.0,8.129999577240031e-05,0.01528330920526792,8.129999577240031e-05,0.01382001428135922,0.0,0.0009755299492724013,8.129999577240031e-05,0.0008942359534997012,0.13698072587700239,0.15795462978635944,0.009592715501178711,0.003495650818226105,8.129999577240031e-05,0.0003251769830907004,0.048451342480530166,0.0013820009281359017,0.21567351078497768,0.0,0.0,0.008617185551906312,0.0033330618266807044,0.002276237881635603,0.0,0.035769448139988745
0.00026511099946970057,0.0015906679968186032,0.003446447993107107,0.0,0.0,0.004506892990986209,0.00026511099946970057,0.00013255599973480028,0.0,0.0003976669992046008,0.0038441149923117077,0.0013255569973488026,0.00013255599973480028,0.015509013968981931,0.0,0.0,0.0014581119970837027,0.0013255569973488026,0.0,0.0,0.0027836689944326057,0.01471367997057263,0.0,0.0,0.005169670989660611,0.0030487799939024063,0.005434782989130411,0.0,0.00013255599973480028,0.02505302194989395,0.0,0.00503711598992571,0.0007953339984093016,0.0,0.0,0.03552491992895017,0.037380699925238674,0.0009278899981442018,0.0,0.0013255569973488026,0.0,0.0009278899981442018,0.009411452981177019,0.2042682925914638,0.0013255569973488026,0.06031283087937442,0.00013255599973480028,0.0,0.001988334996023304,0.0003976669992046008,0.5296924699406163,0.0,0.0,0.0,0.0006627779986744013,0.0,0.0,0.019353127961293737
0.00017780900071120024,0.001955903007823603,0.0,0.00017780900071120024,0.0,0.003911807015647206,0.0005334280021337007,0.018492176073968726,0.0,0.0,0.0,0.0005334280021337007,0.00017780900071120024,0.005689900022759608,0.0003556190014224005,0.0,0.014580370058321421,0.003733997014935905,0.0,0.0003556190014224005,0.04463015617852066,0.005512091022048308,0.0,0.0,0.029160740116642943,0.0,0.0,0.00017780900071120024,0.00017780900071120024,0.01440256005761022,0.0003556190014224005,0.016714083066856324,0.0010668560042674015,0.0003556190014224005,0.0,0.03573968714295875,0.03911806515647225,0.07681365630725472,0.0,0.00017780900071120024,0.0,0.0016002840064011023,0.15771692763086792,0.20092460980369867,0.009779516039118015,0.0,0.0,0.0,0.004623044018492107,0.004978663019914607,0.2619132300476534,0.0,0.0,0.0,0.008534851034139411,0.008001422032005613,0.0,0.02684921810739684
0.0003661660497985007,0.011131455513877921,0.00014646601991930028,0.0,7.320000995520149e-05,0.0003661660497985007,7.320000995520149e-05,0.0,0.0,0.0,7.320000995520149e-05,0.001977298268912504,0.0,0.0019040642589527037,0.0,0.0,0.054485543410034004,0.00014646601991930028,0.0,0.0,0.2566825689088298,0.023654342216990545,0.0,0.00014646601991930028,0.06891249537209942,0.0008787991195166017,0.0,0.0,0.0,0.158183836513002,0.0008787991195166017,0.002123764288831904,0.0,0.0002197000298792004,0.06693519810318703,0.0017575982390333033,0.0,0.008275358125448716,0.0,0.0003661660497985007,0.0,0.00029293303983880055,0.08744050989190946,0.1572318043835256,0.009080924235005618,0.00014646601991930028,0.0,0.0,0.005858660796777811,0.0007323320995971014,0.01581838415130023,0.0,0.0,0.027316004714976652,0.007835959065690415,7.320000995520149e-05,0.0,0.028414503864372553
0.001885822003771603,0.005486028010972009,0.0,0.0,0.0029144520058289047,0.0006857530013715012,0.0636036341272073,0.0,0.0,0.0,0.0,0.0005143150010286008,0.0,0.001885822003771603,0.0,0.0,0.010629179021258317,0.009600549019201016,0.0,0.0,0.03994514007989027,0.0072004110144008125,0.0,0.0001714380003428003,0.0569175381138351,0.0029144520058289047,0.0,0.0001714380003428003,0.0,0.03325904306651806,0.001885822003771603,0.0066860960133721115,0.0,0.0,0.0,0.010114864020229717,0.08880507517761026,0.1131493232262988,0.0,0.001885822003771603,0.0,0.0008571920017143014,0.32933310565866686,0.01731527503463053,0.010457740020915417,0.0001714380003428003,0.0008571920017143014,0.001885822003771603,0.009429110018858216,0.013886508027773022,0.05228870210457749,0.0,0.0,0.045945483091890976,0.027773016055546045,0.0001714380003428003,0.0,0.029315961058631948
0.0,0.0012768129987231018,0.0,0.0,0.0,0.0,0.0025536259974463034,0.0005107249994892008,0.0,0.0007660879992339011,0.0,0.0002553629997446004,0.0,0.03319713996680285,0.0,0.0,0.002042900997957003,0.0015321759984678021,0.0,0.0,0.026557711973442238,0.0051072519948927066,0.0,0.0002553629997446004,0.004851889995148107,0.0,0.0,0.0,0.0,0.08554647591445362,0.0030643509969356044,0.010980591989019416,0.0007660879992339011,0.0,0.0,0.09473952990526054,0.014044943985955021,0.01455566898544432,0.0007660879992339011,0.0,0.0,0.0002553629997446004,0.009703778990296215,0.10572012289427996,0.0012768129987231018,0.0,0.0,0.0,0.00740551599259441,0.006128702993871209,0.5349846774650161,0.0,0.0,0.0,0.0025536259974463034,0.0,0.0,0.02860061297139934
0.0,0.00026281200052560025,0.0,0.0,0.0,0.0,0.0,0.0,0.0,0.0,0.0,0.0,0.0,0.017082786034165517,0.0,0.0,0.00026281200052560025,0.0,0.0,0.0,0.0007884360015768009,0.00026281200052560025,0.0,0.0,0.012089356024178714,0.0,0.00026281200052560025,0.0,0.0,0.0023653090047306025,0.0,0.0,0.0007884360015768009,0.0,0.0,0.011826544023653013,0.001051248002102401,0.5440210260880426,0.0,0.0,0.0,0.00026281200052560025,0.0005256240010512005,0.0018396850036793018,0.0007884360015768009,0.0,0.0,0.0,0.00026281200052560025,0.001051248002102401,0.39842312779684663,0.0,0.0,0.0,0.003679369007358704,0.0,0.0,0.002102497004204902
0.00015398800015390025,0.0,0.001231906001231902,0.00015398800015390025,0.0,0.0,0.0,0.0,0.0,0.0,0.0,0.0,0.0,0.053741916053741984,0.00015398800015390025,0.0,0.0013858950013858021,0.0004619650004619007,0.0,0.00015398800015390025,0.03510933203510935,0.003849707003849706,0.0,0.0,0.006467508006467511,0.0,0.0,0.00015398800015390025,0.0070834620070834116,0.012627040012627018,0.0004619650004619007,0.006005544006005509,0.0023098240023098036,0.0,0.0,0.04588851204588857,0.0,0.01247305201247302,0.0027717890027717045,0.0,0.0,0.0,0.025562057025562038,0.004465661004465607,0.0021558360021558033,0.0,0.0,0.00015398800015390025,0.0013858950013858021,0.002463813002463804,0.7637819537637832,0.0004619650004619007,0.0,0.0009239300009239014,0.0009239300009239014,0.0004619650004619007,0.0,0.004619649004619607
7.349998912200175e-05,0.0031594415324026066,0.0018368847281410039,0.0006612779021308014,0.0,0.004261571369287408,0.0010286548477590023,0.0,0.0,7.349998912200175e-05,0.0,0.0001469509782512003,0.0003673769456282008,0.015797205662013536,7.349998912200175e-05,0.0,0.0022777366628949046,0.0001469509782512003,0.0,0.0,0.017854516357531536,0.016238057596767434,0.0,0.0008082288803821018,0.024393824389713954,0.0005878029130051012,0.0,7.349998912200175e-05,7.349998912200175e-05,0.035855982693314574,0.0011021308368846024,0.00911094665157982,0.0026451136085231058,0.0009551798586333021,0.00022042596737690046,0.02424687341146275,0.0,0.005143276238795111,7.349998912200175e-05,0.0003673769456282008,0.0,0.0016899337498898035,0.030418805498016763,0.15525346702248713,0.008890520684202919,0.01396032093387253,0.0005878029130051012,0.0008082288803821018,0.0012490818151358026,0.001396031793387203,0.5502570825619528,0.0001469509782512003,0.0,0.022189562715944744,0.0035268184780308074,0.0002939019565025006,0.0,0.03967670212784808
0.0,0.0023369950046739072,0.00046739900093470144,0.0,0.0,0.0,0.0025706940051413076,0.00046739900093470144,0.0,0.0,0.0,0.00023369900046730073,0.00023369900046730073,0.027810236055620486,0.000934798001869503,0.0,0.004440290008880514,0.000934798001869503,0.0,0.00046739900093470144,0.05211498010423006,0.01285347002570694,0.0,0.0,0.024538444049076878,0.00630988501261972,0.0,0.00023369900046730073,0.0,0.05328347710656706,0.00023369900046730073,0.03762561307525132,0.0014021970028043043,0.00023369900046730073,0.00046739900093470144,0.046038794092077645,0.0,0.06286515512573049,0.0,0.000934798001869503,0.0,0.003972891007945712,0.02336994604673987,0.08623510217247046,0.000934798001869503,0.002804394005608709,0.00046739900093470144,0.0014021970028043043,0.05842486611684988,0.006076186012152319,0.43538209987076554,0.00023369900046730073,0.0,0.00023369900046730073,0.011217574022435135,0.00046739900093470144,0.0,0.02874503405749009
0.0,0.0,0.001142204003426601,0.0,0.0,0.004568818013706405,0.0,0.0,0.0,0.0,0.0,0.0,0.0,0.0,0.0,0.0,0.00028555100085660026,0.0,0.0,0.0,0.002855511008566503,0.00028555100085660026,0.0,0.0,0.0008566530025699008,0.0,0.0,0.0,0.00028555100085660026,0.0017133070051399016,0.0,0.0008566530025699008,0.0008566530025699008,0.0,0.0,0.059394632178183956,0.016276413048829215,0.005711022017133006,0.0,0.0,0.0,0.0,0.0019988580059965015,0.0037121640111364034,0.0,0.0019988580059965015,0.0,0.0,0.0,0.0008566530025699008,0.8926327836778991,0.0,0.0,0.0,0.00028555100085660026,0.0,0.0,0.003426613010279803
0.00022388900111940054,0.006156946030784715,0.00022388900111940054,0.001679167008395804,0.0,0.003694168018470809,0.00861972504309862,0.005485279027426313,0.0,0.0005597220027986014,0.0,0.0021269450106347052,0.00044777800223880107,0.031344453156722275,0.0003358330016791008,0.0,0.016343893081719442,0.006380835031904115,0.004477779022388812,0.0025747230128736064,0.07321168736605858,0.014440837072204135,0.009515280047576322,0.0,0.043434457217172304,0.002462778012313806,0.0,0.00044777800223880107,0.00022388900111940054,0.031344453156722275,0.0050375010251875125,0.018694727093473647,0.0,0.00011194400055970027,0.14474420772372137,0.029105564145527868,0.0,0.024963618124818062,0.00011194400055970027,0.0005597220027986014,0.0,0.0007836110039180019,0.10992947554964756,0.11989253359946289,0.011642225058211128,0.014105004070525035,0.00022388900111940054,0.00022388900111940054,0.06582335232911686,0.012873615064368031,0.1250419796252101,0.0,0.0,0.00011194400055970027,0.010186947050934723,0.003246390016231908,0.0,0.03682973218414869
0.0001867529718003002,0.005976095097609606,0.005478087172808805,0.0012450198120020012,0.0010582668402017012,0.004170816370206705,0.00043575693420070045,0.0,0.0,0.0,0.0,0.0001867529718003002,0.001182768821401901,0.03442479580185583,0.0,0.0,0.015500495659425115,0.0003735059436006004,0.0,0.0002490039624004003,0.007719122834412408,0.03778634929426124,0.0001867529718003002,0.0,0.02222360264423602,0.0,0.0,0.003797310426606104,6.229999059270149e-05,0.10906372853137711,0.0001867529718003002,0.01083167136441761,0.0002490039624004003,0.0015562747650025015,0.00012450198120020014,0.047871008771477645,0.0,0.02066732787923342,0.0,0.0009960158496016011,0.0,0.004170816370206705,0.040712144852466145,0.25896410389642055,0.005602589154009005,0.0,0.0003735059436006004,6.229999059270149e-05,0.0020542826898033023,0.01662101349022692,0.24900394640040435,0.0,6.229999059270149e-05,0.043388937448270444,0.006411852031810306,0.0,0.0,0.038782365143862844
0.0,0.002129169997870803,0.00028388899971610037,0.00014194499985800018,0.00014194499985800018,0.002413058997586903,0.000709722999290201,0.0015613909984386022,0.0,0.0,0.0,0.0,0.00014194499985800018,0.017175301982824725,0.00028388899971610037,0.0,0.011497515988502415,0.0032647269967352043,0.0,0.0,0.04116394595883605,0.018736692981263323,0.0,0.0,0.025124201974875835,0.00014194499985800018,0.0,0.0,0.0,0.13158268286841746,0.0,0.043718949956281054,0.00028388899971610037,0.00028388899971610037,0.0,0.03406671396593325,0.036195883963804146,0.08715400991284611,0.0019872249980127025,0.00014194499985800018,0.00014194499985800018,0.0018452799981547024,0.03193754396806244,0.12973740187026275,0.001419445998580502,0.0,0.00028388899971610037,0.0,0.030376152969623843,0.004684172995315806,0.2986515257013489,0.0,0.0,0.0,0.005819729994180208,0.0,0.0,0.03477643696522355
0.0,0.0,0.0,0.0,0.0,0.0032299739999999987,0.0,0.0,0.0,0.0,0.0,0.0,0.0,0.04198966399999998,0.0,0.0,0.002583978999999999,0.0006459949999999997,0.0,0.0,0.005167958999999997,0.0012919899999999994,0.0,0.0,0.0071059429999999965,0.0,0.0,0.0,0.0,0.012273901999999995,0.0,0.002583978999999999,0.0,0.0,0.0,0.02196382399999999,0.04586563299999998,0.0,0.0,0.0,0.0,0.0,0.004521963999999998,0.02002583999999999,0.0,0.0,0.0,0.0,0.0012919899999999994,0.003875968999999998,0.8217054259999999,0.0,0.0,0.0,0.0,0.0,0.0,0.003875968999999998
0.0,0.0003888020015552004,0.0011664070046656014,0.0,0.0,0.0,0.0031104200124416033,0.0003888020015552004,0.0,0.0,0.0,0.0,0.0007776050031104008,0.04199066916796265,0.0,0.0,0.0023328150093312027,0.0003888020015552004,0.0,0.0,0.042379471169517846,0.008164852032659408,0.0,0.0,0.003499222013996804,0.0,0.0,0.0,0.0,0.022550544090202126,0.005054432020217705,0.0007776050031104008,0.0003888020015552004,0.0,0.0,0.08087091832348368,0.0,0.00972006203888021,0.0,0.0003888020015552004,0.0,0.0,0.00972006203888021,0.013608087054432316,0.0007776050031104008,0.0,0.0,0.0,0.0031104200124416033,0.008553655034214609,0.6796267527185078,0.0,0.0,0.052099533208398156,0.0007776050031104008,0.0,0.0,0.007387247029548908
0.0,0.000375657,0.000375657,0.0,0.000375657,0.013148009,0.0,0.0,0.0,0.0,0.0,0.000751315,0.0,0.027047333,0.0,0.0,0.001126972,0.0,0.0,0.0,0.022915101,0.003380917,0.0,0.0,0.002629602,0.00150263,0.0,0.0,0.0,0.027798648,0.000375657,0.003380917,0.0,0.0,0.0,0.054470323,0.002253944,0.030052592,0.001126972,0.0,0.0,0.001878287,0.01878287,0.026296018,0.003380917,0.0,0.0,0.0,0.003380917,0.006010518,0.693463561,0.0,0.0,0.038317055,0.00150263,0.0,0.0,0.013899324
0.0,0.0003012050006024003,0.0,0.0,0.0,0.0033132530066265035,0.0,0.0,0.0,0.0,0.0,0.0,0.0,0.03975903607951804,0.0003012050006024003,0.0,0.0024096390048192026,0.0012048190024096014,0.0,0.0,0.03975903607951804,0.004216867008433704,0.0,0.0,0.004216867008433704,0.0003012050006024003,0.0,0.0,0.0,0.022590361045180724,0.0006024100012048006,0.0012048190024096014,0.001807229003614402,0.0,0.0,0.0849397591698796,0.029819277059638535,0.0030120480060240036,0.0,0.0,0.0,0.0,0.007530120015060209,0.016566265033132518,0.0012048190024096014,0.006024096012048107,0.0,0.0,0.0024096390048192026,0.0024096390048192026,0.7147590374295189,0.0,0.0,0.0,0.001807229003614402,0.0,0.0,0.007530120015060209
0.0,0.001983339998016602,0.0,0.0,0.0,0.0027766759972233023,0.0015866719984133013,0.0,0.0,0.0,0.0,0.0007933359992066006,0.0,0.03530345096469653,0.0,0.0,0.001983339998016602,0.0027766759972233023,0.0,0.0,0.03728679096271323,0.008726695991273306,0.0,0.0,0.0027766759972233023,0.0007933359992066006,0.0,0.0,0.0,0.09520031690479977,0.0,0.004363347995636604,0.007140023992859905,0.0,0.0003966679996033003,0.05712018994287984,0.0,0.02380007897619992,0.0,0.0,0.0,0.004760015995239904,0.012693375987306611,0.03570011896429983,0.010313367989686609,0.0,0.0,0.0003966679996033003,0.008330027991669906,0.02856009497143992,0.5759619194240386,0.0,0.0,0.026180086973819922,0.0007933359992066006,0.0,0.0,0.01150337198849661
0.0,0.000239406,0.000239406,0.0,0.0,0.00191525,0.000239406,0.0,0.0,0.000239406,0.0,0.0,0.0,0.297821403,0.0,0.0,0.00191525,0.0,0.0,0.0,0.000957625,0.00191525,0.0,0.0,0.001675844,0.0,0.0,0.0,0.0,0.005027532,0.0,0.0,0.0,0.0,0.0,0.069906632,0.0,0.000239406,0.0,0.0,0.0,0.000239406,0.000478813,0.0,0.000239406,0.069906632,0.0,0.000478813,0.001436438,0.000957625,0.523102705,0.000478813,0.0,0.009815657,0.000239406,0.0,0.0,0.01029447
0.0,0.0030703100122812035,0.002763279011053103,0.00030703100122810034,0.0,0.0,0.0,0.000921093003684301,0.0,0.0,0.00030703100122810034,0.00030703100122810034,0.0,0.010439054041756213,0.0,0.0,0.00982499203929991,0.0012281240049124014,0.0,0.0,0.012588271050353013,0.005833589023334306,0.0021492170085968027,0.0,0.007982806031931208,0.0,0.0,0.0,0.0,0.011053116044212411,0.0,0.0,0.0,0.0,0.007368744029474908,0.0,0.001842186007368702,0.0,0.0,0.0,0.00030703100122810034,0.003991403015965604,0.0030703100122812035,0.0,0.0024562480098249025,0.0,0.0,0.0012281240049124014,0.009210930036843711,0.010746085042984313,0.8311329473245328,0.0,0.0,0.047896838191587354,0.0015351550061406018,0.0,0.0,0.010439054041756213
0.0,0.0002794079994411003,0.0,0.0,0.0,0.0,0.0013970379972059015,0.0,0.0,0.0,0.0,0.0,0.0,0.0,0.0,0.0,0.0002794079994411003,0.0,0.0,0.0,0.027102542945794932,0.001955853996088202,0.0,0.0,0.006705783986588408,0.0,0.0,0.0,0.0,0.004191114991617705,0.003352891993294204,0.025146688949706626,0.0005588149988823007,0.0,0.22184967855630086,0.0,0.0011176309977647013,0.06873428286253147,0.0,0.0,0.0,0.0,0.0002794079994411003,0.023749650952500728,0.0005588149988823007,0.001676445996647102,0.0,0.0002794079994411003,0.003911706992176504,0.004191114991617705,0.5820061458359884,0.000838222998323501,0.0,0.0,0.0013970379972059015,0.0,0.0,0.01844090496311812
0.000400801999599101,0.0,0.0,0.0,0.0,0.0,0.0,0.0,0.0,0.001603205998396704,0.0,0.0,0.00020040099979950048,0.018236472981763546,0.0,0.0,0.007615229992384718,0.0010020039989979024,0.0,0.0,0.000400801999599101,0.001603205998396704,0.0006012019993987015,0.0014028059985971035,0.0,0.0,0.0,0.0,0.0006012019993987015,0.005611221994388714,0.0,0.00440881799559111,0.00020040099979950048,0.0,0.0,0.0,0.00020040099979950048,0.0,0.00020040099979950048,0.0,0.039478957960521095,0.00020040099979950048,0.000400801999599101,0.0014028059985971035,0.0008016029991983019,0.0,0.0,0.000400801999599101,0.0006012019993987015,0.001202404998797503,0.847494989152507,0.016432865983567142,0.0,0.0,0.0006012019993987015,0.0,0.0,0.04669338695330671
0.0,0.0,0.0003616639992766004,0.0,0.0,0.0,0.0,0.0,0.0,0.0014466549971066016,0.0,0.0007233269985533007,0.0,0.02097649195804702,0.0,0.0,0.0014466549971066016,0.0,0.0,0.0,0.005063290989873405,0.003978299992043404,0.0,0.0,0.001084990997830001,0.0007233269985533007,0.0,0.0,0.0,0.001084990997830001,0.0,0.03218806493562384,0.002169981995660002,0.0,0.0,0.01048824597902351,0.0007233269985533007,0.0,0.0,0.0003616639992766004,0.0,0.0014466549971066016,0.058227847883544355,0.03797468392405064,0.0007233269985533007,0.03869801092260394,0.0,0.0,0.008679927982640109,0.008679927982640109,0.7504520784990967,0.0,0.0,0.0,0.0,0.0,0.002169981995660002,0.01012658197974681
7.699999645800029e-05,0.0006158109716726008,0.04787929879755226,0.0004618579787545006,0.0,0.0,0.0,0.0,0.0,0.0,0.0,0.0001539529929181002,0.009237163575090412,0.15849433470926083,0.0,0.0,0.003002077861904404,0.0,0.0,0.0002309289893772003,0.0,0.002925101865445304,0.0003079049858363004,0.0,0.0012316219433453016,0.001462550932722602,0.0,0.0,0.0,0.010699714507813114,0.0,0.00808251862820411,0.001539526929181702,0.0,7.699999645800029e-05,0.0,0.013393887383881118,0.001462550932722602,0.0,0.0003079049858363004,0.0,0.0075436836529905104,0.06227387913540158,0.0,0.0010006929539681012,0.0,0.0,0.0,0.0037718418264952053,0.004002770815872505,0.6494495891253199,0.0,0.0,0.0,0.0001539529929181002,0.0005388349752135007,0.0,0.009622045557385913
0.0,0.0,0.003996802984012705,0.0,0.0,0.0,0.0,0.0,0.0,0.0,0.0,0.0002664539989341003,0.0,0.0,0.0,0.0,0.005329069978683707,0.0,0.0,0.0,0.0007993609968025009,0.001598720993605102,0.0,0.0,0.0029309889882760034,0.0,0.00852651196589391,0.0,0.0,0.011457500954169914,0.0,0.00772715196909131,0.0,0.0,0.0002664539989341003,0.0,0.044764188820943254,0.00799360496802551,0.0,0.0,0.0,0.0,0.006128430975486208,0.012789767948840916,0.0,0.02584598989661603,0.0,0.0,0.001598720993605102,0.00852651196589391,0.8286703936853194,0.0,0.0,0.0,0.0002664539989341003,0.0,0.0,0.020516919917932325
0.0,0.0069274650069274125,0.0,0.0,0.0004074980004074007,0.008149959008149913,0.0028524860028524054,0.0,0.0,0.0,0.0,0.004889976004889909,0.0,0.026487368026487348,0.0,0.0,0.0061124690061124115,0.0004074980004074007,0.0,0.0,0.01181744101181742,0.0069274650069274125,0.0004074980004074007,0.0012224940012224021,0.010187449010187418,0.0008149960008149014,0.0,0.0,0.0,0.07008965007008973,0.014262429014262426,0.008557457008557416,0.0004074980004074007,0.0,0.2860635702860641,0.04849225804849228,0.01670741601670743,0.022004890022004838,0.0,0.0,0.0,0.0061124690061124115,0.0631621840631623,0.07294213507294223,0.018337408018337432,0.0,0.0,0.019559902019559934,0.014262429014262426,0.018337408018337432,0.19193154019193193,0.0012224940012224021,0.0,0.0,0.008149959008149913,0.0,0.0,0.031784841031784854
0.0,0.0,0.0005122950005122007,0.0,0.0,0.003586066003586005,0.0010245900010245014,0.0,0.0,0.0,0.0,0.0,0.0,0.03022541003022544,0.0005122950005122007,0.0005122950005122007,0.0,0.0005122950005122007,0.0,0.0,0.049180328049180363,0.0025614750025614035,0.0,0.0,0.009221311009221312,0.0,0.0,0.0,0.0,0.008196721008196711,0.031250000031250044,0.007172131007172109,0.0010245900010245014,0.0,0.0,0.0778688520778689,0.0,0.018442623018442624,0.0,0.0,0.0,0.0005122950005122007,0.04508196704508196,0.030737705030737743,0.0,0.0,0.0,0.004098361004098305,0.01485655701485652,0.003586066003586005,0.616803279616804,0.005122951005122907,0.0,0.0,0.006147541006147508,0.0,0.0,0.031250000031250044
0.0,0.0072368419927631095,0.0019736839980263026,0.0,0.0,0.0006578949993421008,0.0006578949993421008,0.0,0.0,0.0,0.009868420990131514,0.0006578949993421008,0.0,0.02894736797105264,0.0006578949993421008,0.0,0.021052631978947328,0.0013157889986842018,0.0,0.0,0.2717105257282898,0.036842104963157846,0.0,0.0006578949993421008,0.03157894696842104,0.02368421097631573,0.0032894739967105043,0.0,0.0,0.03355263196644734,0.013157894986842117,0.0006578949993421008,0.0,0.0,0.08684210491315791,0.003947367996052605,0.0,0.08749999991250001,0.0,0.0,0.0,0.013157894986842117,0.009210525990789413,0.038157894961842145,0.0,0.0,0.0006578949993421008,0.0,0.02368421097631573,0.06513157893486848,0.1414473678585528,0.0026315789973684034,0.0,0.0,0.023026315976973633,0.0,0.0,0.016447367983552622
0.028301887028301824,0.0008203450008203007,0.0,0.0,0.0,0.0,0.0,0.0,0.0,0.03978671003978673,0.0,0.0,0.0008203450008203007,0.004922067004922004,0.0,0.0,0.0036915500036915033,0.0,0.0,0.0,0.0004101720004101004,0.0012305170012305011,0.0,0.0012305170012305011,0.0,0.0036915500036915033,0.0,0.0,0.0,0.10787530810787539,0.0,0.08408531608408537,0.0004101720004101004,0.0,0.0,0.0020508610020508015,0.007383101007383107,0.0,0.0,0.0,0.0,0.0,0.0012305170012305011,0.04388843304388844,0.0016406890016406016,0.025840853025840823,0.0,0.0,0.0,0.07711238707711247,0.527481542527482,0.0,0.0,0.0,0.006972929006972906,0.0,0.0,0.029122231029122224
0.0,0.001967535994097302,0.000983767997048601,0.0,0.0,0.0,0.0,0.0,0.0,0.0,0.0,0.0,0.0,0.0890309887329071,0.0,0.0,0.0014756519955730018,0.0,0.0,0.0,0.0,0.014264633957206016,0.11854402364436803,0.0,0.0004918839985243005,0.00787014297638951,0.0,0.0,0.0,0.000983767997048601,0.0,0.0,0.0004918839985243005,0.0,0.0,0.01869158894392522,0.0,0.0,0.0,0.0,0.020659123938022623,0.0,0.0,0.001967535994097302,0.001967535994097302,0.0,0.0,0.0,0.0004918839985243005,0.009345793971962611,0.592228232223316,0.0,0.0,0.09837678270486971,0.0,0.0,0.0,0.020167240939498222
0.0,0.0015105740030211025,0.0007552870015105012,0.0,0.0015105740030211025,0.008308157016616313,0.0,0.0,0.0,0.003776435007552806,0.0,0.0,0.0,0.08836858017673724,0.0,0.0,0.0015105740030211025,0.004531722009063407,0.0,0.0,0.02719033205438064,0.017371601034743226,0.0,0.0,0.0060422960120845096,0.0022658610045317037,0.0,0.0,0.0,0.07552870115105752,0.026435045052870042,0.040785498081571066,0.0007552870015105012,0.0,0.0,0.02114803604229603,0.0,0.0060422960120845096,0.0007552870015105012,0.0,0.0,0.0015105740030211025,0.04154078508308156,0.05060423010120848,0.003021148006042205,0.0,0.0,0.0,0.015105740030211425,0.015105740030211425,0.48413897396827876,0.0,0.0,0.0,0.004531722009063407,0.0,0.0,0.049848943099697875
0.00036284499891140067,0.001088533996734302,0.00036284499891140067,0.0,0.0,0.0068940489793178125,0.0,0.0,0.0,0.0,0.0,0.00036284499891140067,0.00036284499891140067,0.029390420911828752,0.0,0.0,0.0014513789956458027,0.0018142239945573033,0.003991291988026107,0.0,0.13570391859288844,0.003991291988026107,0.010885340967343919,0.0,0.010159651969521018,0.001088533996734302,0.0,0.00036284499891140067,0.0,0.027576196917271447,0.0,0.01632801195101593,0.0014513789956458027,0.0,0.033381712899854865,0.19412191541763463,0.0032656019902031056,0.10449927368650239,0.0,0.00036284499891140067,0.0,0.00036284499891140067,0.012699564961901322,0.047169810858490584,0.0,0.0018142239945573033,0.0,0.0,0.001088533996734302,0.0032656019902031056,0.331277212006169,0.0,0.0,0.0,0.0007256889978229013,0.0,0.0,0.012336719962989823
0.00034989500034980034,0.0013995800013995013,0.0013995800013995013,0.0010496850010496008,0.0,0.0,0.0,0.0,0.0,0.0,0.0,0.0,0.015395381015395313,0.0,0.0,0.0,0.0010496850010496008,0.0,0.0,0.0,0.0013995800013995013,0.015745276015745213,0.0024492650024492022,0.0,0.0,0.0,0.0,0.0,0.0,0.0,0.0,0.0,0.12036389112036401,0.0,0.0,0.0,0.008397481008397406,0.0,0.0,0.0,0.0,0.0,0.0006997900006997007,0.0,0.00034989500034980034,0.0,0.0,0.0,0.0,0.019944017019944017,0.7977606727977614,0.0,0.0,0.0,0.0,0.0,0.0,0.01224632601224631
0.0,0.0016319869967360014,0.0004079969991840004,0.0,0.0,0.0008159929983680008,0.0008159929983680008,0.0,0.0,0.0,0.0,0.0,0.0,0.001223989997552001,0.0,0.0,0.0004079969991840004,0.0004079969991840004,0.0,0.0,0.012647898974704211,0.0,0.0,0.0,0.0048959609902080045,0.0,0.0,0.0,0.0,0.006119950987760006,0.0,0.0048959609902080045,0.0,0.0,0.0,0.06405548787188906,0.0,0.062423500875153054,0.0,0.0,0.0,0.0,0.015911872968176213,0.005303957989392005,0.042431660915136636,0.0,0.0,0.0,0.0048959609902080045,0.008567930982864107,0.7454100355091806,0.0,0.0,0.005711953988576005,0.002039983995920002,0.0,0.0,0.00897592798204811
0.0,0.002356637995286703,0.0,0.0,0.0003927729992144005,0.001571091996857802,0.002356637995286703,0.0,0.0,0.0,0.0,0.0,0.0019638649960722026,0.05616653588766697,0.0003927729992144005,0.0,0.005106048989787906,0.0,0.0,0.0,0.019245875961508223,0.009819323980361313,0.0003927729992144005,0.0,0.014532599970934817,0.0003927729992144005,0.0,0.0,0.0,0.047918302904163455,0.0,0.012961507974076915,0.0035349569929300044,0.0,0.0,0.076983503846033,0.0003927729992144005,0.06716417886567168,0.001571091996857802,0.0003927729992144005,0.0,0.004713275990573406,0.003927729992144505,0.058523173882953666,0.001571091996857802,0.0,0.0,0.002356637995286703,0.012175961975648016,0.019245875961508223,0.5263157879473691,0.0,0.0,0.006677140986645708,0.00824823298350351,0.0,0.0,0.03063629193872744
0.0,0.0,0.0,0.0,0.0,0.0012101650012101008,0.0,0.0,0.0,0.0,0.0,0.0,0.0,0.06494554306494556,0.0,0.0,0.0,0.0008067770008067007,0.0,0.0,0.003630496003630403,0.0024203310024203018,0.0,0.0,0.0004033880004033003,0.0,0.0004033880004033003,0.0,0.0,0.0,0.0,0.0016135540016135013,0.0028237190028237024,0.0,0.0,0.02702702702702702,0.0,0.0,0.0,0.0,0.0,0.0,0.0,0.006454215006454205,0.0008067770008067007,0.0,0.0,0.0,0.0008067770008067007,0.0008067770008067007,0.8830173468830181,0.0,0.0,0.0020169420020169017,0.0,0.0,0.0,0.0008067770008067007
0.0,0.0015923569999999048,0.0007961779999999023,0.0,0.0,0.0011942679999999038,0.0,0.0,0.0,0.0,0.0,0.0,0.0,0.0,0.0,0.0,0.0007961779999999023,0.0011942679999999038,0.0,0.0,0.013933120999999942,0.00676751599999992,0.008359872999999924,0.0,0.05573248400000007,0.0015923569999999048,0.0,0.0,0.0,0.04578025500000004,0.0003980889999999012,0.015525477999999947,0.0003980889999999012,0.0,0.009952228999999929,0.39371019100000104,0.0007961779999999023,0.013933120999999942,0.0003980889999999012,0.0,0.0,0.004378980999999913,0.014331209999999943,0.11863057300000027,0.0015923569999999048,0.0,0.0,0.0,0.004378980999999913,0.03025477699999999,0.23845541400000062,0.0,0.0,0.0,0.0031847129999999094,0.0,0.0,0.011942674999999936
0.0,0.0006591960006591013,0.001977587001977504,0.0,0.0,0.007580751007580715,0.0,0.0,0.0,0.0,0.0,0.0,0.0006591960006591013,0.028345419028345455,0.0,0.0,0.007251154007251115,0.00032959800032950065,0.0,0.0,0.008899143008899118,0.0026367830026367053,0.0016479890016479033,0.0,0.0016479890016479033,0.0006591960006591013,0.0,0.0,0.0,0.007580751007580715,0.0,0.0016479890016479033,0.0016479890016479033,0.000988794000988702,0.0,0.0533948580533949,0.0,0.0,0.000988794000988702,0.0006591960006591013,0.00032959800032950065,0.00032959800032950065,0.00032959800032950065,0.012854318012854325,0.0,0.0,0.0,0.0,0.001977587001977504,0.001977587001977504,0.8328938698328956,0.0,0.0,0.01647989501647993,0.000988794000988702,0.0,0.0,0.0026367830026367053
0.0,0.0012845219974309016,0.0,0.0,0.0,0.010918432978163112,0.0006422609987154007,0.0,0.0012845219974309016,0.0019267819961464022,0.0,0.0,0.0,0.012845214974309514,0.0,0.0,0.0006422609987154007,0.0,0.0,0.0,0.03596660192806684,0.005138085989723806,0.0,0.0,0.003853564992292804,0.0,0.0,0.0,0.0,0.00899165098201661,0.005780346988439306,0.013487475973025015,0.002569042994861903,0.0,0.0,0.06936416186127169,0.0,0.023121386953757223,0.0,0.0,0.0,0.0,0.014771996970456015,0.026332690947334626,0.0,0.010918432978163112,0.0,0.0,0.00963391098073211,0.006422607987154707,0.7167630045664748,0.0,0.0,0.003853564992292804,0.0019267819961464022,0.0,0.0,0.011560693976878611
0.0,0.0016061679967876025,0.0,0.0,0.000642466998715001,0.0,0.0,0.010279472979441016,0.0003212339993575005,0.0003212339993575005,0.0,0.0016061679967876025,0.0009637009980725014,0.037263089925473857,0.0,0.0,0.010279472979441016,0.0012849339974301019,0.0,0.0,0.02891101794217794,0.008352071983295812,0.0016061679967876025,0.0003212339993575005,0.016704143966591724,0.0003212339993575005,0.0,0.0,0.0035335689929328054,0.019916478960167027,0.0,0.007709604984580711,0.0032123349935753048,0.0,0.0,0.09958239580083533,0.009315772981368414,0.04882749790234507,0.0,0.0,0.0,0.0032123349935753048,0.014455508971088922,0.050754898898490275,0.0012849339974301019,0.0,0.0,0.0,0.010921939978156115,0.016704143966591724,0.5483456459033095,0.0003212339993575005,0.0,0.0012849339974301019,0.014134275971731421,0.005139736989720508,0.0,0.020558945958882132
0.0,0.01776549503553093,0.0,0.0011843660023687019,0.0011843660023687019,0.03118831406237665,0.0015791550031583027,0.07422029214844063,0.0,0.0,0.0,0.0,0.003947888007895707,0.05566521911133049,0.0011843660023687019,0.0,0.009080142018160216,0.0,0.0,0.0,0.017370707034741428,0.004342677008685307,0.0019739440039478035,0.0,0.026845638053691244,0.007500987015001912,0.0,0.0,0.0,0.00039478900078950067,0.0,0.014607185029214324,0.009474931018949816,0.0,0.0,0.11133043822266098,0.016975918033951827,0.0627714171255429,0.0,0.00039478900078950067,0.0,0.0031583100063166053,0.04895381009790768,0.09632846419265707,0.005132254010264509,0.0,0.004737465009474908,0.0007895780015791013,0.027635215055270446,0.002368733004737404,0.3024082126048169,0.0,0.0,0.0,0.021713383043426734,0.004737465009474908,0.0,0.011054086022108119
0.0,0.0013123359973753015,0.0,0.0,0.0,0.004811898990376205,0.000874890998250201,0.000874890998250201,0.0030621169938757037,0.0,0.0,0.0,0.0,0.16404199467191619,0.00043744499912510047,0.0,0.0013123359973753015,0.000874890998250201,0.0,0.0,0.010936132978127712,0.006561679986876607,0.002624671994750603,0.0,0.00043744499912510047,0.0,0.0,0.0,0.0,0.11417322777165362,0.0,0.0021872269956255026,0.003937007992125904,0.0,0.0,0.13735782972528443,0.002624671994750603,0.038057742923884544,0.0,0.0,0.0,0.00043744499912510047,0.008311460983377008,0.022747156954505625,0.0013123359973753015,0.0,0.00043744499912510047,0.0,0.003499562993000804,0.00043744499912510047,0.4610673660778658,0.0,0.0,0.0,0.000874890998250201,0.0,0.0,0.004374452991251005
0.00023068099861590035,0.0009227219944636014,0.0,0.0,0.0,0.015916954904498223,0.0,0.0,0.0006920419958477011,0.0011534029930795016,0.0,0.0,0.0,0.04175317174948096,0.00023068099861590035,0.0,0.0009227219944636014,0.0,0.0,0.0,0.03114186881314875,0.002998846982006905,0.0,0.0006920419958477011,0.006228373962629709,0.0,0.0,0.0,0.0,0.014532871912802723,0.0,0.003229526980622805,0.006228373962629709,0.0,0.0,0.038292963770242265,0.003460207979238705,0.028835062826989645,0.0,0.00023068099861590035,0.0,0.00023068099861590035,0.012918107922491321,0.011534024930795818,0.0006920419958477011,0.015455593907266424,0.0,0.0004613609972318007,0.006689734959861511,0.006920414958477511,0.7144175277134959,0.008073817951557012,0.0,0.00023068099861590035,0.004613609972318307,0.00023068099861590035,0.0,0.019838523880968833
0.0004098359995901005,0.0008196719991803011,0.0,0.0,0.0,0.0004098359995901005,0.0,0.0,0.0,0.0,0.0,0.0,0.0,0.1516393438483608,0.0,0.0,0.0012295079987704018,0.0012295079987704018,0.0,0.0,0.010655737989344214,0.0016393439983606022,0.0,0.0,0.0016393439983606022,0.0,0.0,0.0,0.0,0.025409835974590133,0.003688524996311405,0.004508196995491806,0.02254098397745903,0.0,0.004098360995901605,0.01598360698401632,0.0,0.003688524996311405,0.0,0.0,0.0,0.0,0.00778688499221311,0.012295081987704915,0.0061475409938524074,0.010655737989344214,0.0008196719991803011,0.0,0.006967212993032709,0.0032786889967213045,0.6840163923159844,0.0,0.0,0.014754097985245919,0.0,0.0004098359995901005,0.0,0.0032786889967213045
0.0,0.003991484992017006,0.009047365981905213,0.004523682990952607,0.0002660989994678004,0.013571047972857919,0.0015965939968068023,0.0005321979989356008,0.0,0.0,0.0,0.0,0.0031931879936136047,0.07849920184300162,0.0,0.0,0.033262373933475246,0.0029270889941458043,0.0,0.0,0.03219797793560405,0.018626928962746127,0.023682809952634335,0.0,0.01942522596114953,0.00691857398616281,0.0,0.0007982969984034012,0.0,0.01277275097445442,0.0002660989994678004,0.0029270889941458043,0.0010643959978712016,0.0023948909952102035,0.006120276987759409,0.018360829963278327,0.022884512954230933,0.003991484992017006,0.0,0.0015965939968068023,0.0,0.004789781990420407,0.08275678583448652,0.03938264992123466,0.0015965939968068023,0.0,0.0,0.003991484992017006,0.018360829963278327,0.04656732290686537,0.45130388409739286,0.0,0.0,0.0,0.0031931879936136047,0.0018626929962746025,0.0,0.02075572095848853
0.0,0.0,0.0,0.0,0.0,0.0,0.0,0.0,0.001122334002244601,0.002244669004489302,0.0,0.0005611670011223005,0.0005611670011223005,0.24915824949831675,0.0,0.0,0.0028058360056116027,0.0,0.0,0.0,0.013468013026936013,0.0028058360056116027,0.0,0.0,0.00785634101571261,0.0,0.0,0.0,0.0,0.005050505010101005,0.0,0.007295174014590307,0.0016835020033670017,0.0,0.0,0.00785634101571261,0.0,0.0016835020033670017,0.0,0.0,0.0,0.0,0.0005611670011223005,0.005611672011223305,0.004489338008978604,0.10437710420875432,0.0,0.0,0.0,0.002244669004489302,0.5432098780864204,0.0,0.0,0.019079686038159318,0.001122334002244601,0.001122334002244601,0.0,0.014029181028058314
0.00033738200000000006,0.0040485830000000006,0.00033738200000000006,0.0,0.0,0.0040485830000000006,0.004385965000000001,0.0,0.0,0.00033738200000000006,0.0,0.0010121460000000002,0.0010121460000000002,0.025641026000000004,0.00033738200000000006,0.0,0.008434548000000002,0.0,0.0,0.0,0.09581646400000002,0.009784076000000001,0.0,0.0,0.009109312000000001,0.009446694000000002,0.0,0.00033738200000000006,0.0010121460000000002,0.004385965000000001,0.006747638000000001,0.011470985000000001,0.0010121460000000002,0.0,0.0,0.10728744900000001,0.0,0.03879892000000001,0.0,0.0006747640000000001,0.0,0.0013495280000000002,0.05701754400000001,0.08400809700000002,0.014170040000000002,0.0030364370000000003,0.0,0.0,0.03609986500000001,0.026990553000000004,0.37179487200000005,0.0,0.006072874000000001,0.018893387000000005,0.004385965000000001,0.0023616730000000003,0.0,0.028002699000000002
0.0,0.0,0.00026406099973590034,0.0,0.0,0.0,0.0,0.00026406099973590034,0.0,0.0,0.0,0.0,0.00026406099973590034,0.024821758975178236,0.0,0.0,0.0066015319933984086,0.013467123986532816,0.0,0.0,0.004753102995246806,0.012146817987853116,0.010562449989437514,0.0,0.00844995999155001,0.0031687349968312043,0.0,0.0,0.0,0.012674940987325018,0.0,0.006073408993926508,0.0,0.0,0.0,0.04805914995194086,0.0,0.0005281229994718007,0.000792183999207801,0.0005281229994718007,0.0,0.0010562449989437012,0.09743860590256152,0.03115922896884074,0.004489040995510906,0.0,0.0,0.0,0.006073408993926508,0.017692104982307923,0.6577766033422244,0.0,0.0,0.02006865597993133,0.0013203059986796018,0.0039609189960390055,0.0,0.005545286994454708
0.0,0.00031191500093570053,0.0006238300018714011,0.0,0.0,0.014348097043044225,0.0,0.0,0.0,0.0,0.0,0.0,0.0006238300018714011,0.01840299405520893,0.0,0.0,0.00623830301871491,0.0024953210074859043,0.0,0.00031191500093570053,0.0024953210074859043,0.0056144730168434095,0.0,0.0,0.0021834060065502037,0.0,0.0,0.0,0.0,0.016843419050530228,0.0,0.0021834060065502037,0.0028072360084217046,0.00031191500093570053,0.0,0.0642545231927636,0.0,0.0,0.0,0.0,0.01840299405520893,0.003431067010293206,0.0012476610037429022,0.026200873078602645,0.0006238300018714011,0.014036182042108523,0.0015595760046787025,0.0,0.005302558015907608,0.010293200030879617,0.7127261401381796,0.0,0.0,0.017155334051466027,0.0024953210074859043,0.0,0.004054897012164607,0.04242046212726137
0.0,0.0005340450005340006,0.0005340450005340006,0.0,0.0,0.0026702270026702033,0.0,0.0,0.0,0.0,0.0,0.0010680910010680013,0.001602136001602102,0.0,0.0,0.0,0.004005340004005305,0.005073431005073406,0.0,0.0,0.12950600812950616,0.028304406028304436,0.0,0.000801068000801001,0.03391188303391184,0.0,0.0,0.0,0.0,0.05473965305473967,0.0,0.003204272003204204,0.0002670230002670003,0.000801068000801001,0.0,0.038451268038451246,0.06809078806809088,0.010680908010680914,0.0002670230002670003,0.0002670230002670003,0.0,0.0010680910010680013,0.06034713006034718,0.035246996035247044,0.0013351130013351017,0.0018691590018691023,0.0,0.0,0.011214953011214914,0.04005340504005345,0.43951935943952,0.0,0.0,0.0,0.0013351130013351017,0.0005340450005340006,0.0,0.02269692902269693
0.00043611,0.0,0.0,0.0,0.0,0.003052769,0.0,0.00087222,0.0,0.0,0.0,0.00043611,0.0,0.008722198,0.00043611,0.0,0.007413868,0.00043611,0.0,0.0,0.137810728,0.00130833,0.0,0.0,0.036197122,0.005233319,0.0,0.0,0.0,0.002616659,0.00087222,0.003924989,0.00130833,0.0,0.0,0.13126908,0.014827737,0.110771915,0.002616659,0.0,0.0,0.00043611,0.050152638,0.155691234,0.00130833,0.0,0.0,0.00043611,0.003924989,0.023986044,0.278674226,0.0,0.0,0.0,0.002180549,0.007849978,0.0,0.004797209
0.0,0.0,0.0,0.0,0.0,0.015,0.0,0.0,0.0,0.0003125,0.0,0.0,0.0,0.0115625,0.0,0.0,0.000625,0.0,0.0,0.0,0.0021875,0.0,0.0,0.0,0.0028125,0.0,0.0,0.0,0.0,0.0003125,0.0,0.0,0.000625,0.0,0.0,0.155625,0.0090625,0.0034375,0.0003125,0.0,0.0,0.0,0.0009375,0.005625,0.0009375,0.0,0.0,0.0,0.000625,0.00125,0.7859375,0.0,0.0,0.0,0.0003125,0.0009375,0.0,0.0015625
0.0004642529990714007,0.0004642529990714007,0.001392757997214402,0.0,0.0,0.0,0.0,0.0,0.0,0.0,0.0,0.0004642529990714007,0.0023212629953574034,0.0,0.0,0.0,0.0,0.0,0.0,0.0,0.0009285049981429014,0.010213555979572816,0.0,0.0,0.0009285049981429014,0.0,0.0,0.0,0.0,0.001857009996285903,0.0,0.0009285049981429014,0.0,0.0,0.0,0.0,0.0004642529990714007,0.00603528298792941,0.0,0.0,0.0,0.0004642529990714007,0.001392757997214402,0.3342618373314768,0.0,0.0,0.0,0.0,0.0,0.010677808978644317,0.6132776217734458,0.0009285049981429014,0.0,0.0,0.0,0.001857009996285903,0.0,0.010677808978644317
0.0,0.0002522700007568002,0.0005045410015136003,0.0,0.0,0.0,0.0,0.0,0.0,0.0,0.0,0.0,0.0002522700007568002,0.059031282177093844,0.0,0.0,0.001765893005297601,0.0,0.0,0.0,0.0010090820030272006,0.0012613520037840008,0.0,0.0,0.0007568110022704006,0.0,0.0,0.0,0.0,0.0,0.0,0.0002522700007568002,0.0007568110022704006,0.0,0.0,0.09964682129894047,0.023208880069626615,0.0,0.0,0.0005045410015136003,0.0,0.0,0.0035317860105953023,0.006559031019677005,0.0002522700007568002,0.0,0.0,0.0,0.0002522700007568002,0.0,0.7991927373975788,0.0,0.0,0.0,0.0002522700007568002,0.0,0.0,0.0007568110022704006
0.0,0.0,0.0,0.0,0.0,0.0,0.0,0.0,0.0,0.0,0.0,0.0,0.0,0.0,0.0,0.0,0.0,0.0,0.0,0.0,0.03,0.0,0.0,0.0,0.0,0.0,0.0,0.0,0.0,0.01,0.0,0.0,0.0,0.0,0.01,0.03,0.0,0.0,0.0,0.0,0.01,0.0,0.01,0.03,0.0,0.0,0.01,0.0,0.0,0.01,0.85,0.0,0.0,0.0,0.0,0.0,0.0,0.0
0.0,0.007992008071928012,0.0024975020224775033,0.003496503031468505,0.0,0.004495504040459506,0.0009990010089910015,0.0,0.0,0.0,0.0,0.0024975020224775033,0.0,0.007992008071928012,0.0004995000044955008,0.0,0.03196803228771225,0.0,0.0,0.0,0.02097902118881113,0.04945054944505497,0.007992008071928012,0.005494505049450508,0.04345654339110886,0.0004995000044955008,0.03246753229220775,0.0004995000044955008,0.0,0.01348651312137862,0.0,0.0,0.0,0.0,0.0,0.05044955045404597,0.0,0.16183816345654362,0.0,0.0014985010134865022,0.0,0.0069930070629370105,0.0634365635709291,0.04795204843156847,0.02247752220229773,0.0,0.0,0.0,0.014485514130369621,0.05444555449000998,0.25174825426573466,0.0,0.0,0.014985015134865122,0.015984016143856125,0.03546453531918085,0.0,0.02147852119330663
0.0,0.000824402,0.000893103,0.0,0.0,0.0,0.0,0.000274801,0.0,0.0001374,0.0,0.000412201,0.000824402,0.099340478,0.0,0.0,0.011679033,0.000618302,0.0,0.000274801,0.01085463,0.015801044,6.87e-05,6.87e-05,0.003366309,0.0,0.0,0.000343501,0.0,0.012640835,0.0,0.001717505,0.00350371,0.000274801,0.0001374,0.087249244,0.0,0.003228909,0.000206101,0.000755702,0.0,0.000824402,0.001786205,0.034212696,0.000755702,0.0,0.000206101,0.000206101,0.004122012,0.002748008,0.678139599,0.0,0.0,0.006114317,0.000687002,0.0,0.0,0.014701841
0.0,0.005139500989720909,0.0,0.0,0.0,0.012481644975036723,0.002936857994126205,0.0,0.013215858973568225,0.0,0.0,0.0,0.0007342139985315014,0.14464023471071974,0.0,0.0,0.0,0.0007342139985315014,0.0,0.0,0.015418501969162928,0.01027900097944192,0.0,0.0,0.007342143985315713,0.0,0.0,0.0,0.0,0.002936857994126205,0.005139500989720909,0.012481644975036723,0.01101321597797352,0.0,0.025697503948604945,0.11380323077239371,0.015418501969162928,0.056534507886931,0.0,0.0014684289970631026,0.0,0.005873714988252511,0.008810572982378816,0.03817914792364177,0.0,0.0,0.006607929986784112,0.0,0.0044052859911894076,0.016152716967694526,0.4045521281908964,0.0,0.0,0.03964757692070487,0.0022026429955947038,0.0,0.0,0.016152716967694526
0.0003891049999999999,0.0,0.0,0.0,0.0,0.0007782099999999998,0.0003891049999999999,0.0,0.0,0.0,0.0,0.0,0.0,0.005058365999999999,0.0,0.0,0.0007782099999999998,0.0003891049999999999,0.0,0.0,0.013229571999999997,0.0027237349999999997,0.0,0.0,0.0015564199999999995,0.0,0.0,0.0,0.0,0.003112839999999999,0.0003891049999999999,0.03501945499999999,0.010116731999999998,0.0,0.618677043,0.012840466999999996,0.0,0.0015564199999999995,0.0,0.0,0.0,0.0007782099999999998,0.0011673149999999997,0.06459143999999999,0.0,0.04241245099999999,0.019844357999999996,0.0,0.010116731999999998,0.0035019459999999993,0.10778210099999998,0.0,0.0,0.031128404999999994,0.0007782099999999998,0.0,0.0,0.010894941999999998
0.0,0.00028208700084620026,0.0,0.0,0.0,0.0053596610160789055,0.0014104370042313014,0.0,0.0,0.0,0.0,0.00028208700084620026,0.0,0.02200282106600842,0.0,0.0,0.0016925250050775016,0.0,0.0,0.0,0.013540197040620514,0.0028208740084626027,0.00028208700084620026,0.0,0.006488011019464006,0.0,0.0,0.0,0.0,0.04146685512440054,0.0,0.004231312012693904,0.005923836017771506,0.0,0.0,0.05472496516417496,0.0008462620025387009,0.02849083208547253,0.0005641750016925005,0.0,0.0,0.0014104370042313014,0.018899859056699518,0.13681241241043735,0.0005641750016925005,0.0,0.0,0.0,0.003102962009308803,0.005077574015232705,0.6129760248389289,0.0,0.0,0.0028208740084626027,0.001128350003385001,0.0,0.0,0.026798307080394927
0.0,0.0018876829943369016,0.0004719209985842004,0.0,0.0,0.0004719209985842004,0.0,0.0,0.0,0.0004719209985842004,0.0004719209985842004,0.0004719209985842004,0.0,0.0,0.0,0.0,0.003775365988673903,0.0,0.0,0.0,0.005191127984426605,0.011326096966021708,0.0,0.0,0.0009438409971684007,0.0,0.0,0.0,0.0,0.0,0.0,0.0,0.0,0.0,0.0,0.007078810978763506,0.022180273933459116,0.0,0.0,0.0,0.0,0.0,0.0,0.004719206985842304,0.0004719209985842004,0.06512505880462485,0.0,0.0,0.0023596039929211017,0.01038225596885321,0.8499292094502131,0.0,0.0,0.0,0.0004719209985842004,0.0004719209985842004,0.0,0.011326096966021708
0.0008888890017777008,0.0,0.0,0.0,0.0,0.003111111006222203,0.0,0.0,0.0,0.0,0.0,0.00044444400088880043,0.0,0.17644444435288906,0.0,0.0,0.004000000008000004,0.0008888890017777008,0.0,0.0,0.01066666702133331,0.004444444008888804,0.0,0.0,0.0013333330026666012,0.0,0.0,0.0,0.0,0.0035555560071111035,0.0,0.002222222004444402,0.02044444404088882,0.0,0.16444444432888908,0.02133333304266662,0.0,0.003111111006222203,0.0,0.00044444400088880043,0.0,0.005333333010666606,0.007111111014222207,0.0035555560071111035,0.002222222004444402,0.10888888921777791,0.0,0.0,0.002222222004444402,0.008888889017777709,0.41866666783733386,0.0,0.0,0.017777778035555518,0.0017777780035555016,0.0,0.0008888890017777008,0.004888889009777705
0.0,0.00031515900126060053,0.0,0.0,0.0,0.006303183025212712,0.0,0.0018909550075638033,0.0,0.0,0.0,0.0006303180025212011,0.0,0.04790419219161678,0.0,0.0,0.0025212730100850045,0.0006303180025212011,0.0,0.0,0.02363693709454774,0.005042546020170109,0.0,0.00031515900126060053,0.006618342026473312,0.0,0.0,0.0,0.0009454770037819017,0.011976048047904121,0.0006303180025212011,0.012921525051686023,0.005042546020170109,0.00031515900126060053,0.0,0.058619603234478505,0.0,0.011345730045382921,0.0,0.00031515900126060053,0.0,0.007563820030255213,0.01638827606555313,0.04034037216136147,0.004727387018909509,0.09171131436684536,0.00031515900126060053,0.0009454770037819017,0.01670343506681373,0.014812480059249926,0.5808383253233542,0.0,0.0,0.0,0.0031515920126063057,0.010085093040340318,0.0,0.014497321057989227
0.0,0.00023551599905790034,0.00023551599905790034,0.0,0.0,0.014130946943476221,0.0,0.0,0.0,0.0,0.0,0.00023551599905790034,0.0,0.04616109281535567,0.0,0.0,0.0,0.00023551599905790034,0.0,0.0,0.015544040937823822,0.0037682519849269055,0.00023551599905790034,0.0,0.0004710319981158007,0.0004710319981158007,0.0,0.0,0.0,0.005887893976448409,0.00023551599905790034,0.006123409975506308,0.0004710319981158007,0.0,0.0,0.039095618843617556,0.005887893976448409,0.0004710319981158007,0.0,0.0,0.0,0.0,0.002590673989637304,0.020725388917098433,0.00023551599905790034,0.004474799982100806,0.0,0.0,0.0004710319981158007,0.0011775789952896017,0.825011772699954,0.0,0.0,0.0,0.001413094994347602,0.00023551599905790034,0.00023551599905790034,0.0035327369858690052
0.0,0.0005975500017926005,0.0,0.0,0.0,0.0,0.0005975500017926005,0.0,0.0,0.00029877500089630027,0.0,0.0,0.0014938750044816013,0.008664476025993406,0.0,0.0,0.0008963250026889008,0.00029877500089630027,0.0,0.0,0.0062742750188228055,0.005079175015237504,0.0,0.0,0.002390200007170602,0.0,0.00029877500089630027,0.0,0.0,0.017030176051090515,0.0,0.004780400014341204,0.00985957602957871,0.0005975500017926005,0.0,0.012847326038541912,0.0,0.06304153018912466,0.0,0.0,0.0,0.00029877500089630027,0.003286525009859503,0.016432626049297815,0.0014938750044816013,0.041828503125485535,0.00029877500089630027,0.00029877500089630027,0.004182850012548503,0.0053779500161338055,0.7792052603376166,0.00029877500089630027,0.0,0.0,0.0005975500017926005,0.0,0.0,0.01135345103406031
0.0,0.0,0.0004938270009876008,0.0,0.0,0.0024691360049382033,0.0,0.0,0.0,0.001975309003950603,0.0,0.0,0.0,0.007901235015802413,0.0,0.0,0.0014814810029629023,0.0004938270009876008,0.0,0.0,0.004444444008888806,0.0014814810029629023,0.0,0.0,0.0004938270009876008,0.0,0.0004938270009876008,0.0,0.0,0.026172840052345638,0.006419753012839509,0.02864197505728394,0.0004938270009876008,0.0,0.0004938270009876008,0.09185185218370384,0.0,0.001975309003950603,0.0,0.0,0.0,0.002962963005925904,0.0024691360049382033,0.04296296308592596,0.00740740701481481,0.0009876540019753016,0.0,0.0004938270009876008,0.006419753012839509,0.0054320990108641075,0.7358024704716061,0.0,0.0,0.0004938270009876008,0.0004938270009876008,0.0004938270009876008,0.0,0.015802469031604923
0.0,0.0,0.0,0.0,0.0,0.013316816053267221,0.0,0.0,0.0,0.0,0.0,0.0003096930012387005,0.0,0.05915144023660579,0.0,0.0,0.004645401018581607,0.0,0.0,0.0,0.009910189039640716,0.0037163210148652057,0.0,0.0,0.003406627013626505,0.0,0.0,0.0003096930012387005,0.0,0.009600496038401915,0.0003096930012387005,0.0068132550272530104,0.004955094019820308,0.0003096930012387005,0.0,0.07742335130969352,0.0003096930012387005,0.0003096930012387005,0.0009290800037163015,0.0,0.0,0.004645401018581607,0.005574481022297908,0.039331062157324265,0.004335708017342807,0.0,0.0003096930012387005,0.0,0.0037163210148652057,0.009910189039640716,0.7045524958182111,0.0,0.0,0.015484670061938625,0.0,0.0003096930012387005,0.0,0.016104057064416224
0.0,0.0030410540060821045,0.0015205270030410022,0.0010136850020273016,0.0,0.0,0.0,0.0,0.0,0.0,0.0,0.0,0.0,0.009630005019260014,0.0,0.0,0.003547897007095705,0.0005068420010136007,0.0,0.0,0.0015205270030410022,0.002027369004054703,0.0025342120050684033,0.0005068420010136007,0.0005068420010136007,0.0,0.0,0.0,0.0,0.02230106404460213,0.0,0.003547897007095705,0.0,0.0,0.0,0.009630005019260014,0.0030410540060821045,0.00709579301419151,0.0,0.0005068420010136007,0.0,0.0010136850020273016,0.016218956032437924,0.020273695040547327,0.0010136850020273016,0.04308160208616326,0.0,0.0,0.0015205270030410022,0.00709579301419151,0.822098328644198,0.0,0.0,0.010643690021287316,0.0010136850020273016,0.0005068420010136007,0.0,0.0030410540060821045
0.0,0.002125116002125103,0.0010625580010625016,0.0,0.0,0.026563953026563936,0.00039845900039840054,0.0009297380009297012,0.0,0.0,0.0,0.0,0.0013281980013281017,0.05179970805179977,0.0,0.0,0.004914331004914307,0.0,0.0,0.0,0.02868906902868904,0.019524505019524525,0.0001328200001328002,0.0,0.0031876740031876044,0.0,0.0,0.0009297380009297012,0.0,0.0033204940033204045,0.0,0.0033204940033204045,0.002390756002390703,0.0,0.0,0.10187275910187284,0.0,0.0,0.0,0.00039845900039840054,0.0,0.0009297380009297012,0.05153406805153407,0.059370434059370474,0.0018594770018594024,0.0,0.00039845900039840054,0.0002656400002656004,0.002257936002257903,0.0026563950026563033,0.6103068146103077,0.0,0.0,0.007437907007437909,0.0013281980013281017,0.0,0.0,0.008766104008766111
0.0,0.030806257938387444,0.0009626959980746014,0.0012033689975932016,0.000722021998555901,0.0024067389951865034,0.00024067399951860035,0.0004813479990373007,0.0,0.0,0.0,0.0,0.0004813479990373007,0.004091455991817006,0.0,0.0,0.005054151989891607,0.0036101079927797052,0.0,0.0,0.09362214181275584,0.014921780970156421,0.0,0.0,0.044524668910950665,0.0033694339932611047,0.0,0.0,0.0,0.009386281981227413,0.0,0.0014440429971119021,0.0004813479990373007,0.00024067399951860035,0.0652226228695548,0.05318892889362218,0.04500601690998796,0.07292418785415171,0.0,0.0,0.0,0.0016847169966305025,0.056077015887845985,0.029362213941275542,0.0033694339932611047,0.0,0.0,0.0,0.009386281981227413,0.017569193964861625,0.32105896435788245,0.0,0.0,0.08543922982912162,0.008904933982190113,0.0016847169966305025,0.0,0.011070998977858015
0.0,0.001137286997725402,0.00032493899935010054,0.00016246999967500027,0.0014622259970755024,0.0019496339961007033,0.005036555989926809,0.0008123479983753013,0.0,0.0004874089990251008,0.0,0.0,0.00016246999967500027,0.05572705088854599,0.0004874089990251008,0.0,0.00032493899935010054,0.0,0.0,0.0,0.002924451994151005,0.00649878098700241,0.00032493899935010054,0.0,0.0074735989850528125,0.0,0.0,0.00016246999967500027,0.0,0.0034118599931762055,0.0019496339961007033,0.004386676991226607,0.0012997559974004022,0.0,0.00016246999967500027,0.04175467091649067,0.002274573995450804,0.02388302195223394,0.0009748169980503017,0.0,0.0,0.002437042995125904,0.007311128985377712,0.013160031973679922,0.003086920993826105,0.0,0.00016246999967500027,0.00032493899935010054,0.0004874089990251008,0.0019496339961007033,0.772055238455891,0.0,0.0,0.0,0.004061737991876507,0.00016246999967500027,0.0,0.029244516941510947
0.0,0.0,0.0,0.0,0.00029877500089630027,0.005079175015237504,0.0,0.0,0.0,0.001195100003585301,0.0,0.0,0.0,0.07290110521870337,0.0,0.0,0.0005975500017926005,0.0,0.0,0.0,0.016133851048401513,0.0005975500017926005,0.0,0.0,0.0014938750044816013,0.0,0.0005975500017926005,0.0,0.0,0.0038840750116522034,0.0,0.0053779500161338055,0.01165222603495661,0.0,0.3639079780917243,0.022706902068120722,0.0017926500053779015,0.0,0.0,0.0,0.0,0.0,0.0008963250026889008,0.008066926024200708,0.0020914250062742017,0.03167015209501043,0.0,0.0,0.0017926500053779015,0.00029877500089630027,0.4445772343337322,0.00029877500089630027,0.0,0.0,0.0,0.00029877500089630027,0.0,0.0017926500053779015
0.0005141389989717007,0.0010282779979434015,0.0010282779979434015,0.0,0.0015424159969151022,0.015424164969151622,0.0,0.0,0.0,0.0,0.0,0.0,0.0010282779979434015,0.024678662950642635,0.0,0.0,0.008740359982519211,0.0005141389989717007,0.0,0.0,0.0647814908704371,0.0066838049866323095,0.0005141389989717007,0.0,0.017480719965038524,0.0,0.0,0.0,0.0,0.00719794298560411,0.008740359982519211,0.016966580966066826,0.0010282779979434015,0.0,0.0,0.0714652958570695,0.012339331975321317,0.0632390748735219,0.0,0.0005141389989717007,0.0,0.0035989719928020054,0.03598971692802055,0.1311053977377894,0.006169665987660609,0.0,0.002056554995886803,0.0,0.010796914978406116,0.0077120819845758115,0.4149100251701805,0.0,0.0,0.010796914978406116,0.00719794298560411,0.0005141389989717007,0.0,0.043701798912596464
0.00032664803821780053,0.00032664803821780053,0.0,0.0,0.0002613180305742004,0.0019598882293069037,0.008362187978375913,0.0,0.00032664803821780053,0.0012412621452276022,0.0,0.00039197804586140064,6.530000764010098e-05,0.030900898615405153,0.0,0.0,0.0007186250840791012,0.002417195282811804,0.0014372511681583025,0.00019598902293070032,0.02417194982811814,0.0014372511681583025,0.0,6.530000764010098e-05,0.008819495031880915,0.0005226370611485008,0.0,0.0,0.0007839550917227013,0.010648724245900716,0.0014372511681583025,0.008558177001306714,0.0020905472445940034,0.0,0.5688901165601445,0.00607565271085131,0.04422813617469198,0.02965963647017745,0.0,0.0,0.0,0.0001306590152871002,0.002939831343960205,0.011302020322336319,6.530000764010098e-05,0.004703730550336408,0.00039197804586140064,0.0005226370611485008,0.008754166024237413,0.0015679101834454026,0.20147647257274753,0.000587966068792001,0.0020905472445940034,6.530000764010098e-05,0.0019598882293069037,0.0001306590152871002,0.0,0.006990266817861211
8.140000211640013e-05,0.0026050150677303027,0.0027678280719635024,0.0,8.140000211640013e-05,0.0,0.0,0.0,0.0,0.0,0.0,0.0,0.00040703401058280044,0.13725171356854463,0.0,0.0,0.00016281300423310016,0.0,0.0,0.0,0.04461087715988284,0.009361771243406009,0.0,0.0,0.004640182120644704,0.00016281300423310016,0.0,0.0,0.0,0.016851189438130916,0.0,0.0034190820888961035,0.0006512540169326007,8.140000211640013e-05,0.0,0.0,0.0013839140359817013,0.014571801378866813,0.0,0.0,0.0,8.140000211640013e-05,0.0005698470148160006,0.003093455080429803,0.0013025070338651013,0.01050146527303801,0.0,0.0,0.0,0.013594920353467915,0.7196353167105188,0.0,0.0,0.0,0.0025236080656138027,0.0,0.0,0.00960599224975571
0.0,0.003191489,0.0,0.0,0.0,0.00106383,0.0,0.002659574,0.0,0.0,0.0,0.002836879,0.00035461,0.015780142,0.00035461,0.0,0.016843972,0.000177305,0.0,0.00035461,0.254964539,0.00141844,0.0,0.000177305,0.034042553,0.001241135,0.018794326,0.0,0.0,0.029787234,0.0,0.000531915,0.0,0.0,0.001241135,0.069503546,0.0,0.284219858,0.0,0.0,0.0,0.0,0.015070922,0.002659574,0.020390071,0.0,0.000177305,0.0,0.004078014,0.008510638,0.196631206,0.0,0.0,0.000177305,0.007092199,0.0,0.0,0.005673759
0.00024310199951370066,0.00024310199951370066,0.00024310199951370066,0.0,0.0,0.008994772982010424,0.0008508569982982022,0.0,0.0,0.00012155099975680032,0.0,0.00024310199951370066,0.0,0.0396256229207488,0.0,0.0,0.0010939589978120029,0.0012155099975689032,0.0,0.0,0.031117053937765884,0.007049956985900019,0.00012155099975680032,0.0,0.016774036966451945,0.00024310199951370066,0.0,0.0,0.0,0.007049956985900019,0.000364652999270601,0.006685303986629318,0.0013370609973258035,0.00012155099975680032,0.0,0.039990275920019504,0.0004862039990275013,0.2902637654194732,0.0004862039990275013,0.0,0.0,0.0008508569982982022,0.004254284991491411,0.028078278943843477,0.0021879179956241055,0.0,0.0,0.00024310199951370066,0.005591345988817315,0.006077549987844917,0.483043636033914,0.0,0.0,0.00012155099975680032,0.0009724079980551026,0.00012155099975680032,0.0,0.013492159973015637
0.0006291590314579006,0.0018302800915140018,0.0047663532383176044,0.0,0.0,0.0,0.0,0.0,0.0,0.0,0.0,0.00019065400953270019,0.0002669160133458003,0.07643324582166228,0.0,0.0,0.0035652321782616036,0.0009151400457570009,0.0,0.0,0.005281120264056006,0.020094947004747322,9.530000476500034e-05,0.0,0.002249719112485902,0.0005910280295514006,0.0,0.0,3.810000190500013e-05,0.08058950702947539,0.0,0.0,0.000972336048616801,0.0,7.630000381500026e-05,0.02039999301999962,0.0,0.0,0.0005528970276448005,0.0,0.0,0.00017158900857940017,0.0009342050467102009,3.810000190500013e-05,0.005357381267869005,0.0,0.0,0.0,0.00024785001239250025,0.0005719620285981005,0.6459743702987192,0.0,0.0,0.11546014977300752,0.0002859810142990003,0.0,0.0,0.011420183571009112
0.0011257039988742026,0.003189492996810507,0.0,0.0001876169998123004,0.0005628519994371013,0.0001876169998123004,0.013883676986116332,0.0009380859990619021,0.0,0.00037523499962470084,0.01444652898555343,0.0009380859990619021,0.00037523499962470084,0.00412757999587241,0.0005628519994371013,0.0,0.003189492996810507,0.0011257039988742026,0.0,0.0001876169998123004,0.0878048779121953,0.007879924992120018,0.0,0.0,0.02420262697579735,0.0009380859990619021,0.0,0.0013133209986866028,0.0,0.03227016896772987,0.005816134994183813,0.0009380859990619021,0.0,0.0001876169998123004,0.00037523499962470084,0.07767354592232657,0.07016885592983126,0.20619136979380903,0.0,0.0001876169998123004,0.0,0.0001876169998123004,0.09549718590450301,0.10412757989587264,0.0009380859990619021,0.0,0.00037523499962470084,0.0,0.006378986993621014,0.01350844298649153,0.17767354582232678,0.005816134994183813,0.0,0.0001876169998123004,0.01688555298311444,0.0005628519994371013,0.0,0.016510318983489636
0.0,0.0,0.004181185,0.0,0.0,0.0,0.0,0.0,0.0,0.000174216,0.0,0.000522648,0.0,0.025261324,0.0,0.0,0.033797909,0.0,0.0,0.0,0.011672474,0.035888502,0.000696864,0.0,0.003484321,0.001219512,0.0,0.0,0.0,0.0,0.0,0.017073171,0.000174216,0.0,0.0,0.001219512,0.0,0.004878049,0.0,0.0,0.009930314,0.000696864,0.000174216,0.037456446,0.000174216,0.001567944,0.0,0.0,0.002264808,0.035714286,0.561324042,0.0,0.0,0.036062718,0.008885017,0.031358885,0.0,0.134146341
0.0009044862206946005,9.040002205760543e-05,0.0009044862206946005,0.0,0.0,0.0,0.0,0.0,0.0,0.001628075397250301,0.0,0.00027134606620840015,0.0,0.0,0.0,0.0,0.004974675213820703,0.0,0.0,0.0,9.040002205760543e-05,0.011667875846961707,0.0031657027724314017,0.00027134606620840015,0.0,9.040002205760543e-05,0.0,0.0,0.0,0.0,0.0,0.0,9.040002205760543e-05,0.0,0.0,0.0,0.0,0.0,0.0008140381986253005,0.0,0.0,0.0,0.0,0.0,0.00036179508827800024,0.0,0.0,0.0,0.0,0.0021707675296672013,0.8843164237732078,0.0,0.0,0.05282200988857043,9.040002205760543e-05,0.0,0.025958761333937715,0.009316210273155306
0.00025542799948910044,0.0010217109979565018,0.00038314199923370065,0.0001277139997445002,0.00038314199923370065,0.011749680976500618,0.001787994996424003,0.0,0.0,0.001787994996424003,0.0,0.0011494249977011019,0.0,0.01787994896424003,0.0,0.0,0.0012771389974457021,0.0034482759931034057,0.0,0.0,0.013282247973435522,0.003703703992592506,0.0,0.00025542799948910044,0.002426563995146804,0.0007662839984674013,0.0,0.0,0.0,0.0692209448615582,0.0,0.0012771389974457021,0.00025542799948910044,0.000638569998722801,0.5485312889029382,0.04942528690114948,0.0,0.009833971980332016,0.0019157089961685033,0.00025542799948910044,0.0,0.0,0.005747125988505709,0.057088122885823794,0.0020434229959131033,0.0,0.00025542799948910044,0.004597700990804508,0.033716474932567055,0.011111110977777719,0.09591315480817376,0.0,0.0,0.02196679395606644,0.0031928479936143054,0.00038314199923370065,0.0,0.020945082958109835
0.0,0.0017571261563842026,0.0,9.76000086864009e-05,0.0,0.01405701025107392,0.0010737990955681015,0.005564233495216708,0.0,0.0,0.0,0.00029285402606400046,0.00039047203475200054,0.11450606219103966,9.76000086864009e-05,0.0,0.005466615486528708,0.0004880910434401007,0.0,0.0,0.021085514876610832,0.004978524443088607,0.0005857090521281009,9.76000086864009e-05,0.0030261622693284044,0.0,0.003416634304080405,0.0,0.0,0.023916441128563233,0.0,0.0038071073388325056,0.0008785630781921013,0.0004880910434401007,0.0,0.08297540738481132,0.0016595081476962024,0.012299884094689618,9.76000086864009e-05,9.76000086864009e-05,0.0,0.000780945069504101,0.00634517856472081,0.04451386596173406,0.001366654121632202,0.0,0.00019523601737600027,0.0030261622693284044,0.008004686712417112,0.0040023433562085065,0.5977157891967061,0.00039047203475200054,0.0,0.017278408537778324,0.003514252312768405,0.000683327060816101,0.0,0.008980867799297212
0.00037294900111880044,0.0004972650014917006,0.00012431600037290016,0.0006215810018647007,0.0,0.0,0.0,0.0,0.0,0.0,0.0,0.00012431600037290016,0.0,0.02647936407943803,0.0,0.0,0.002610641007831903,0.0,0.0,0.0,0.0,0.04624564913873695,0.0,0.0,0.0019890600059671026,0.00012431600037290016,0.006837394020512109,0.0,0.0,0.0,0.0,0.0008702140026106011,0.0031079070093237037,0.0,0.00037294900111880044,0.00012431600037290016,0.07036300321108908,0.0,0.00012431600037290016,0.0004972650014917006,0.0,0.0,0.002362009007086003,0.34224266602672854,0.0006215810018647007,0.0,0.00012431600037290016,0.0,0.00037294900111880044,0.0021133760063401026,0.4782446554347346,0.0,0.0,0.0,0.00012431600037290016,0.00012431600037290016,0.0,0.012182994036548916
0.0013235289973529028,0.0013235289973529028,0.0001470589997058003,0.0,0.0011764709976470023,0.018970587962058843,0.0002941179994117006,0.0004411759991176009,0.0001470589997058003,0.0004411759991176009,0.0,0.0022058819955882046,0.0016176469967647035,0.059117646881764824,0.0007352939985294016,0.0,0.0011764709976470023,0.013823528972352929,0.09264705881470599,0.0,0.05132352889735301,0.0026470589947058054,0.0002941179994117006,0.0,0.003235293993529407,0.0,0.0,0.0010294119979411022,0.0,0.0024999999950000053,0.0049999999900000106,0.0044117649911764095,0.0002941179994117006,0.0,0.07676470584647066,0.07485294085029426,0.03911764692176478,0.02867647094264706,0.0001470589997058003,0.0001470589997058003,0.0,0.0002941179994117006,0.006029411987941113,0.13617647072764727,0.0013235289973529028,0.007499999985000016,0.0026470589947058054,0.0,0.008235293983529417,0.006029411987941113,0.3044117643911772,0.0,0.0,0.0002941179994117006,0.02382352895235295,0.0002941179994117006,0.0,0.016911764966176433
0.00018011500036020024,0.0,0.00018011500036020024,0.0,0.0010806920021613016,0.011887608023775215,0.0,0.0,0.0009005760018011012,0.0,0.0,0.0,0.0003602310007204005,0.044488473088976965,0.00018011500036020024,0.0,0.00018011500036020024,0.0,0.0,0.0,0.0722262251444525,0.006664265013328508,0.00018011500036020024,0.0,0.007925072015850111,0.0,0.0,0.0,0.0,0.019812680039625327,0.0,0.004142651008285305,0.0014409220028818019,0.0,0.0,0.11833573523667155,0.0,0.02251440904502883,0.0007204610014409009,0.00018011500036020024,0.0,0.0003602310007204005,0.08699567717399141,0.11455331422910675,0.0010806920021613016,0.0,0.00018011500036020024,0.0,0.004322767008645506,0.019812680039625327,0.41894812783789676,0.00018011500036020024,0.0,0.027197406054394836,0.0014409220028818019,0.0,0.0,0.011347262022694515
0.00011147000022290015,0.0,0.0,0.0,0.0002229410004458003,0.0018949950037899026,0.0,0.0003344110006688004,0.0,0.0,0.0,0.0005573510011147008,0.0,0.24044142248088313,0.0,0.0,0.0,0.0002229410004458003,0.0005573510011147008,0.0,0.03856872107713745,0.004458812008917606,0.0,0.0,0.009363505018727012,0.0,0.0,0.0,0.0,0.00802586101605171,0.008917623017835212,0.012150262024300515,0.006465277012930508,0.0,0.00011147000022290015,0.04614870109229746,0.0004458810008917006,0.1619663363239328,0.002898228005796404,0.0,0.0,0.0007802920015605011,0.003567049007134005,0.03332961806665924,0.00011147000022290015,0.0,0.0006688220013376008,0.0,0.003567049007134005,0.0003344110006688004,0.40229628880459317,0.0,0.0,0.0,0.0046817520093635065,0.0,0.0,0.006799688013599309
0.0,0.0005537870503946007,0.0011767961070884014,6.920000629720068e-05,0.0,0.0,6.920000629720068e-05,0.004568739415755206,0.0,0.0,0.0,0.00020767001889790028,0.0005537870503946007,0.04312612892447776,0.0,0.0,0.0013844661259864019,0.0006922330629932009,0.0,0.0,0.008999031818911813,0.011283401026789416,0.0,0.0,0.0042226223842586055,0.0,0.0,6.920000629720068e-05,0.0,0.04866399442842356,0.0005537870503946007,0.017513500593728526,0.00754534168662601,0.0,0.00013844701259860018,0.0,0.018205733656721724,0.026720201431538335,0.0012460201133878018,0.00013844701259860018,6.920000629720068e-05,0.00048456304409520066,0.0006922330629932009,0.09677420280645252,0.004499515409455906,0.0,0.00041534003779590057,0.0008999030818911012,0.009414371856707812,0.029489134683511237,0.6189257103222405,0.0013152431196871018,0.0,0.0,0.004637962422054506,0.001453690132285802,0.0,0.03322719402367464
0.0,0.0014064699226441022,0.0014734449189605023,0.00013394999263270023,0.00020092398894910033,0.0008706719521130013,0.0,0.0013394949263277021,0.0,0.0,0.008907641510079714,0.001272519930011402,0.00040184897789830064,0.040921570749313664,0.0,0.0,0.04936038828517868,0.0026789898526555045,0.0,0.0,0.009175540495345214,0.024378807659165537,0.00040184897789830064,0.0,0.0034157118121358053,0.002812939845288304,0.0,0.0,0.0,0.029736787364476644,0.0,0.0035496618047686055,0.00040184897789830064,0.002946888837921105,0.021297969828611634,0.011653606359051617,0.0008706719521130013,0.010180161440091116,0.0,6.699999631500031e-05,0.0,0.009175540495345214,0.023307211718103335,0.061415842622128694,0.01989149990596753,0.00040184897789830064,6.699999631500031e-05,0.0,0.08003482259808482,0.07394012093329341,0.41470763219108087,0.0,0.0,0.05639273689839949,0.0016073939115933025,0.00616167666110771,0.0,0.023039312732837734
0.0,0.0034980820034980075,0.0005642070005642012,0.00022568300022560048,0.00011284100011280024,0.00880162500880162,0.0030467160030467066,0.00485217800485211,0.0,0.00011284100011280024,0.002369668002369605,0.00011284100011280024,0.002369668002369605,0.07910178307910187,0.0006770480006770014,0.0,0.012525389012525326,0.0012412550012412026,0.0,0.00022568300022560048,0.07650643207650656,0.01376664401376663,0.00011284100011280024,0.0,0.015459264015459233,0.00485217800485211,0.0,0.0,0.00011284100011280024,0.0019183030019183042,0.00045136500045130096,0.0037237640037237076,0.000902731000902702,0.0,0.00451365400451361,0.10505529210505542,0.02821033602821036,0.010607086010607022,0.0,0.0,0.0,0.0,0.017264726017264736,0.038140375038140384,0.0006770480006770014,0.00880162500880162,0.0003385240003385007,0.0,0.020875649020875645,0.00485217800485211,0.4805912894805923,0.0,0.0,0.02369668202369665,0.0039494470039494085,0.002821034002821006,0.0,0.011961183011961127
0.0013815339986184018,0.0011512779988487015,0.0,0.0,0.0002302559997697003,0.006447155993552809,0.0,0.05180750594819257,0.0,0.0,0.0,0.0009210219990789012,0.0006907669993092009,0.017729679982270326,0.0011512779988487015,0.0,0.0036840889963159046,0.0004605109995394006,0.0,0.004144600995855405,0.07068846392931159,0.0018420449981579024,0.0004605109995394006,0.0011512779988487015,0.00805894499194101,0.0,0.0,0.0004605109995394006,0.0,0.024867602975132335,0.0032235779967764045,0.0002302559997697003,0.0006907669993092009,0.002302555997697403,0.0,0.2560442087439561,0.07345153092654849,0.00828920099171081,0.0011512779988487015,0.0,0.0,0.0013815339986184018,0.00782868999217131,0.004835366995164606,0.0002302559997697003,0.0,0.0,0.0013815339986184018,0.0027630669972369035,0.007598433992401511,0.40663136059336924,0.0,0.0,0.0,0.018650701981349323,0.0,0.0,0.005986644994013308
