0.0,0.581181968120672,0.08491298448290291,0.0,0.0,1.6100912053681053,0.0,0.0,0.0,0.0,0.0,0.5019825003543373,0.20008704487872897,2.3663473958622316,1.7683556757470682,0.0,0.20865634859556134,0.36373618743706987,0.0,0.0,0.8000708355313001,0.405281176852832,0.0,0.0,1.3182593256176889,0.0,0.0,0.0,0.0,0.34114068440606204,0.46261684645081497,0.32249272576504273,0.18675273515629445,0.0,0.0,0.6001495430423616,0.1343106943717413,0.5483450900951607,0.0,0.0,0.0,2.574757246148872,1.0564258317780455,4.33208131431834,0.6451343382621327,0.0,0.14338722808783877,0.0,1.5542431458437846,0.26263756631191426,1.2264445708399943,0.0,0.0,0.20105098411093794,1.0498990927984024,0.0,0.0,0.7013530199651918
0.0,0.4225836768949675,0.07717652008471103,0.21692261214500222,0.0,0.0,0.3135523560674809,0.0,0.6755852064249227,0.0,0.0,0.2281233120981737,0.0,0.9971639065681538,0.0,0.0,0.0,0.08264900046270063,0.0,0.0,0.8044374505451687,0.6906662377248739,0.0,0.0,0.14572102707797885,0.061199631660005326,0.0,0.0,0.0,0.387573520658057,0.0,2.882247093373118,0.06789496390238015,0.0,0.0,0.5210449783338109,0.0,0.025485571902522253,0.0,0.0,0.0,0.33430955158359565,0.08728847553180498,0.6752508920061655,0.36647196921996383,0.4725732478067946,0.0,0.0,0.4976323080559243,0.5370934450411199,3.0794120888578336,0.0,0.0,0.6852483541984663,0.23856034656826222,0.0,0.0,0.8453162872283407
0.0,0.26642964583410816,0.2595093277994784,0.0,0.6168741116818304,1.537727504636086,0.2838592919785186,0.0,0.0,0.0,0.0,0.0,0.0,1.097946503849191,0.0,0.0,0.9565371151927452,0.555821551161854,0.0,0.0,0.42790306041060017,0.8515457221932061,0.02076407776902286,0.0,1.1705406195502215,0.4115727233162327,0.04410450235569953,0.9679919113017481,0.0,1.503731619399721,0.0,1.2867498949552993,0.057075027347151586,0.0,0.0024357148930407306,1.04027263423255,0.0,0.5617876696241041,0.8757232600408388,0.0,0.0,3.5129112586319757,1.5572419362613876,1.460408889788872,0.3696836842177528,0.0,0.0,0.11194482476980945,0.6747225310818735,0.4765838609704708,1.9933490316548566,0.0,0.0,0.19969558086931105,1.3369501923895581,0.0,0.0,1.700789607919601
0.048410601804837854,0.1541757211427475,0.15017127588062518,0.6331368570155576,0.0,0.0,0.0,0.0,0.0,0.0,0.0,0.22194320445125382,0.0,1.2174422362357722,0.0,0.0,0.23063450668947907,0.0,0.0,0.0,0.5615581708444859,0.8735416183215469,0.03604685192461768,0.0,0.25204128640838713,0.11908305995873458,0.0,0.0,0.0,0.35967019504643877,0.0,0.06337092993623665,0.16513899619385614,0.2589336925940334,0.0014094853315563603,0.6693048342793526,0.0,0.0,3.0405459883924424,0.49730013211651414,0.0,1.219697281708377,0.08964168032429198,0.8851960612685676,0.2495805876615692,0.0,0.25358480941477834,0.0,0.078088791445562,0.37739205570762036,3.238930400154418,0.0,0.0,0.675573100574712,0.07736570885008286,0.03278058889469052,0.0,0.6741109723886816
0.0,0.05053763471398806,0.07383731017616844,0.0,1.4041375247616903,1.2250694192601252,0.02307591125457154,0.019430409080644383,0.19390668888671328,0.03304662025074251,0.0,0.6547596953329757,0.0,0.3965736280351929,0.7688513932589619,2.0330185305810717,0.20412042008001988,0.0,0.0,0.0,1.408820388009791,0.726862904168886,0.0,0.5979335742637761,1.3012195196704606,0.11710339311977558,0.0,0.0,0.0,0.35939570681657684,0.9051201102623954,0.810126605571247,0.09743619659030472,0.0,0.004158154733991123,1.6707602615073698,0.0,0.6258286406932795,0.0,0.0,0.0,0.879575460848374,0.14846563362049617,1.1070571126852342,0.28049319110972987,0.17047423241288878,0.6234227447813399,0.0,0.5068184228361923,0.256928021028353,2.3928761159045537,0.0,0.0,0.03496539039419698,1.3694335399601298,0.0,0.0,0.9810987272779322
0.0,0.24130488132876401,0.5875932945802416,0.0,0.0,0.111417424401952,0.0,0.010308401115246281,0.0,0.052596517579106127,0.0,0.0,0.13845916100944794,3.900226209669184,0.0,0.0,1.0468208869869167,0.0,0.0,0.0,0.0,3.4004847792709048,0.11283594150199955,0.0,0.07396445076971023,0.09319024271821152,0.19972686736284698,0.0,0.0,0.11803374267826941,0.0,0.9422446300367865,0.4135420488279452,1.2157919691218981,0.0,0.46488831903109556,0.0,0.0,3.569134865069428,0.0,0.0,1.2726556669155915,0.0,0.14482013658856738,0.8370550972936529,0.0,0.0,0.0,0.3422133795534391,0.7951289282992566,2.739240267997975,0.0,0.0,0.2921650051587585,0.06054370107976792,0.05130576908446403,0.0,1.0972734023998345
0.030361049884093067,1.9016194418670667,0.0706358114866446,0.13235894994870143,0.671627101006356,0.6920087134198013,1.986777932060249,0.18174847107349404,0.0,0.021075789069513625,0.0,0.13919324384656973,0.0,0.5607161736323433,0.0,0.0,0.13017982992805133,0.5547263278884207,0.0,0.0,1.7720204230216061,1.713782249515242,0.03014276244912476,0.0,1.205281140105372,0.14936790413265735,0.0,0.3513032285807433,0.0,0.36746075054857996,0.0,0.6756405588212949,0.21749320243157919,0.8119604450712351,0.8035273233698037,1.1400575567663795,1.3903906578526437,0.2626299662946697,0.0,0.0,0.0,0.5099619447943347,0.5769894037127199,2.388918686838793,0.5366618802689247,0.23635136198971154,0.039759420676270606,0.0,0.1175376622343945,0.33682007171044154,1.329225922446008,0.0,0.0,0.0,0.8976302025872722,0.2672615036427251,0.0,1.6572739748938512
0.032254971905345396,0.0684830489708826,0.10005627025955414,0.0,0.0,0.8300398250892761,0.07817479365009816,0.08337821542418085,1.4013928691550421,0.29107707606869254,0.0,0.7393826338764536,0.058942483591161735,0.8922752813908871,0.0,0.0,0.0,0.7500584112282725,0.0,0.0,1.4907312744562393,0.9551174018308018,0.0,0.0,0.6612262244639957,0.2380287584419538,0.0,0.0,0.0,1.855289962958899,1.3855125872354737,0.7600116950178474,0.0,0.1725221060799383,0.0009391106095649395,0.6491277593190818,0.0065943015816958455,0.42035591035697717,0.5064650045517931,0.3313406814194931,0.0,0.3250647701777236,0.5564004542619477,1.4179616326187612,0.4988727926203895,0.0,0.0,0.04316128005276277,1.1966703186340715,0.5802677869099795,2.214370170306737,0.037824090355511236,0.0,0.14214376679675314,0.36083180558714656,0.0,0.0,1.6079488956682289
0.052842633970683145,0.028048483272725862,0.020489971777749822,0.0,0.0,2.564261609551782,0.12807196238065896,0.039541140443615924,0.0,0.1650687432703318,0.0,0.0,0.0,0.7080568264824995,0.0,0.0,0.08811248121841987,0.13165769516208525,0.0,0.0,0.47058814962723705,0.36673771903974406,0.0,0.0,0.13755835769316888,0.16248217001463078,0.06964689407981534,0.0,0.0,0.8960134523110724,0.0,0.40639011046557777,0.09914197682813114,0.0,0.0,1.6405685494089979,0.09182822040901592,0.0,1.5211720289987252,0.0,0.0,0.17751553022532676,0.05149934797217627,0.1212007744206624,0.05837807820626658,0.0,0.0,0.0,0.008523804467300366,0.02376602124041738,3.271342495586643,0.0,0.0,0.0,0.44335691788491066,0.5367261068513973,0.0,1.7365558793475426
0.0,0.03675751034202018,0.08055609167837777,0.0,0.0,1.451103614627076,0.016783789969432042,0.0,0.0,0.024035780315204733,0.0,0.3174834809886047,0.12654690445181208,1.2816511707106577,0.0,0.0,0.31342124873365923,0.287560956698614,0.0,0.0,1.0215134902339786,1.249580229577143,0.0429701516261423,0.43489444603999,1.250619624004119,0.25551829148433597,0.0,0.0,0.0,1.053894206143807,0.0,0.15863846957209743,0.16535912408395484,2.0371882950953926,0.8841176763921302,1.1047204930349355,0.014157673741294922,1.8759072456437835,0.0,0.35568803894718337,0.0,2.3263302719503565,0.641151320651195,0.44782069119356516,0.22951227017619036,1.083572329240608,0.2267168893908031,0.0,1.32927969084028,0.5294684858105576,1.0286759020589085,0.0,0.0,2.7720164319948344,0.4980144321902479,0.0,0.0,0.9257275606492079
0.0,0.7612272569381897,0.0926818411983844,0.0,0.44062460210220755,0.48328576046759736,0.11586093363937806,2.4633274828548837,0.16226317787947447,0.0,0.0,4.657238512496842,0.8735744320860518,0.46960928908728555,2.895220849195176,0.0,1.1102663205541112,1.1910465026436674,0.0,0.0,0.5730844587192602,0.912370419372684,0.014831492085234276,0.0,2.0027522063700567,1.6168931407982736,0.0,1.3828450378930621,0.1580739036149771,2.1911517986653952,0.042078626623096124,0.21511015878998063,0.061151771658188143,2.876529299768965,0.08003059713607685,0.8457103684773162,0.024433174193582617,1.584703711144619,0.0,0.0,0.022045093928351814,0.501844574218359,1.8810364417607721,1.4543175031511255,0.08801984674007003,0.0,0.15650600888005994,0.0,0.30844459479822767,0.8958343132169335,1.2247017508120301,0.0,0.0,0.0,1.575691169038345,0.32370128320827013,0.0,1.5809688013237975
0.0,2.548484044683867,0.12411445242505728,0.46513715109871456,0.7867462343465974,0.0,0.025859043947811956,5.211230745494601,0.0,0.0,0.0,0.2445766356511024,0.0,0.3102449572670068,1.7231651977544213,0.0,1.9569945831349163,3.0127474679382544,0.0,0.0,0.32646789103389656,2.246130559040651,0.05296399925073984,0.0,1.7011883969407713,0.26245509435039704,1.7437439706348725,0.0,0.2822449037666369,4.180855183960955,0.0,0.8903787199118547,0.018197987232991875,0.0,0.006212903034031355,0.3316847297114014,0.01090650827409868,0.3643172589932955,1.3960945913581717,1.0960303844521915,0.0,1.6129020488297567,3.6341947602603577,0.3160931958253402,0.9429715735411046,0.0,0.0,0.0,3.0978901031761845,3.726918944969302,0.5889841679429504,0.0,0.0,0.31346091094331474,1.4493472673069165,0.0,0.0,1.827431665157625
0.0,0.0,0.032588177550803905,0.0,0.0,1.2513002391051005,0.0203691095226072,0.0,0.0,0.0,0.07566393162158856,0.0,0.19197532379024845,0.7446949008511569,2.3753300506111334,0.0,0.2902857131682835,0.6630804289769251,0.055931410269705426,2.2809072121830085,1.0324683876756051,0.6902093206129466,0.0,0.0,0.6494994023818406,0.6460465192127504,0.08861550566110782,0.0,0.0,0.7100113842592727,0.6657924004933257,1.7052383803972087,0.3440283820718799,0.33714233229760476,0.6729085921907378,0.4847187537260219,0.0,0.28457993902409157,0.21993973223479665,0.0,0.0,2.858573241766567,0.27029237205100126,1.5327330429920818,0.21664270471219596,0.3271257755758818,0.22011844129144675,0.2530367457954392,0.6710540591843938,0.5921758897543313,2.0577877479094546,0.12319284072650942,0.03844976797945053,0.0,0.5204559543410494,0.22763520655898567,0.0,2.235260928022525
0.0,0.15605278127089148,0.3704988835536516,0.0,0.0,1.1348520228220969,0.0,0.0,0.24948185315370908,0.0,0.0,0.16848398749820906,0.0,0.5314141315532226,0.0,0.0,0.4727210504971821,0.0,0.0,0.0,0.37594641286314495,0.5101021071590973,0.045607158237247855,0.0,0.44245625185250403,0.36159889887202085,0.0,0.0,0.19443250234147008,0.09688406583688632,0.0,0.012026724708045115,0.47637628374587304,2.948465674033833,0.0,1.1063740175428425,0.0,0.0,0.0,0.377515993109755,0.0,0.0,0.0035815729454313308,0.10067994026260622,0.02706637631504203,2.1227659191916977,0.0,0.0,0.11855933397848524,0.34158436627028904,3.392708965866732,0.0,0.0,0.5938248008984854,0.029365425326756518,0.07465414163386164,0.0,0.15352161994113242
0.12710853623386403,0.26987335921953814,0.014082989823421427,0.15832242659726556,0.0,0.0,0.0,0.059291118861156664,0.0,0.0756301763541422,0.0,2.4974661354810084,0.033184840151189963,0.0,0.0,0.0,0.11246176740416859,0.18096615663888574,0.0,0.0,0.786152009032369,1.2182155837932707,0.0,0.22807165940064947,2.056212986791825,0.022335129620230928,0.0,0.0,0.04803851512869598,5.041687577158045,0.0,5.039215889554688,0.006194663595252067,0.0,0.0005287228084731074,0.27927512026992574,0.003712616614786297,0.17567499314057697,0.0,2.238391993923942,0.006699483937399985,0.33549847780155,2.9819025475143293,2.247851032326421,1.5780903426638224,0.12156734597210114,0.023781061121179028,0.09719297807415911,3.4914214501133385,0.09255615811080196,0.967031678393095,0.0,0.0,0.35342868608651057,0.5948943540234756,0.34427965585913967,0.0,2.225108716518003
0.059216834870165574,0.3771828236124328,0.5970023928384464,0.0,0.0,0.740163861801638,0.028704108235575024,0.004028266642982499,0.0,0.06166007574139237,0.7730356946424961,1.357429305607019,0.05410639472350185,0.27224515632335455,0.0,0.0,0.15516463065532288,0.49179618810249637,0.0,0.0,0.05679187604210887,1.5206101267909875,0.0,0.0,0.37574412404166524,0.8375756443826764,0.6399944454044976,0.0,0.07832464612281512,0.6705797832568177,0.0,0.36820484898579603,0.06060057591890945,0.0,0.0,0.6491543259700158,1.7070137125627618,0.011795000044179443,0.0,3.0415428788920735,0.0,0.3481247658700479,0.20487579869873299,2.906940385313918,0.2180663750436006,2.0974837474729378,0.038773954435338646,0.0,0.14328014663198277,0.02663278215266851,2.375022302806303,0.0,0.0,0.0,0.11829450213800387,0.0,0.0,1.20389930395433
0.039716519701581424,0.46378818249845444,0.0,0.1731441061289656,0.0,0.6424333111779972,0.05775533697115519,0.5619618590177694,0.0,0.0,0.0,0.5462539928316296,0.07257765772291863,0.09988047752478324,1.2828763995805876,0.0,1.5515665047967522,1.3853538565330845,0.0,0.2874388272216294,0.9105358081366061,0.5696563636482399,0.0,0.0,2.119472742742954,0.0,0.0,0.22977699474189156,0.10506372465990993,0.38550501496752365,0.055935224881482296,1.2217718321111468,0.08128922994673651,0.42486453951923864,0.0,0.6530788123961371,1.78635161365549,0.9764272503741891,0.0,0.4079897741083397,0.0,0.6003928226063157,3.4333042497592428,2.8593564631685813,1.6088207573092057,0.0,0.0,0.0,0.33313824188602514,0.33343387277834363,1.174360214773212,0.0,0.0,0.0,1.523324485611874,1.2102104291416176,0.0,1.6702083020305858
0.08178911682031814,2.639516121552711,0.02537121248782134,0.0,0.12056430747314167,0.06013519247551588,0.007925514266862442,0.0,0.0,0.0,0.014720220559668528,2.0248413470836146,0.0,0.033423934807527866,0.0,0.0,5.798065742673656,0.054340500202498705,0.0,0.0,5.2367880896743095,2.444597978865484,0.0,0.13697039131822158,5.008725944243256,0.24142796144168358,0.0,0.0,0.0,4.234015481875622,0.138226096409913,0.15524365744500376,0.0,0.2624796528128087,0.4353034165696117,0.03211696190920783,0.0,0.10519334150652118,0.0,0.8401824617758118,0.0,0.10990230104154627,1.9034727516100274,2.237564509986749,1.4938959501054048,0.005093610959037881,0.0,0.0,0.4221772385982465,0.0490461650350349,0.07092608878866574,0.0,0.0,1.120349515209335,1.398584259440698,0.011071458936512311,0.0,1.7675799743040068
0.42122888305368417,1.3008594752229077,0.0,0.0,4.800257376488268,0.1126207324541173,6.886495097582435,0.0,0.0,0.0,0.0,0.5266814298486323,0.0,0.03310371034816496,0.0,0.0,1.1311014793798293,3.561909009403251,0.0,0.0,0.8149530164825518,0.7441386469906434,0.0,0.16032339792331915,4.136903594825304,0.8006724072208242,0.0,0.22154395078857594,0.0,0.8902256157153632,0.2966204770990836,0.4887425617817709,0.0,0.0,0.0,0.18483103546645008,4.055340894539973,1.4383130275380567,0.0,4.32709306193659,0.0,0.3216003680385546,7.169178148655571,0.24641353605306826,1.7203948695307105,0.005962055074772729,0.2507372256503101,0.5636581498550164,0.6794651146879825,0.9300151732597747,0.23445081954268493,0.0,0.0,1.8844263736649731,4.957006891798778,0.02592989785267404,0.0,1.8236568881178379
0.0,0.3027608105818686,0.0,0.0,0.0,0.0,0.27648629129118557,0.015520508187450108,0.0,0.11878542637889476,0.0,0.2615030663444384,0.0,0.5827424346787018,0.0,0.0,0.21739480879889672,0.5684541042412252,0.0,0.0,0.5418252994067607,0.5278175900957212,0.0,0.23880740408242498,0.3526470368848619,0.0,0.0,0.0,0.0,2.289773161570305,0.4819910112896196,0.802663115794395,0.05837217326430408,0.0,0.0,1.7311953355944707,0.6413714035358061,0.1850263680713757,0.8956258497392761,0.0,0.0,0.09580681403588817,0.21123937770385484,1.504502196023035,0.2100475368444917,0.0,0.0,0.0,0.5336441894482378,0.4104550089412873,2.398751375079011,0.0,0.0,0.0,0.45577843051331435,0.0,0.0,1.7791572565323492
0.0,0.062318581021142266,0.0,0.0,0.0,0.0,0.0,0.0,0.0,0.0,0.0,0.0,0.0,0.2998711435563368,0.0,0.0,0.02796707459708282,0.0,0.0,0.0,0.01608551870148358,0.027160750420064588,0.0,0.0,0.8786834788167204,0.0,0.0309484704096604,0.0,0.0,0.0633108613763204,0.0,0.0,0.06007498216638237,0.0,0.0,0.21610892380851804,0.04800591638150151,6.915397341901083,0.0,0.0,0.0,0.09860152209184075,0.01144219040842733,0.026180542097874442,0.1297050079035434,0.0,0.0,0.0,0.018938328826513015,0.07040478361146686,1.7864399971127458,0.0,0.0,0.0,0.6567042445253555,0.0,0.0,0.13078995214575848
0.03439571347601787,0.0,0.2133938570836957,0.14994805962910188,0.0,0.0,0.0,0.0,0.0,0.0,0.0,0.0,0.0,0.9433853349045647,0.5555034191814896,0.0,0.147479676765009,0.17139408318037655,0.0,0.12446503137740685,0.7162937967290879,0.3978544773938177,0.0,0.0,0.470074040588438,0.0,0.0,0.19899386285369494,4.185473732906852,0.3379806943760107,0.0726623607986511,0.438995335472,0.1759973358252675,0.0,0.0,0.838530422207656,0.0,0.15855289886992424,3.2404709163802456,0.0,0.0,0.0,0.5564546579543797,0.06355078488351294,0.3546549436341586,0.0,0.0,0.04602586622333927,0.09986810040171042,0.1650078962820093,3.424627076298302,0.1210036140523036,0.0,0.037894433663460375,0.16490565421341252,0.0698719376657187,0.0,0.2873743320613622
0.016417412810116095,0.7491739826371226,0.3181897943221039,0.6439289957725012,0.0,0.699874864644798,0.111374556869331,0.0,0.0,0.011396507392665008,0.0,0.15048433584128232,0.14995505350374141,0.2773040719112442,0.2651472532032887,0.0,0.24238478850392944,0.054520425063892056,0.0,0.0,0.36426438696437674,1.6781495091943965,0.0,0.7558300968485375,1.7730018400921514,0.16148407055114708,0.0,0.09498173065741465,0.04342964972939044,0.9597364003045896,0.17335388706277735,0.6659951334597058,0.20154477033301976,1.1411708856194045,0.001433508518969452,0.44306821233596916,0.0,0.06537945616953138,0.08592810522949029,0.8429609100773714,0.0,0.6340275164005508,0.6621801207881289,2.2094108073360883,1.4625728065498889,0.4854944767369136,0.17193822543994305,0.24157359202748027,0.09000929218966652,0.09349584125875927,2.467229416171011,0.03849122647632952,0.0,0.9100915778465106,0.6294765921985946,0.04445250000333973,0.0,2.468167118537794
0.0,0.5541535860368326,0.08096403094617766,0.0,0.0,0.0,0.2783342792706466,0.014203867106698022,0.0,0.0,0.0,0.2393181678040716,0.09539070574752702,0.4881807494334718,3.372233458214569,0.0,0.472512372580742,0.3468203139395291,0.0,0.37778808257113833,1.0632397371727298,1.3283635857640381,0.0,0.0,1.7835131448415635,1.7334822506037229,0.0,0.3020018884689547,0.0,1.426208087820821,0.03675845805041584,2.7503700943315414,0.10684058029917065,0.2792044795764717,0.0030396620578375627,0.8412765576132903,0.0,0.7991189785085963,0.0,2.1449309320348786,0.0,1.4905449511628197,0.5087350881365539,1.2272110270103753,0.15378290942855877,0.0975276862735746,0.13671887807132616,0.41910623948189163,4.210117209081247,0.40693781154690273,1.9521557434101995,0.061213346527723624,0.0,0.009585024040316357,2.0021445142026564,0.07069382707710557,0.0,1.7881412536086185
0.0,0.0,0.19785545132818802,0.0,0.0,0.7503337646705116,0.0,0.0,0.0,0.0,0.0,0.0,0.0,0.0,0.0,0.0,0.0303868397419329,0.0,0.0,0.0,0.05825758290936502,0.029510750844538726,0.0,0.0,0.06226360104967177,0.0,0.0,0.0,0.168726282754874,0.0458591000501625,0.0,0.0626199178409492,0.06527278529803628,0.0,0.0,1.0853305931435908,0.7432728740032969,0.07259643392979553,0.0,0.0,0.0,0.0,0.0435126894096936,0.05282777539274481,0.0,0.06951376879438753,0.0,0.0,0.0,0.05737225579066761,4.002365315272016,0.0,0.0,0.0,0.05096595473733389,0.0,0.0,0.2131591867861002
0.050009234000300704,1.4599490863998121,0.03878261609222483,1.63511334942015,0.0,0.6066906119501926,0.9332751982864332,0.1666930699314995,0.0,0.08678744063680477,0.0,2.1780862645851644,0.18277296679218594,0.5502203793605893,1.211499470869634,0.0,1.7392313749336115,2.3673597980906527,0.13312587186908237,2.0810906061846652,1.4936506754368308,1.492412716278327,0.5275277287309945,0.0,3.1569208394368267,0.6765863344553462,0.0,0.5786494679933184,0.13229146035299236,0.8389788922939598,0.7923472917856629,1.3665536350662144,0.0,0.1337415494096332,0.941323099599483,0.5318520889745901,0.0,0.3173284306049264,0.13087261610253237,1.284304239784663,0.0,0.29399432887275606,2.3930299762226763,1.7061896557530083,1.9152536035520062,0.4905260848249002,0.06548976994888941,0.06691875473478298,4.743254829989417,0.8621791252791955,0.5606602080452822,0.0,0.0,0.004591315899462088,1.8181952812355366,0.49101460202822117,0.0,2.2910657662161675
0.04171430048067468,1.417065300616507,0.9489280432739212,1.2123561889426933,1.7430217398712495,0.6849702350625732,0.047180291382548985,0.0,0.0,0.0,0.0,0.1912433470140875,0.48277978247273196,0.6042926992792581,0.0,0.0,1.6494814450326956,0.13857480264054325,0.0,0.2012642930766673,0.15748405002266355,3.905094137308398,0.01035359658937939,0.0,1.6152649027973656,0.0,0.0,4.907145163842316,0.036811798231619376,2.9192458932109355,0.029374328798947347,0.7917772644060125,0.01897288882121837,1.8593099883682143,0.000809680695985753,0.8747570014149124,0.0,0.26271555220573184,0.0,2.2853977012519504,0.0,1.564802374493885,0.886253505178154,3.6853160243950343,0.9216776872793002,0.0,0.10925422061220955,0.018621003129264603,0.14803236155237479,1.113152040091782,1.1164778805597273,0.0,0.02545611338625342,1.779571190693417,1.144405585886333,0.0,0.0,2.4125331313769705
0.0,0.5048736463888072,0.04917596681278514,0.13822101255609545,0.23379096010544917,0.39629497970802335,0.07684315562029777,0.04744937451527599,0.0,0.0,0.0,0.0,0.057938774606277534,0.30149516807237003,1.0241142806757364,0.0,1.2235053448416535,1.2112495316315686,0.0,0.0,0.8398188581235376,1.9363752063973851,0.0,0.0,1.826087440027853,0.03899581962645522,0.0,0.0,0.0,3.521997750799381,0.0,3.1957829437847565,0.02163095870948199,0.33916739166503024,0.0,0.6225082220254918,1.652908329381684,1.1078700630768943,2.323244952600868,0.3256984078209597,0.011696904009750837,0.6923101537974077,0.695241196233909,1.8462918948299314,0.23351198333959267,0.0,0.08304036906445753,0.0,2.1889166867293,0.31371111809424534,1.3390864974677743,0.0,0.0,0.0,1.0387219606204259,0.0,0.0,2.1633365076787046
0.0,0.0,0.0,0.0,0.0,0.5304563552186198,0.0,0.0,0.0,0.0,0.0,0.0,0.0,0.7370863591011106,0.0,0.0,0.2749734917194398,0.23967123191887524,0.0,0.0,0.1054356992536482,0.13352289037425846,0.0,0.0,0.5164770317811452,0.0,0.0,0.0,0.0,0.3285284529481793,0.0,0.1888845917744099,0.0,0.0,0.0,0.4013495707508955,2.0944836405673963,0.0,0.0,0.0,0.0,0.0,0.09843761510999509,0.28498756369527567,0.0,0.0,0.0,0.0,0.09310127167569412,0.25958361698096455,3.6843429420579623,0.0,0.0,0.0,0.0,0.0,0.0,0.24111225795546457
0.0,0.09219361744000672,0.20204795609902845,0.0,0.0,0.0,0.3367715140971601,0.011815369630368127,0.0,0.0,0.0,0.0,0.31740097258091615,0.7371040038146726,0.0,0.0,0.24824593723529392,0.1442498079478312,0.0,0.0,0.8646177682055785,0.8438104341974957,0.0,0.0,0.2543318739444305,0.0,0.0,0.0,0.0,0.6035974022844409,0.7950103638113238,0.0568416398021217,0.02962481832763851,0.0,0.0,1.4777712822394167,0.0,0.1235578919993939,0.0,0.8921215470133657,0.0,0.0,0.21159383971844165,0.19365657451552,0.12792320857058784,0.0,0.0,0.0,0.22413800308349233,0.5728602865990058,3.0472940184919786,0.0,0.0,2.136831040326296,0.13878915245669682,0.0,0.0,0.45953819841421173
0.0,0.08907664468837251,0.06507225071582358,0.0,0.6187270477170169,2.159288258209388,0.0,0.0,0.0,0.0,0.0,0.7693799668983813,0.0,0.47478875287893035,0.0,0.0,0.11992644905784468,0.0,0.0,0.0,0.4675094553580965,0.34940658205982,0.0,0.0,0.19112579930992454,0.4128098101653416,0.0,0.0,0.0,0.7440703715485913,0.059086996727558565,0.24713944167818802,0.0,0.0,0.0,0.995347656888556,0.10292780293155528,0.3820176148860911,1.3175317406639087,0.0,0.0,0.7046936850483627,0.4088800635566921,0.37421841504312003,0.5561920882978714,0.0,0.0,0.0,0.24363011488476904,0.40253985580617213,3.109335165257544,0.0,0.0,1.5715509805122758,0.2681936758660461,0.0,0.0,0.864634725843932
0.0,0.07142241677120621,0.0,0.0,0.0,0.5441332078252725,0.0,0.0,0.0,0.0,0.0,0.0,0.0,0.6979299273559707,1.0865808215053838,0.0,0.2564211438786814,0.4470010674181366,0.0,0.0,0.8111561586875995,0.43579924867059355,0.0,0.0,0.3064920385558504,0.0827485003756935,0.0,0.0,0.0,0.6046631597444748,0.09475292026991795,0.08807027666718231,0.13770204549966705,0.0,0.0,1.5521220659260235,1.3617164724393858,0.038288058320683126,0.0,0.0,0.0,0.0,0.16392148539319784,0.23575438090600276,0.19820385918114924,0.2094984316647037,0.0,0.0,0.17363946750982712,0.16137972426750055,3.204819308112476,0.0,0.0,0.0,0.32255937230793863,0.0,0.0,0.468425892855903
0.0,0.4702941041949495,0.0,0.0,0.0,0.456011543470659,0.1717922110659795,0.0,0.0,0.0,0.0,0.8124113385315989,0.0,0.6197166077650141,0.0,0.0,0.21105663959399487,1.0301772566259488,0.0,0.0,0.7607178923204067,0.9018751477737951,0.0,0.0,0.201815491239353,0.21794911803292102,0.0,0.0,0.0,2.548171953215061,0.0,0.31895352281326933,0.5440350430228532,0.0,0.002579673181887971,1.043769232296909,0.0,0.30253794430072745,0.0,0.0,0.0,1.7858576525178287,0.2763192409061508,0.5080480982204646,1.6966443363052714,0.0,0.0,0.11856111038895578,0.6002648620489291,1.9127430467081203,2.5824841428321195,0.0,0.0,1.0737605317946102,0.14159686537875635,0.0,0.0,0.7155898290848192
0.0,0.0567684967889977,0.04147050968003381,0.0,0.0,0.314540158630522,0.025920975553605723,0.0,0.0,0.037120988471434184,0.0,0.0,0.0,5.227955470176055,0.0,0.0,0.20381085915003838,0.0,0.0,0.0,0.019537279900590322,0.19793474855788246,0.0,0.0,0.12180437344462819,0.0,0.0,0.0,0.0,0.1345690482217852,0.0,0.0,0.0,0.0,0.0,1.2774185745542677,0.0,0.0030432419642678252,0.0,0.0,0.0,0.08982008413127937,0.010423172277280865,0.0,0.03938449926189853,2.4311248920454043,0.0,0.14311363912753303,0.10351024735740269,0.06413461026427099,2.345475273931291,0.1254166514720719,0.0,0.40258327219360107,0.042729863748485405,0.0,0.0,0.6403877085071608
0.0,0.7280389132829286,0.4786621428724085,0.2989759126303452,0.0,0.0,0.0,0.02799125071101497,0.0,0.0,0.061742669973671845,0.31441339725900913,0.0,0.18324710424207755,0.0,0.0,1.0455241188732542,0.4556474790153139,0.0,0.0,0.2568234694950995,0.6028821180126342,0.11915272713217546,0.0,0.5802095463834214,0.0,0.0,0.0,0.0,0.2958523796476295,0.0,0.0,0.0,0.0,0.04792156507720308,0.0,0.08412460927588006,0.0,0.0,0.0,0.025300730233368426,1.4974902663085818,0.06683688663980984,0.0,0.40407549489147515,0.0,0.0,0.36707711704338397,0.6637429854302251,0.7196929655120845,3.7266138344655046,0.0,0.0,1.9644600302248394,0.2739988314628418,0.0,0.0,0.6493818425603909
0.0,0.06625386213834389,0.0,0.0,0.0,0.0,0.15126015126200862,0.0,0.0,0.0,0.0,0.0,0.0,0.0,0.0,0.0,0.029733133752504387,0.0,0.0,0.0,0.5529408354520451,0.20213103716572114,0.0,0.0,0.4873925120365745,0.0,0.0,0.0,0.0,0.11218115676042423,0.5273755533255915,1.8381813771487288,0.04257898044359038,0.0,1.4427674194906104,0.0,0.051037338588768195,0.8737251948201397,0.0,0.0,0.0,0.0,0.006082369764031011,0.33798108661441206,0.09193023111792425,0.05830132958799433,0.0,0.0835129697843616,0.28187903574666723,0.2806897549250955,2.6095850992289518,0.2195577848483928,0.0,0.0,0.24934731490466003,0.0,0.0,1.1471526821807754
0.08952561709384939,0.0,0.0,0.0,0.0,0.0,0.0,0.0,0.0,0.24858437709922906,0.0,0.0,0.08179920652274746,0.3201229586636805,0.0,0.0,0.810372832462115,0.3717544761607538,0.0,0.0,0.008177084820137221,0.16568603377059898,0.03333067693915247,1.3118598203000291,0.0,0.0,0.0,0.0,0.35523804237787204,0.15019234151986197,0.0,0.3222773046162128,0.015269579858102733,0.0,0.0,0.0,0.009151440592423586,0.0,0.23428681289031392,0.0,3.2532430316753906,0.07518623034503558,0.008724968392462349,0.019963320583671187,0.13187110068361316,0.0,0.0,0.1197967321944459,0.04332283584082606,0.0805281566142163,3.7999775624136136,4.30430048003772,0.0,0.0,0.10730424266569531,0.0,0.0,2.9046537678448883
0.0,0.0,0.0626483479232767,0.0,0.0,0.0,0.0,0.0,0.0,0.2243104327783629,0.0,0.7407190089425121,0.0,0.36822123854267064,0.0,0.0,0.1539454368119005,0.0,0.0,0.0,0.1033002827696579,0.4111441371167921,0.0,0.0,0.07885975585063114,0.19871590541933415,0.0,0.0,0.0,0.029041328012867563,0.0,2.3528943173971224,0.16534205620993203,0.0,0.0,0.19165392245042973,0.033031192772388064,0.0,0.0,0.8298523290597652,0.0,0.5427544570689562,1.2675488965953017,0.5404174133825763,0.1189939752580709,1.3457907345126752,0.0,0.0,0.6254787833011366,0.5813171108613108,3.364858903549301,0.0,0.0,0.0,0.0,0.0,0.22287753402911564,0.6299439047391425
0.01719919612682033,0.14602250222645025,8.293772604935214,0.44974093870458154,0.0,0.0,0.0,0.0,0.0,0.0,0.0,0.15765471020175892,3.770403599379174,2.7822087861670357,0.0,0.0,0.31946537959537713,0.0,0.0,0.18665469958736972,0.0,0.3022995965242701,0.01707027192379331,0.0,0.08951724571608671,0.4017990941844365,0.0,0.0,0.0,0.2863930846310348,0.0,0.5908187456621725,0.1173044516362652,0.0,0.0005007583824932253,0.0,0.6116404849169095,0.018591415308473743,0.0,0.7065001496871399,0.0,2.830231073454147,1.355626038981515,0.0,0.16462323795954859,0.0,0.0,0.0,0.2718003007811794,0.26807586085699603,2.9119863812561855,0.0,0.0,0.0,0.02747796801693337,0.081498476643431,0.0,0.5985582264697321
0.0,0.0,0.6923362690896916,0.0,0.0,0.0,0.0,0.0,0.0,0.0,0.0,0.27286074267099575,0.0,0.0,0.0,0.0,0.567091675147475,0.0,0.0,0.0,0.01630840833953304,0.16522252336949925,0.0,0.0,0.21303133065491947,0.0,1.0040732643347405,0.0,0.0,0.30667631720749644,0.0,0.5648420305508047,0.0,0.0,0.0017328451902964784,0.0,2.044185483469408,0.10161179788507793,0.0,0.0,0.0,0.0,0.13340843261757113,0.18201108208035674,0.0,0.8988393175230811,0.0,0.0,0.11520441919772138,0.5710424454731741,3.715572295937225,0.0,0.0,0.0,0.0475574675225064,0.0,0.0,1.2762952664750677
0.0,1.642656303524774,0.0,0.0,0.6711708679531018,1.3384620280672084,0.30884447318337704,0.0,0.0,0.0,0.0,5.007552859687442,0.0,0.46495913043778325,0.0,0.0,0.6504568905697686,0.15118622862734213,0.0,0.0,0.24109714424392828,0.7159305804932538,0.02259171496188314,1.143237740903111,0.7404483016825993,0.22389965885275248,0.0,0.0,0.0,1.876049222586736,2.2433339362577,0.6255359558604878,0.03104936235579349,0.0,1.8603732121575047,0.8861092199839155,0.762954901835702,0.2797181554934436,0.0,0.0,0.0,2.293269510283173,1.374963348738784,1.0380389219712876,3.016673068191029,0.0,0.0,5.846309016248932,1.0277558482744804,1.2281033980033802,0.8605780040990714,0.3202108215065346,0.0,0.0,1.4546278621838484,0.0,0.0,1.9772384118472388
0.0,0.0,0.08874102895405343,0.0,0.0,0.5889370941795914,0.11093444762881853,0.0,0.0,0.0,0.0,0.0,0.0,0.530576701721572,1.848076630189957,0.033018530581071605,0.0,0.19006706534669743,0.0,0.0,1.0033675339508563,0.26471996374848816,0.0,0.0,0.6702270675649121,0.0,0.0,0.0,0.0,0.21939690182231392,4.915304784903979,0.5242709160725723,0.0780687664138899,0.0,0.0,1.4229138949719147,0.0,0.23443591347291323,0.0,0.0,0.0,0.19220228417850685,0.9813791795744625,0.437428026504454,0.0,0.0,0.0,1.2249695763374804,1.0705689291756084,0.2401680673770421,2.7656076472036983,1.341866993414964,0.0,0.0,1.0972306023278846,0.0,0.0,1.9439675778219656
0.0,1.7160164800742495,0.3418865080469057,0.0,0.0,0.10804563240062198,0.07123163243521895,0.0,0.0,0.0,1.9844988223266775,0.6737137323445366,0.0,0.508141957586116,2.3733207862410466,0.0,2.240310670146885,0.4881721534376358,0.0,0.0,5.543385556026773,3.8075096108736464,0.0,0.6152426040923257,2.2952338341335237,6.506641446695982,0.38736506874474214,0.0,0.0,0.8980839404026981,2.0696020519492473,0.04809103649106986,0.0,0.0,0.5647651167404911,0.0721310847697347,0.0,1.112268162064237,0.0,0.0,0.0,4.936564809188978,0.20050186433194367,0.5430246881486925,0.0,0.0,0.1924408610607068,0.0,1.7066929005103944,4.36202942789128,0.6342182915588226,0.6892958752877992,0.0,0.0,4.1098023622033475,0.0,0.0,1.0231408021939246
6.321684781172483,0.1945220777463285,0.0,0.0,0.0,0.0,0.0,0.0,0.0,6.169110234092782,0.0,0.0,0.3348464838455889,0.08640194043728631,0.0,0.0,0.3928353885120438,0.0,0.0,0.0,0.008368249763108912,0.12716985940987263,0.0,1.1507405968642481,0.0,1.0141605426750124,0.0,0.0,0.0,2.8874361294385804,0.0,6.146497553875118,0.031253108128632176,0.0,0.0,0.0374758139949965,0.33715405773688034,0.0,0.0,0.0,0.0,0.0,0.026786847253413192,0.6245759282797119,0.2699085017673711,0.8986606738944078,0.0,0.0,0.0,5.164414976361531,2.365108999872873,0.0,0.0,0.0,1.2445482001111652,0.0,0.0,1.811605531450934
0.0,0.4665466227377341,0.17041076766877786,0.0,0.0,0.0,0.0,0.0,0.0,0.0,0.0,0.0,0.0,1.562849546314789,0.0,0.0,0.15703114529393122,0.0,0.0,0.0,0.0,1.4742027075263289,6.572088181858136,0.0,0.03575131232244217,2.1621238948093984,0.0,0.0,0.0,0.02633195035533977,0.0,0.0,0.03747916429510959,0.0,0.0,0.3415553320449373,0.0,0.0,0.0,0.0,1.7024043810654654,0.0,0.0,0.02799998848690251,0.32367785229812074,0.0,0.0,0.0,0.035445340737573494,0.6259118694708206,2.655418643273551,0.0,0.0,4.0348646136682715,0.0,0.0,0.0,1.2545427994017226
0.0,0.3581907531141522,0.13083271474960903,0.0,2.4879956802277645,1.3644427755821826,0.0,0.0,0.0,0.585553412940728,0.0,0.0,0.0,1.5512216297183452,0.0,0.0,0.16074736215399715,1.6813185808343802,0.0,0.0,0.5547318918537285,1.7952974717972825,0.0,0.0,0.439168609917706,0.6224883378754459,0.0,0.0,0.0,2.0216331646074948,4.157961705842811,2.9813524627922736,0.0575491898587839,0.0,0.0,0.3864425059953115,0.0,0.07680746841977093,0.8829985108777799,0.0,0.0,0.5667355205712415,0.9042919875911003,0.7201483807529929,0.4970067643002065,0.0,0.0,0.0,1.088525148348764,1.011670277604496,2.170770637840729,0.0,0.0,0.0,0.8088346323537908,0.0,0.0,3.100951330483193
0.08104730632444963,0.2581156641785333,0.06285292365148355,0.0,0.0,1.132204808542597,0.0,0.0,0.0,0.0,0.0,0.37156941263211324,0.1481052142024979,0.5159193067691363,0.0,0.0,0.15444813995817272,0.6730970050113869,0.1186624492038012,0.0,2.768605081484067,0.4124868169017292,0.6034839929307219,0.0,0.7384279458965084,0.29904734535474925,0.0,0.46889321166819203,0.0,0.7381161517686489,0.0,1.193550671988946,0.11058800854566284,0.0,0.21709316007179816,3.5472305472038554,0.1491258159477429,1.3283567451035982,0.0,0.8325621793614758,0.0,0.13613179422752947,0.27645396729916905,0.671273188866393,0.0,0.06309279944876044,0.0,0.0,0.07844015770879743,0.21870576783177498,1.485372761697652,0.0,0.0,0.0,0.12952303618433722,0.0,0.0,0.7674298752236475
0.07815471443680601,0.3318716022797796,0.2424387692706937,1.0221460696408227,0.0,0.0,0.0,0.0,0.0,0.0,0.0,0.0,6.2840502414392025,0.0,0.0,0.0,0.11170197201452964,0.0,0.0,0.0,0.028553960298248922,1.6272221637650348,0.13578740692255803,0.0,0.0,0.0,0.0,0.0,0.0,0.0,0.0,0.0,9.171142106741947,0.0,0.0,0.0,0.3834763731280838,0.0,0.0,0.0,0.0,0.0,0.015233570799480109,0.0,0.05756096080724244,0.0,0.0,0.0,0.0,1.3357021367216768,3.576980035998741,0.0,0.0,0.0,0.0,0.0,0.0,0.7618067421260194
0.0,0.38698047911870886,0.07067426674387785,0.0,0.0,0.13400995543561728,0.08834922500944155,0.0,0.0,0.0,0.0,0.0,0.0,0.02148591450676483,0.0,0.0,0.04341690063142073,0.15137136264775056,0.0,0.0,0.25803998686666,0.0,0.0,0.0,0.35585022282600703,0.0,0.0,0.0,0.0,0.1638091969552531,0.0,0.3578866519344289,0.0,0.0,0.0,1.1704993885227748,0.0,0.7935048303708968,0.0,0.0,0.0,0.0,0.34638197626528294,0.07548058235454387,6.980400315753682,0.0,0.0,0.0,0.35280473863029543,0.5738163836127518,3.3422515129739714,0.0,0.0,0.234272359694335,0.36410214528772217,0.0,0.0,0.5583652147365611
0.0,0.5588113767752814,0.0,0.0,0.6469180082545618,0.2580193321575752,0.2551579988159233,0.0,0.0,0.0,0.0,0.0,0.8016057732108446,0.985947099761557,1.4169074460847968,0.0,0.5433589512966231,0.0,0.0,0.0,0.392650636305473,1.0147946341528256,0.021775359962759068,0.0,1.0562643265012348,0.10790450559603383,0.0,0.0,0.0,1.2826015655825709,0.0,0.9474647984617033,0.26934650102797547,0.0,0.0,1.4067357407118732,0.017936231716482613,0.8537666040934729,1.8367480055965841,0.9012331579637766,0.0,1.768321788122444,0.08550186892746257,0.8328428043277052,0.25845915136053693,0.0,0.0,0.7043815427143657,0.8774042707820694,1.288945833688375,2.359882017643585,0.0,0.0,0.27385892429837716,1.4721680807952509,0.0,0.0,1.9057906615685936
0.0,0.0,0.0,0.0,0.0,0.19874454585549178,0.0,0.0,0.0,0.0,0.0,0.0,0.0,1.1400537493604395,0.0,0.0,0.0,0.29932311808474865,0.0,0.0,0.07406867677943005,0.25013319848109106,0.0,0.0,0.0293192102869989,0.0,0.047502555321394246,0.0,0.0,0.0,0.0,0.11794812918399548,0.21515363123735415,0.0,0.0,0.49387054348869935,0.0,0.0,0.0,0.0,0.0,0.0,0.0,0.09184988046717991,0.13272227175922152,0.0,0.0,0.0,0.0581366455884382,0.054031931619282235,3.959251852017334,0.0,0.0,0.08272366393779615,0.0,0.0,0.0,0.05018714657703431
0.0,0.3775833238992855,0.13791595639217819,0.0,0.0,0.1961337925426575,0.0,0.0,0.0,0.0,0.0,0.0,0.0,0.0,0.0,0.0,0.0847250866551828,0.44308652977386415,0.0,0.0,0.2842608378705558,0.6994003800137979,0.4634718888061345,0.0,4.050771010984766,0.43746004730732885,0.0,0.0,0.0,1.2253736709583567,0.06261532046593343,1.1348867673199212,0.03033244236412187,0.0,0.06472288734403343,7.194349042229761,0.03635798062526377,0.17711276459412456,0.46540188497054324,0.0,0.0,1.6429013551425815,0.3119728803768679,1.688230704881519,0.26195744087940576,0.0,0.0,0.0,0.3155509715583661,2.0262402626575367,1.0691806257665004,0.0,0.0,0.0,0.5684166335347732,0.0,0.0,0.7429175350159543
0.0,0.15631005925806474,0.3425625962115275,0.0,0.0,1.2449813990147096,0.0,0.0,0.0,0.0,0.0,0.0,0.26906906577727274,0.49757534875245607,0.0,0.0,0.7716297757718785,0.12228447399278494,0.0,0.0,0.18155859322829215,0.2725027963078415,0.09136461466884692,0.0,0.11977980515451367,0.18109752626650302,0.0,0.0,0.0,0.20290958822270527,0.0,0.12046527074135699,0.12556873314561373,1.1813303176408612,0.0,0.9756954599542866,0.0,0.0,1.1559892182597906,1.5125512562710588,0.027160352076626558,0.12365822126052452,0.007174944581040309,0.18292969350836938,0.0,0.0,0.0,0.0,0.1425056422522068,0.13244408994702003,3.7345094162761017,0.0,0.0,0.6759129889259066,0.17648276541760397,0.0,0.0,0.16402626117606317
0.0,0.30458878593917016,0.0,0.0,0.0,1.7931265583856644,0.06953890732369397,0.0,0.3895571795845487,0.2987563062994138,0.0,0.0,0.0,0.2254848416335233,0.0,0.0,0.06834604670238734,0.0,0.0,0.0,0.7337836511596424,0.5310041814096117,0.0,0.0,0.2800863740386205,0.0,0.0,0.0,0.0,0.240674333767036,0.9091893498326024,0.9859121893916277,0.1957485601777974,0.0,0.0,1.267505903731381,0.0,0.2939106582531287,0.0,0.0,0.0,0.0,0.3215682725876989,0.374740307453846,0.0,0.37970752467865637,0.0,0.0,0.694223146863824,0.4301385825728868,3.2138046475583906,0.0,0.0,0.1580516519890563,0.3438975304226728,0.0,0.0,0.7191556558624019
0.0,0.3808582189595405,0.0,0.0,1.0581772983613893,0.0,0.0,0.31238463889500667,0.09742068335665399,0.04980879170439526,0.0,1.6447874462797671,0.3933611960338481,0.6541161006200182,0.0,0.0,1.0938875966842319,0.47672460947610573,0.0,0.0,0.5898369922958553,0.8631589964500659,0.08904605550959008,0.3004078804145633,1.2140973681199254,0.08825096417176752,0.0,0.0,2.0879141002725534,0.5330929007709714,0.0,0.5635593750005248,0.24476427644797785,0.0,0.0,1.819690041634416,0.42541076689633545,0.62067738747824,0.0,0.0,0.0,1.205200368331563,0.31467871666274444,0.7222925471631029,0.211383516174925,0.0,0.0,0.0,0.7870389872459815,1.1187195019925675,2.4586589626488236,0.084141601289855,0.0,0.05270079560015329,2.522725773186862,0.7773822306990066,0.0,1.2789095788254334
0.0,4.212594704725406,0.0,1.153293657741973,1.9507137629858917,5.122034853203746,0.1709783306693252,2.2554929817747627,0.0,0.0,0.0,0.0,1.611439597654862,0.9771469874904473,4.272536582204988,0.0,0.9662610865033775,0.0,0.0,0.0,0.3543938028026587,0.44880129580066414,0.10943558064904116,0.0,1.9512055554401988,2.0607075765262417,0.0,0.0,0.0,0.010567089395885023,0.0,1.0677610697364082,0.7219435830590585,0.0,0.0,2.0343644891788424,0.7752162192054578,0.7979274151567289,0.0,0.9058589531931364,0.0,1.184931332046893,1.065664458316258,1.3708495785831152,0.8443032099410123,0.0,1.385755852499271,0.23599898327954758,1.9914036986950068,0.15864014418895572,1.3559306394685031,0.0,0.0,0.0,3.875466358254581,0.7165388276267344,0.0,0.687641113854219
0.0,0.311184105047851,0.0,0.0,0.0,0.7902547822722769,0.09472623149675923,0.02658721017191125,0.9286486818271122,0.0,0.0,0.0,0.0,2.8795923823635823,1.5780592804307703,0.0,0.1396519133891567,0.324594158384136,0.0,0.0,0.22311686831876495,0.6781279093171697,0.14551198168963092,0.0,0.03179455488393832,0.0,0.0,0.0,0.0,3.056008911259143,0.0,0.15988267636334955,0.29998082842850726,0.0,0.0,2.5099684826976145,0.11985733533559922,0.48377618076105944,0.0,0.0,0.0,0.16412014161810443,0.18093032082595226,0.32371460280610437,0.21589139837761112,0.0,0.12795703323861302,0.0,0.2521797885104163,0.029296817158013473,2.067322719641184,0.0,0.0,0.0,0.1561530335497332,0.0,0.0,0.2721214328702228
0.051526336628985814,0.21879794399407046,0.0,0.0,0.0,2.614030293995942,0.0,0.0,0.2098756802886082,0.17884037663643265,0.0,0.0,0.0,0.7329349752774451,0.8321692816535189,0.0,0.09819123479872771,0.0,0.0,0.0,0.6353503799816741,0.30992091024519014,0.0,0.6471757956700785,0.4526932030051405,0.0,0.0,0.0,0.0,0.3889929972071733,0.0,0.23607308161536147,0.47457175215519687,0.0,0.0,0.6997353726730965,0.15801262364516425,0.3665408270360558,0.0,0.5293066613047954,0.0,0.08654664754921629,0.2812113797508288,0.16414061355868545,0.11384730321991314,0.5374951988718415,0.0,0.1378973654962388,0.48206474658198145,0.4634779963231804,3.203288055096417,2.114794736315392,0.0,0.009461242508339135,0.8234502289241475,0.034890366888920256,0.0,1.23409430969231
0.09154350728608664,0.19436249406238018,0.0,0.0,0.0,0.06730707757398177,0.0,0.0,0.0,0.0,0.0,0.0,0.0,2.6618763096953937,0.0,0.0,0.13083779222620523,0.4561609559198024,0.0,0.0,0.21739630402837348,0.16942077646019005,0.0,0.0,0.11915146551858316,0.0,0.0,0.0,0.0,0.6801304183786929,0.5801671854552681,0.3295417451659204,1.717513162451214,0.0,0.026653100228393314,0.2920718087199186,0.0,0.04688718768546184,0.0,0.0,0.0,0.0,0.16951094430855052,0.17497121025183895,1.0113273006310233,0.3705718488770641,0.23976225000546816,0.0,0.5020599150819769,0.21958223833178359,3.0669761784940968,0.0,0.0,0.6051304609732503,0.0,0.06198745659929859,0.0,0.20395728323245346
0.0,0.9464700256161064,1.5672074991078258,4.405002248178978,0.43827919708980256,2.2287636507845696,0.17286648605407848,0.016173054790906534,0.0,0.0,0.0,0.0,1.3033879292862098,1.3779746101040764,0.0,0.0,3.5396073665325263,1.0859821285971336,0.0,0.0,0.6568969138868833,1.9250314583718506,1.3129764843298781,0.0,1.4118721535048253,1.900704241125717,0.0,1.031614172909818,0.0,0.34188085561786735,0.04185464588909699,0.21396536494553456,0.08110178944416517,2.8612201704885094,0.039802339555594625,0.33551130369611076,1.0450360077879939,0.05073830491905532,0.0,3.6634479778554145,0.0,1.7970252263938542,1.801513818269112,0.5604541658635337,0.2626544660066541,0.0,0.0,1.1930251324222294,1.323088118795345,3.1187334349899647,2.023545454959149,0.0,0.0,0.0,0.5699292744977511,0.2817312324438821,0.0,1.2911503538327374
0.0,0.0,0.0,0.0,0.0,0.0,0.0,0.0,0.34037040186208606,0.34804613183392624,0.0,0.5746599611986172,0.22905582040249078,4.373722708586576,0.0,0.0,0.2985823505745005,0.0,0.0,0.0,0.2747717950262841,0.2899738646471141,0.0,0.0,0.571017764771785,0.0,0.0,0.0,0.0,0.13518395352802312,0.0,0.5332651564386444,0.1282746508620586,0.0,0.0,0.1435605700687142,0.0,0.021400064925588363,0.0,0.0,0.0,0.0,0.012215917965934082,0.07985965805856313,0.7385375867815789,3.6298956042041834,0.0,0.0,0.0,0.150331258869819,2.435631330958093,0.0,0.0,0.782541855086087,0.20031736462830532,0.16975236515004957,0.0,0.8727127371093789
0.07535973317640335,0.9600092355057546,0.05844215891359935,0.0,0.0,0.6648959347598665,0.4748773695896107,0.0,0.0,0.052312612601477855,0.0,1.0364825086366292,0.41313536243834303,0.45010244659154486,1.2170873989075743,0.0,0.8975603573539944,0.0,0.0,0.0,1.9548289531422385,1.0111518720434471,0.0,0.0,0.6620867101422525,2.5952416475313758,0.0,0.4359881768073274,0.5980565001450512,0.11739659450880913,1.061334314081063,0.8385100339342461,0.0771205941613162,0.0,0.0,1.960486097644408,0.0,0.4931977540757968,0.0,1.5482726455652314,0.0,0.5063144553499794,1.2412020641449624,1.1955185347883732,2.3311025200749884,0.10559738557892005,0.0,0.0,2.601369467891301,1.8076267823753038,1.6670448669357372,0.0,2.4814091888890446,0.7749009120102754,0.7828195068445477,0.3572016678272584,0.0,1.7419628445782793
0.0,0.0,0.04574131076776291,0.0,0.0,0.0,0.0,0.008024594277715522,0.0,0.0,0.0,0.0,0.10778379485936046,0.43572103719380595,0.0,0.0,0.7025004084485019,4.996450740727947,0.0,0.0,0.09697188734052574,1.2553334364725581,0.5855828966570416,0.0,0.6141634199859435,0.8705302652723305,0.0,0.0,0.0,0.3392628321274971,0.0,0.4439561538607072,0.0,0.0,0.0,0.8781949447356873,0.0,0.006713307412043041,0.9261344233950348,1.2117990787535333,0.0,0.3962808562373801,2.1211190501938617,0.4434267301872564,0.7384887253215512,0.0,0.0,0.0,0.43765207218411534,1.184885793285351,2.9493228464756185,0.0,0.0,0.8231038628314358,0.23565196958258047,0.5990866946921952,0.0,0.34495545971705255
0.0,0.07396199647902935,0.10806140251833038,0.0,0.0,2.3563778723222795,0.0,0.0,0.0,0.0,0.0,0.0,0.2546334559668793,0.32304606878286307,0.0,0.0,0.6638474861676343,0.9257914688150752,0.0,0.25211386822184495,0.050909056222503656,0.5802372039545303,0.0,0.0,0.15869520110647822,0.0,0.0,0.0,0.0,0.4508380792863245,0.0,0.15960336838071404,0.21389770736684544,0.3726505690405487,0.0,1.1741364027602428,0.0,0.0,0.0,0.0,1.5164891695454947,1.2872640097766657,0.027160051180016857,0.37286440845228425,0.10262579988911853,0.4881326789116471,0.45619156480914785,0.0,0.38210426893021077,0.6893620909569459,3.1957042523390995,0.0,0.0,0.7036157149759297,0.4453719900863213,0.0,0.41647601160782943,2.63884809373301
0.0,0.12663396864738,0.09250861868215043,0.0,0.0,0.438529500064946,0.0,0.0,0.0,0.0,0.0,1.0937726773006753,0.6539560870639229,0.0,0.0,0.0,0.42622727445729713,1.882298561198398,0.0,0.0,2.6421565118227743,2.925166683353423,0.0,0.7491334686548695,2.4647972396435134,0.0,0.0,0.0,0.0,1.4651847092305021,0.0,0.23422698453021326,0.020345851720333166,0.9570506241865737,0.0,0.702628099827244,3.109409646258623,0.13577181638968316,0.31217393008795236,0.6126948193000123,0.0,0.40072522650138326,1.3136830726368594,0.5015997095583548,0.2196384260028294,0.06500326001451066,0.0,0.0,0.8081536135165615,2.6824795948318103,1.9707062879353918,0.0,0.0,0.0,0.2382947655275149,0.08077399575874979,0.0,1.4119070109480663
0.09741223075197036,0.0,0.0,0.0,0.0,0.5013541028702988,0.0,0.026506040755390904,0.0,0.0,0.0,0.4465960314436063,0.0,0.1531094215752474,1.5732433429690449,0.0,0.7889449454144245,0.16180159436549924,0.0,0.0,2.8115877992326013,0.1352115752934261,0.0,0.0,2.6308939052255265,1.4377228079598272,0.0,0.0,0.0,0.07003860167393627,0.1371912683264551,0.2869102051464231,0.09968837199284966,0.0,0.0,2.39870747966588,0.6771181501656345,1.4080922791839325,3.059109975220221,0.0,0.0,0.1636192780903246,1.0917614727129439,2.215640665578626,0.2152323747914409,0.0,0.0,0.13035003051276475,0.28283614208555097,1.606407083902003,1.2495127635880616,0.0,0.0,0.0,0.389190586981513,1.1873046073725222,0.0,0.29841980002272367
0.0,0.0,0.0,0.0,0.0,2.4634394358218663,0.0,0.0,0.0,0.048454545405391604,0.0,0.0,0.0,0.20296806916832177,0.0,0.0,0.06650922175631066,0.0,0.0,0.0,0.044628951606882995,0.0,0.0,0.0,0.204419265941828,0.0,0.0,0.0,0.0,0.008364507191462506,0.0,0.0,0.047621955084367895,0.0,0.0,2.84376832322587,0.41384489324811075,0.043696249267648465,0.3653406375291236,0.0,0.0,0.0,0.020408226196763263,0.08004932855680089,0.15422741308918686,0.0,0.0,0.0,0.04503772846330763,0.08371571630892964,3.5239675793788408,0.0,0.0,0.0,0.05577588874715625,0.14179632980012674,0.0,0.09719837879389989
0.10369842533497854,0.11008473006970304,0.2412570445411739,0.0,0.0,0.0,0.0,0.0,0.0,0.0,0.0,0.47541571385907105,0.9474876439779372,0.0,0.0,0.0,0.0,0.0,0.0,0.0,0.0189431792589113,1.055537206473619,0.0,0.0,0.06748597693997865,0.0,0.0,0.0,0.0,0.04970551509936375,0.0,0.06787217989570382,0.0,0.0,0.0,0.0,0.021200411899676558,0.07671832140839602,0.0,0.0,0.0,0.1741779380416193,0.030318634927469286,4.756877447208406,0.0,0.0,0.0,0.0,0.0,0.7151203418057023,2.7497993877225335,0.24320556823261869,0.0,0.0,0.0,0.28087168200052015,0.0,0.6642340619489113
0.0,0.05981883799037138,0.0873978617379836,0.0,0.0,0.0,0.0,0.0,0.0,0.0,0.0,0.0,0.10297097275984063,1.0362348422931975,0.0,0.0,0.1879170711796095,0.0,0.0,0.0,0.020587095716789697,0.1303565548685379,0.0,0.0,0.05500684428117842,0.0,0.0,0.0,0.0,0.0,0.0,0.018440519876468907,0.0576653112919623,0.0,0.0,1.8208673022976747,1.059848440808036,0.0,0.0,1.157689253145682,0.0,0.0,0.07688265363497923,0.09334151628593297,0.04150074625784371,0.0,0.0,0.0,0.01817866846963707,0.0,3.583401092662067,0.0,0.0,0.0,0.04502586718866016,0.0,0.0,0.0470789135834044
0.0,0.0,0.0,0.0,0.0,0.0,0.0,0.0,0.0,0.0,0.0,0.0,0.0,0.0,0.0,0.0,0.0,0.0,0.0,0.0,0.6120541934658239,0.0,0.0,0.0,0.0,0.0,0.0,0.0,0.0,0.2676642301268002,0.0,0.0,0.0,0.0,0.06503355915949491,0.5481963032724568,0.0,0.0,0.0,0.0,0.8240448075981736,0.0,0.21768774609880817,0.42692975230293806,0.0,0.0,2.9250999210078983,0.0,0.0,0.6697257304714371,3.811209469546897,0.0,0.0,0.0,0.0,0.0,0.0,0.0
0.0,1.8950831832489095,0.4326235842003006,3.4047707907887617,0.0,0.7382934624776315,0.10816387530840146,0.0,0.0,0.0,0.0,2.5575531213703697,0.0,0.14029167110372917,1.8019193709971186,0.0,3.4018703176581595,0.0,0.0,0.0,0.4280099297806736,5.110550617650999,0.4430774338857047,5.138287413953347,3.158526115690545,0.13722506673856813,3.8233431517987557,0.6454881892787548,0.0,0.3609857151728792,0.0,0.0,0.0,0.0,0.0,0.9218752353555086,0.0,2.057227849139071,0.0,3.4383697537700946,0.0,2.6236288260262155,1.3809362544009296,0.6824052053102663,3.697760108709479,0.0,0.0,0.0,1.043831443287987,3.646358875174431,1.1287827418817253,0.0,0.0,0.6146013890730522,2.8528726597518954,5.363990342748591,0.0,1.3361135608830859
0.0,0.19548408264556144,0.15470554876138123,0.0,0.0,0.0,0.0,0.008350973957971812,0.0,0.02130449452384258,0.0,0.4221121523402031,0.33650246018350605,1.743822271128056,0.0,0.0,1.2428214331140321,0.2293968251115015,0.0,0.2221154573951165,0.2214540603339979,1.63298560036133,0.0038087323528696935,0.06424606805555638,0.24467143634253125,0.0,0.0,0.4438955685884065,0.0,0.338349936843491,0.0,0.12554677526230199,0.26696563239784105,0.32830979182056763,0.0008935611028514601,1.5943237674705528,0.0,0.04104471637136103,0.2409506263532477,1.7339880829429795,0.0,0.30929825066203426,0.03888349405204216,0.486880594296524,0.12431996216141301,0.0,0.060286601881964885,0.061602053699092725,0.297033691485593,0.1840411665141353,3.0406259545688656,0.0,0.0,0.2507750367692109,0.12261807078743628,0.0,0.0,0.9145568707108404
0.0,1.2186901975389983,0.0,0.0,0.0,2.0498517636955493,0.31797960063723035,0.0,4.007975540961748,0.0,0.0,0.0,0.2996897348708747,2.5390139816897395,0.0,0.0,0.0,0.2724014481847814,0.0,0.0,0.3145652929062406,1.0623007306054353,0.0,0.0,0.5336446876150909,0.0,0.0,0.0,0.0,0.07860918339895279,0.808390841009013,0.9123876067812168,0.8391534026199949,0.0,0.16712001432929507,2.0795503469962804,0.704095812576442,0.7186460942112497,0.0,3.369368324492097,0.0,2.203694036106013,0.19179537743730954,0.5433271388725861,0.0,0.0,1.9328855482367893,0.0,0.3174465188390419,1.0817890170287574,1.813921061042932,0.0,0.0,1.626121537385102,0.3931339861503774,0.0,0.0,1.0048114575210394
0.08691290281521961,0.0,0.0,0.0,0.0,0.12780488022339564,0.0421291913852859,0.0,0.0,0.0,0.0,0.0,0.0,0.08879453233874052,0.0,0.0,0.08281302634076562,0.14436222369491086,0.0,0.0,0.26990716734526826,0.28148899744853356,0.0,0.0,0.11312434983010843,0.0,0.0,0.0,0.0,0.08331959221079087,0.06120222932535977,2.5598642488338013,0.7708456910473398,0.0,4.023477007656188,0.23463655138973244,0.0,0.019784644737499177,0.0,0.0,0.0,0.29196798606468893,0.025411017133733022,0.9192002493363363,0.0,1.4749668580622795,5.804673001825245,0.0,0.7290154060032882,0.23453433429215273,0.48327078115160016,0.0,0.0,1.2767128214716197,0.13889713402215828,0.0,0.0,0.6777412476502843
0.0,0.06688911306214337,0.0,0.0,0.0,0.8802133539763904,0.15271088906117816,0.0,0.0,0.0,0.0,0.2888696317436934,0.0,0.3862374147480044,0.0,0.0,0.1801096334252804,0.0,0.0,0.0,0.2762444793021772,0.2915279924701792,0.01563892120010047,0.0,0.47156424889647003,0.0,0.0,0.0,0.0,1.1099193852652218,0.0,0.30930191080803826,0.4513674444247602,0.0,0.0,1.0000007866571554,0.038645098824889465,0.3621650910980431,0.6595713753482635,0.0,0.0,0.5291662296764701,0.4114267719638061,1.9469763114118457,0.09281200110999668,0.0,0.0,0.0,0.22360057665153468,0.3400581966374508,2.7484470946721618,0.0,0.0,0.11569645198204802,0.2013911176212964,0.0,0.0,1.6670412816867026
0.0,0.4476116972952218,0.08174734275664472,0.0,0.0,0.07750325323365023,0.0,0.0,0.0,0.07317349585169877,0.09490136941442899,0.4832680863144791,0.0,0.0,0.0,0.0,0.40175464600311267,0.0,0.0,0.0,0.10590838838953637,1.1705146352234435,0.0,0.0,0.06860063424247725,0.0,0.0,0.0,0.0,0.0,0.0,0.0,0.0,0.0,0.0,0.1293526003374211,1.0128764798020673,0.0,0.0,0.0,0.0,0.0,0.0,0.06715899565106494,0.07763536511371412,2.2648373555722734,0.0,0.0,0.17003392626258712,0.6953263962681647,3.8108920605895977,0.0,0.0,0.0,0.0842298019663335,0.0713777765918404,0.0,0.7045620884222832
0.19854775298447155,0.0,0.0,0.0,0.0,0.5109355694631477,0.0,0.0,0.0,0.0,0.0,0.4551304189215031,0.0,3.0973049241758495,0.0,0.0,0.42565902009170625,0.32978757125860203,0.0,0.0,0.2176192760236885,0.45931857845137275,0.0,0.0,0.09690985019062036,0.0,0.0,0.0,0.0,0.09516951613161122,0.0,0.16244075363677157,1.5577670333441267,0.0,1.0694407498713063,0.3898284770156661,0.0,0.039547311135188334,0.0,1.0197943118804478,0.0,2.0009541102487134,0.15480017289444403,0.050599088180505514,0.3655760544590158,3.7868007865765017,0.0,0.0,0.16013412995416654,0.5953117690510705,1.8772074929944595,0.0,0.0,0.7291448808658924,0.31730287405904994,0.0,0.09129724999472164,0.3041229349463725
0.0,0.07473122123541638,0.0,0.0,0.0,1.0351673090341293,0.0,0.05746455079807456,0.0,0.0,0.0,0.6454736614006304,0.0,0.8409099584173526,0.0,0.0,0.2683006491775106,0.23385489386899388,0.0,0.0,0.48223621564686026,0.5211304417668292,0.0,0.29472673425487167,0.48103702001906573,0.0,0.0,0.0,0.5586631452867793,0.3205559680703819,0.09914256290257176,0.9445421129546799,0.3842174401334377,0.376526235691448,0.0,1.0711683264146403,0.0,0.14422279219970902,0.0,0.7231447745514658,0.0,2.837785817696207,0.35675268791552983,0.5740835031552788,0.7776988486376695,3.1894207010207367,0.09218715696923091,0.28259603378067016,1.2036556367098339,0.9920299027774734,2.6043488538213238,0.0,0.0,0.0,0.5625051055089768,1.5253644574005933,0.0,0.9018343063623782
0.0,0.05584609089277621,0.04079667392936465,0.0,0.0,2.3207154644043824,0.0,0.0,0.0,0.0,0.0,0.24117885515290696,0.0,0.8103116003833443,0.0,0.0,0.0,0.08737901938995124,0.0,0.0,0.3171265146466498,0.3894363707814893,0.013057021910192895,0.0,0.03423573876975799,0.12940419778919954,0.0,0.0,0.0,0.15759786082742852,0.037044253309859325,0.4476111429275767,0.0358903434521131,0.0,0.0,0.7144024574740039,0.26887446666366704,0.005987587375332806,0.0,0.0,0.0,0.0,0.05639579816809509,0.2949428385586293,0.038744558160869635,0.1556189636400962,0.0,0.0,0.03394273796586981,0.07886549528081482,3.69916785953145,0.0,0.0,0.0,0.25221321342046443,0.03562165789399502,0.02418970535212347,0.21976083694829776
0.0,0.14169241939645952,0.0,0.0,0.0,0.0,0.06469795656133531,0.0,0.0,0.046326421910162195,0.0,0.0,0.6097663690950585,0.15209617032225678,0.0,0.0,0.09538220539129887,0.11084880305788632,0.0,0.0,0.1280065445409452,0.5249159271753103,0.0,0.0,0.17372548654932127,0.0,0.035183436281041154,0.0,0.0,0.4558368961639009,0.0,0.34943933570173,0.7512516589304116,0.7139039402728096,0.0,0.2347618880421549,0.0,0.8013609941405017,0.0,0.0,0.0,0.11209408167225857,0.07154362218936779,0.2338525656304506,0.24575624258111423,1.454659053598331,0.08739467315209018,0.08930162225879713,0.30141770090864356,0.3601751502994086,3.4937817257876205,0.07825886130071494,0.0,0.0,0.10665242374671063,0.0,0.0,0.706263701905016
0.0,0.0,0.08554195560979395,0.0,0.0,0.4055044671314944,0.0,0.0,0.0,0.30628063942913025,0.0,0.0,0.0,0.13869824131481495,0.0,0.0,0.15765143768611367,0.1832152349190036,0.0,0.0,0.09067468644214825,0.15310615836822405,0.0,0.0,0.03589253441569407,0.0,0.058152558851921124,0.0,0.0,0.7005533082842965,1.009761365451414,2.0936810114586457,0.03762721161676734,0.0,0.003211532748328304,1.6784281938611503,0.0,0.025109409343201695,0.0,0.0,0.0,1.1116412557334934,0.05375006517264124,0.6114055729491539,1.2185869030331549,0.03434738822677672,0.0,0.14760121218674363,0.4626097487900263,0.363801647804413,3.2991733449145673,0.0,0.0,0.02025401763276169,0.08813964757576384,0.07469104671599494,0.0,0.9830235973201954
0.0,0.0,0.0,0.0,0.0,2.187011321680275,0.0,0.0,0.0,0.0,0.0,0.31713940363454923,0.0,1.038344096289664,0.0,0.0,0.49433921038693607,0.0,0.0,0.0,0.20218575865837124,0.3840694769026069,0.0,0.0,0.24760184656466872,0.0,0.0,0.4002065521576438,0.0,0.25697093809542393,0.04871153565816385,0.49803767541362715,0.3775540237611236,0.3699959052731409,0.0,1.4147731658312883,0.014142330155841858,0.0039367047501301525,1.0861781787944755,0.0,0.0,1.742856529546169,0.12134962094146097,0.5597200208212628,0.7132640335198158,0.0,0.09058829734600203,0.0,0.26779945079997236,0.6637108593683397,3.159055463359133,0.0,0.0,0.6350944355913755,0.0,0.04684088633646268,0.0,1.0017844727460514
0.0,0.7211016623620139,0.2633895132050349,0.9870905458685262,0.0,0.0,0.0,0.0,0.0,0.0,0.0,0.0,0.0,0.16904506160782268,0.0,0.0,0.37754859010156605,0.18804394271032643,0.0,0.0,0.031021497616308853,0.20952187654437363,0.14049687413005515,0.47398261558273824,0.036838495927355504,0.0,0.0,0.0,0.0,0.5969197138506885,0.0,0.25934540406207707,0.0,0.0,0.0,0.1759711050684512,0.13887168778027986,0.09019913899629103,0.0,1.162968987368772,0.0,0.38031324262845617,0.3530667982777074,0.2885147867308721,0.16676054991997613,1.4982377526193305,0.0,0.0,0.10956973165453998,0.47522351597035223,3.686104629444047,0.0,0.0,0.43654454887576255,0.18092538207275374,0.07665955790109931,0.0,0.18917473229815981
0.0,0.5039123536706949,0.18405897040450023,0.0,0.0,4.362579297130476,0.043141968072818136,0.028253964991032415,0.0,0.0,0.0,0.0,0.5421407214656457,0.9092918250167833,0.0,0.0,0.522957328943613,0.0,0.0,0.0,0.5853088335213198,2.017792973114056,0.007363549222910515,0.0,0.23168781503767377,0.0,0.0,1.2014712579029976,0.0,0.08887774710394115,0.0,0.2427226205424076,0.18216395994165258,0.0,0.0,1.8615423314604047,0.0,0.0,0.0,0.9142799122302143,0.0,0.34881809755625653,1.1218335121441034,0.8449001569028307,0.30590114954198655,0.0,0.1165532390590246,0.07939781738559491,0.16270769369154825,0.17790560835746655,2.73647895431977,0.0,0.0,0.3050612853857938,0.23706055666006845,0.0,0.0,0.5453127027140938
0.0,7.30485014935457,0.1667606229880726,1.1717981013233365,1.1892086119870846,0.39525705016484775,0.02605826444579562,0.014627765563743705,0.0,0.0,0.0,0.0,0.19647548875482998,0.07182139872400065,0.0,0.0,0.5378363447772787,1.3393896701827237,0.0,0.0,1.9100608165916393,1.5421166763418364,0.0,0.0,3.2361600480282497,0.925667268138373,0.0,0.0,0.0,0.25123719402582884,0.0,0.10555715507524503,0.03667637246416746,0.28753763879525535,0.4241659302924611,0.9719324731501734,2.055228718746109,0.9269857425791508,0.0,0.0,0.0,0.6320703005553236,1.220727919657223,0.41785342416715415,0.5543030275791233,0.0,0.0,0.0,0.6763789106408908,1.1766541261911299,1.4395564296984467,0.0,0.0,3.5042386585338976,1.5893779426924994,0.25481246599903723,0.0,0.688693217457101
0.0,0.269676086975862,0.056286751033678445,0.15820753029365225,2.40836394441098,0.3201870180942293,0.5453181820391262,0.024686580395423086,0.0,0.07557498071762617,0.0,0.0,0.06631662052815365,0.9782323822091219,1.7583017197941901,0.0,0.034578303944079174,0.0,0.0,0.0,0.05966410355365369,0.6716275058582781,0.018014638712282826,0.0,0.5431991532330966,0.0,0.0,0.20995488480176866,0.0,0.09132328783739373,0.3066574496083901,0.32065883381174265,0.09903507476614343,0.0,0.001056600233550723,0.7629918746926038,0.10386988494700856,0.30359228523331866,1.1396488433341538,0.0,0.0,0.9143271549324302,0.15915431902645377,0.18728030636073018,0.5078270285744012,0.0,0.04752409832154957,0.09712184650678218,0.03512287063786404,0.13057200521904883,3.4617226303722055,0.0,0.0,0.0,0.7249505483360048,0.02457349296697897,0.0,1.8192125666083834
0.0,0.0,0.0,0.0,0.4920983083936058,0.834149335598479,0.0,0.0,0.0,0.18530568764066427,0.0,0.0,0.0,1.2797056489925946,0.0,0.0,0.06358813692753258,0.0,0.0,0.0,0.32915970636423725,0.06175481496179636,0.0,0.0,0.10857842909332398,0.0,0.07036687256208231,0.0,0.0,0.10396279477486285,0.0,0.3931192526644427,0.8878428557913687,0.0,2.3666231021840307,0.41492799241711575,0.08186251587385845,0.0,0.0,0.0,0.0,0.0,0.01951189696073548,0.11480035764527101,0.3440587396135534,1.101384702570762,0.0,0.0,0.1291790146751309,0.020009730572187877,1.9933846652208103,0.07825886130071494,0.0,0.0,0.0,0.04518954513399991,0.0,0.11151531153126899
0.11484127125362474,0.2438276243053511,0.17812090201364023,0.0,2.5404411367890902,2.533099749975347,0.0,0.0,0.0,0.0,0.0,0.0,0.41972008323672705,0.43320913027007374,0.0,0.0,0.9301032644917647,0.1907512090048447,0.0,0.0,1.3216594382072984,0.6907491238423105,0.02850389867912011,0.0,1.2705407798712274,0.0,0.0,0.0,0.0,0.1926631867738323,1.374769062428747,1.2402290109877057,0.07834977381168694,0.0,0.0,1.3059003667039288,0.5634835336915689,0.8038721102920418,0.0,1.1797122373543547,0.0,1.3502584195032448,0.7834520360794904,1.8657598327257507,1.01496706656132,0.0,0.6015628856016877,0.0,0.7780296400621967,0.5164979740575638,1.8603635493394484,0.0,0.0,0.44282897839674223,1.2847093349549694,0.07776322459871808,0.0,2.718556162996088
0.07296212898936223,0.07745552788442887,0.0,0.0,0.4304046871811251,0.3218710635918471,0.9053911354023598,0.0,0.09906259973706465,0.1924633375229585,0.0,0.4014029480973175,0.026654002805543513,0.5424342250840944,0.0,0.0,0.0764723121226628,0.8968059678790055,0.04272995918272391,0.15841351186012573,0.4931514418848395,0.148535151329558,0.0,0.06106650269103744,0.6410221156958907,0.1435813912926564,0.0,0.0,0.4632231302861154,0.28502825771116014,0.22606488118056953,0.6255885861398097,0.15928951517408724,0.0,3.699694905056605,0.11102167853519879,2.0197062944858786,0.3770225071676244,0.0,0.0,0.0,0.049020508030698635,0.0639965259177326,0.1608389578912603,0.010742454669906022,0.16358042290461441,0.11465749509860114,0.1562123245690506,0.6308284037157077,0.10500697929215753,0.9033753413648941,0.15400737976431406,0.8542089202809452,0.0026782405650502008,0.3498064250709847,0.01976210007787673,0.0,0.4348432653010574
0.01818200864317176,0.6177071147245189,0.47945014264902147,0.0,0.13407013044782642,0.0,0.0,0.0,0.0,0.0,0.0,0.0,0.16614218056175437,2.4093159172368455,0.0,0.0,0.01732570592536063,0.0,0.0,0.0,0.9101424813298338,0.967508073160152,0.0,0.0,0.3372595992670522,0.04472877912055194,0.0,0.0,0.0,0.45104606476781733,0.0,0.24992924656289253,0.04962238326860551,0.09725007459590418,0.0,0.0,0.06319732485356234,0.18523143718680066,0.0,0.0,0.0,0.03053956474934367,0.01240487122764292,0.044022933708272,0.21427444305438323,0.3652067464533704,0.0,0.0,0.0,0.9104867964427297,3.226683451373538,0.0,0.0,0.0,0.4504207446691248,0.0,0.0,0.5975595989651336
0.0,0.7567731512519381,0.0,0.0,0.0,0.1747120516673584,0.0,0.08082224305333288,0.0,0.0,0.0,2.9050902366047704,0.14474387180728948,0.27700453647065426,1.2792364812782393,0.0,1.7924471504081398,0.06578210013293628,0.0,0.2866232741033776,5.2017371760010205,0.14659107936010587,0.0,0.16581003051805565,2.474294647127387,0.34097063398146,2.2132004661783062,0.0,0.0,0.7972977056216846,0.0,0.03888210687226376,0.0,0.0,0.008071542644741971,1.2700528993842384,0.0,3.6128994216679713,0.0,0.0,0.0,0.0,0.3280755041810942,0.03784837563504448,3.354355096570506,0.0,0.05186348414943054,0.0,0.2938631795225072,0.5699793251327969,0.8816502521360314,0.0,0.0,0.0072720580065385775,1.265835847669417,0.0,0.0,0.3529473129390711
0.05430076832196907,0.057644900624012764,0.04211074001515614,0.0,0.0,1.4772052320099645,0.09212402133823708,0.0,0.0,0.01884703499771715,0.0,0.24894725692789418,0.0,0.6955879934111446,0.0,0.0,0.11641337852446347,0.4509675439083078,0.0,0.0,0.6348441116970596,0.7285897211058625,0.006738795128055027,0.0,1.2191773594891324,0.0667861617763957,0.0,0.0,0.0,0.18870213090579802,0.05735618017126357,0.48868466593664667,0.10187753401553502,0.14521920744734146,0.0,0.7307507142066727,0.022202818435789272,3.6897273737121474,0.568416252716532,0.0,0.0,0.3192236083090321,0.09261057110597501,0.3995817558195955,0.35993272801747606,0.0,0.0,0.07266137684145035,0.40291443582201253,0.40702916050860993,2.165859388066839,0.0,0.0,0.004985341197282683,0.1735581450123718,0.018384518025653693,0.0,0.8393062885152413
0.14053285811392338,0.43400019004569196,0.8256397003755567,0.0,0.0,0.0,0.0,0.0,0.0,0.0,0.0,0.19523818311003027,0.10894914756785552,1.3417088280813383,0.0,0.0,0.37939330809077637,0.33952699656324903,0.0,0.0,0.10774439346042715,2.0767462642833205,0.005283438302432203,0.0,0.16351499717321544,0.16237009022947055,0.0,0.0,0.02251251676618209,2.1570928355342858,0.0,0.0,0.07408726981462561,0.0,0.0004962060811972501,0.3727733586782568,0.0,0.0,0.6463864082166678,0.0,0.0,0.06437657864299359,0.02033649910124752,0.0005422008125347718,0.8813387241342975,0.0,0.0,0.0,0.017860162492417352,0.03830576874047875,2.8964042790200826,0.0,0.0,4.735528646078463,0.05104270475948776,0.0,0.0,0.7104149303237215
0.2514442175064762,0.7562998544228947,0.0,0.18269478821188162,0.9270471624735781,0.030812207744546898,1.5032140036226285,0.02850765371488422,0.0,0.05818189224642281,2.905137487264506,0.9606417746299216,0.15316253541435915,0.07245551931675769,2.030458281606095,0.0,0.339409115224111,0.41764853317159367,0.0,0.15164659418418605,1.791378124430457,0.8143641675866055,0.0,0.0,1.7591051520911531,0.2577155408793301,0.0,1.6971635350438052,0.0,0.8637569932809155,0.914818436415073,0.06857253521878329,0.0,0.2241494687078129,0.002440286754680598,1.4193450245560917,3.2043059521790918,2.6210296702103686,0.0,0.430494615380194,0.0,0.07038994305739626,2.078856715833009,1.48183872976164,0.15432381534986903,0.0,0.10975998677616088,0.0,0.4596721345434779,0.9046951846659781,0.7966483533247353,1.5234343584657697,0.0,0.0076949984808538,3.0137815187852834,0.08513103759023337,0.0,1.0270567926818164
0.0,0.0,0.7242753858153603,0.0,0.0,0.0,0.0,0.0,0.0,0.027012982663506248,0.0,0.5352147913185618,0.0,0.4434371595170065,0.0,0.0,3.5965961993289723,0.0,0.0,0.0,0.23813955532736,3.7089579007905296,0.038634184313685385,0.0,0.2532488324002475,0.3350302584231355,0.0,0.0,0.0,0.0,0.0,1.2480205662003034,0.013274410443165179,0.0,0.0,0.02228439900654668,0.0,0.06200798401274279,0.0,0.0,0.818302368951945,0.26144868177096586,0.003792468837434996,0.5330423737642792,0.02866014186532883,0.05452798366445746,0.0,0.0,0.16320289236084293,2.391877627961582,2.516851181593812,0.0,0.0,1.4790907034175171,1.5858231030674943,4.7430131195991985,0.0,8.344836394453544
0.20203164440686971,0.02143585942667474,0.15667737889097436,0.0,0.0,0.0,0.0,0.0,0.0,0.25244049043029004,0.0,0.27787043708354653,0.0,0.0,0.0,0.0,0.529378843138597,0.0,0.0,0.0,0.0018443237529920118,1.2058363513760364,0.17550676228426138,0.2537542625361335,0.0,0.02483513302978296,0.0,0.0,0.0,0.0,0.0,0.0,0.00688804126408504,0.0,0.0,0.0,0.0,0.0,0.9516839502682447,0.0,0.0,0.0,0.0,0.0,0.0595186352357226,0.0,0.0,0.0,0.0,0.14538188694900425,3.9650766216003475,0.0,0.0,2.1664629871218426,0.0161348530336815,0.0,2.66620862483179,0.5795331424344131
0.05705398002051403,0.24227044228957176,0.06636882111579769,0.12436336876912399,0.6310552393333886,1.9296418317225035,0.19358986237719963,0.0,0.0,0.27723675116428703,0.0,1.1770623063341532,0.0,0.3138645377816154,0.0,0.0,0.13590643327159732,1.2793482229171662,0.0,0.0,0.27098185235980465,0.38276554940954016,0.0,0.2388681897885202,0.1763685086751212,0.21051726102903995,0.0,0.0,0.0,1.8527970915018632,0.0,0.09335674870875892,0.019462369150335786,0.7629112825045855,3.567294202770317,0.903158652246356,0.0,0.12500587372906405,2.239636307137527,0.5860896321090387,0.0,0.0,0.12510789029836905,0.8124206054361467,0.33616196534040904,0.0,0.0747152421128772,1.3742185788904984,2.4296215084045936,0.7441396915941373,0.430053086892975,0.0,0.0,0.9009548510543748,0.5698685903309192,0.05795000456919641,0.0,1.3029299886284886
0.0,0.41665376208850374,0.0,0.0950394310445146,0.0,2.3085728934831784,0.11626241658815842,0.1690924305756862,0.0,0.0,0.0,0.29989554431786675,0.15938195240538894,2.010038862787724,0.35208677613354644,0.0,0.581728546640031,0.18108713174228597,0.0,0.0,0.4301825933871885,0.5145140236689799,0.032471746960828766,0.09127244250785148,0.21994875367714417,0.0,0.40233933552879386,0.0,0.0,0.6401575802049808,0.0,0.27829325065595995,0.06694222631751709,0.5831313163391068,0.0,1.5162270530293205,0.07578250728029837,0.15635165130610662,0.1141031980682805,0.223947074319441,0.0,0.2929941264829038,0.13812676203485416,0.6334764589696428,0.22482723175147643,0.0,0.05710848590044342,0.9044973610867312,0.5768206505403007,0.26804723278342407,2.6800236186872706,0.10227728798525171,0.0,0.7086635410586007,0.6272337472845019,0.10335282056195307,0.0,0.5586725057625774
0.08330419883905757,0.11791261138176365,0.021534330371199704,0.6052735605292185,0.0,0.0,0.0,0.0,0.0,0.0,0.0,0.12730511203934564,0.0,0.46481862918992845,0.0,0.0,0.2778107227456163,0.0,0.0,0.0,0.0,4.77933477831716,0.0,0.0,0.14456966625210405,0.03415269528390314,0.8051644753657111,0.0,0.0,0.0,0.0,0.06361120451810114,0.2368073728070486,0.0,0.002425420092773401,0.002271652394734705,3.2131718126907147,0.0,0.14533659786017938,1.1409941837539541,0.0,0.0,0.05141804170176352,4.870452554476273,0.10225581860584289,0.0,0.03636367228707876,0.0,0.026874841348880525,0.14153822896069318,2.1443418347682957,0.0,0.0,0.0,0.022188273300128975,0.0188027227608623,0.0,0.7578670522933142
0.2956316344432933,0.31383821473302026,0.02547392993841202,0.0,1.9377102705362121,3.1155263004308815,0.031844755238490674,0.013406971879699395,0.04459860498496305,0.06840634393924082,0.0,2.258921247076638,0.6602873284147558,1.0377508879019623,2.652533508315492,0.0,0.12519387275579577,5.128680900425054,2.754428125895789,0.0,1.047092702836308,0.27356478607752177,0.016305920522862463,0.0,0.2351489504936125,0.0,0.0,1.330276838023156,0.0,0.06691605739786793,0.7864487632252903,0.32249272512005217,0.022410358651980992,0.0,0.49922820390276634,1.3678035154401034,1.7863325146984828,0.36452486470585643,0.17192521186211895,0.33743268243219193,0.0,0.11034687289241901,0.13125291059560323,1.9379262305747542,0.21773275030428055,0.2608255630720939,0.7742912056317182,0.0,0.593438294793133,0.4038052347937092,1.3649141165754481,0.0,0.0,0.01206307296742315,4.252091201315492,0.044485176367717226,0.0,1.0520295278437242
0.04023160206594443,0.0,0.031199973542672142,0.0,1.779957173668142,1.9522934935573513,0.0,0.0,0.27311781967520443,0.0,0.0,0.0,0.1470382385981365,0.7809504417830475,0.649755165636082,0.0,0.019166893600951224,0.0,0.0,0.0,1.4735454659289609,0.6887297322732122,0.009985587032154733,0.0,0.5760132992057603,0.0,0.0,0.0,0.0,0.5303145749554926,0.0,0.3028209380044561,0.1097912366421032,0.0,0.0,2.1623737533923824,0.0,0.2861949759259281,0.8422837810601256,0.41328098137077474,0.0,0.13515107721360903,1.89378928843457,1.6302072689771037,0.177783820628812,0.0,0.052685437332595855,0.0,0.311500170792833,1.3269061612134914,1.878469496546746,0.047177959297402754,0.0,1.1154852624288232,0.25717985704340746,0.0,0.0,0.7058787023075166
0.02489862966599097,0.0,0.0,0.0,0.36719567856025037,0.31121369486809647,0.0,0.010162472326681648,0.0,0.0,0.0,0.5707522075140355,0.0,4.220707569213363,0.0,0.0,0.0,0.08271355695024171,0.016570232159629297,0.0,0.7868715823958552,0.46080346370028546,0.0,0.0,0.6805620702473941,0.0,0.0,0.0,0.0,0.21482359099661766,1.4026507214624762,0.8881640610903242,0.49262261042843597,0.0,0.0007249290854004878,0.8432849113207674,0.02036144278238746,2.0588571359937005,3.3882894954957354,0.0,0.0,0.2927491091582019,0.0776502858586992,0.4743135195183447,0.018337845089524213,0.0,0.1956371183280958,0.0,0.2570428553577795,0.02239636517005963,1.8038063828889845,0.0,0.0,0.0,0.8356124134913082,0.0,0.0,0.42298793678474594
0.0,0.13131524854061452,0.20384758256031843,0.06738451476878965,0.0,0.0,0.0074924257183992815,0.1388401930186973,0.0,0.0,0.0,0.212663333309534,0.2260434895543074,0.7570358588977603,0.0,0.0,0.14732762333972768,0.25682606054622187,0.0,0.0,0.1835965053965783,1.1661021512154093,0.0,0.0,0.30691035311632875,0.0,0.0,0.08942499771941613,0.0,1.302561060357887,0.087105028348813,1.2802079313288897,0.5749182766347393,0.0,0.0009003701984286389,0.0,0.831376540873879,0.3396574784681527,1.4567097043174713,0.3176721379128663,0.005702390587496905,0.18179783876569383,0.0150690655258064,1.3771928811157672,0.7402118632056712,0.0,0.12149111117482046,0.2689743279976059,0.6784030773360179,1.9749632266885129,2.775124150736659,0.3445048232667817,0.0,0.0,0.8277967234112099,0.219869787119773,0.0,2.066962810221779
0.0,0.3335053561207465,0.2552338361392281,0.1304357577378224,0.33093249027171906,0.1429898414999448,0.0,0.04070613733792088,0.0,0.0,1.7912900254396056,1.3031169903831303,0.16402576617354794,0.7183370553360482,0.0,0.0,5.252673616698467,0.9939346253207993,0.0,0.0,0.1871976012497171,2.519469084536171,0.022278532796053473,0.0,0.2482621515753356,0.7727844935479714,0.0,0.0,0.0,0.7959474296356988,0.0,0.2594744078535205,0.030618934361875183,3.5207021113323127,0.138508278082615,0.21294879752748272,0.039759794877388,0.1294065081806906,0.0,0.15373413748730833,0.0,3.4424693585034065,0.5073694386761638,0.8740083492713863,3.272335544491916,0.013974998151985933,0.019598168392853655,0.0,5.767338572450457,4.951960150319625,1.859456064588255,0.0,0.0,2.312914209258785,0.28689223675482944,0.9319500116908493,0.0,1.4332056615407869
0.0,0.8294731835594216,0.09773335621680533,0.2197621109520319,0.1858551254501535,1.4454846763998561,0.3298741511647697,0.14745365612921177,0.0,0.017496509963377493,0.4765304768321419,0.11555420154205134,0.9672454853524185,1.3885523182129038,2.442414207277044,0.0,1.3328862006689635,0.4605192227075185,0.0,0.18241448474136313,1.5608694193177988,1.4227370950793732,0.006255912195921311,0.0,1.1236164985034973,1.3330139030043597,0.0,0.0,0.06667545354161208,0.051346109615839144,0.07099508941561167,0.2722009906843644,0.06878370428520776,0.0,0.02935389847280263,1.919697425706646,1.288243145057989,0.13483341798483503,0.0,0.0,0.0,0.0,0.3758319293711806,0.5427753622591467,0.1113806524603944,0.3060918404615305,0.09902165266494241,0.0,1.5043068993560145,0.3249628458677013,2.154863615823746,0.0,0.0,0.9719051704059201,0.7049085334562282,0.42667975236413674,0.0,0.7440688622206435
0.30858799079385446,0.2729936650747522,0.0,0.0,0.37924387128853343,1.0588118882275517,0.0,1.574387040079277,0.0,0.0,0.0,0.9431674799039086,0.2819556413996133,0.31122671679772096,4.153173391106466,0.0,0.392041427241533,0.17085463288694275,0.0,3.349987612543905,1.442172359253091,0.19036925390559403,0.025530758992693935,1.0766387869708636,0.585743509162009,0.0,0.0,0.595103921041736,0.0,0.6656167805437713,0.5070357867590833,0.01683133280886122,0.0526330800237861,2.750905856453335,0.0,4.678749623591927,3.354211417953956,0.10536930698572626,1.3459476418324405,0.0,0.0,0.5183224312929813,0.17042098793020663,0.06881206778464749,0.03787923967226159,0.0,0.0,0.4129302214448885,0.19910761783597164,0.5088866756000092,1.823243873068454,0.0,0.0,0.0,3.328830332057936,0.0,0.0,0.37241100021293394
