0.0,0.0,0.0,0.0,0.0,0.0,0.0,0.0,0.0,0.0,0.0,0.0,7.66012516644522e-06,0.0,0.0,0.0,0.0,0.0,0.0,9.490027331278715e-06,0.0,0.0,0.0,0.0,0.0,6.320020476866345e-06,0.0,0.0,0.0,0.0,0.0,1.3100162180007788e-05,0.0,0.0,0.0,0.0,0.0,0.0,0.0,0.0,0.0,0.0,0.0,0.0,0.0,0.0,0.0,0.0,0.0,0.0,0.0,0.0,0.0,0.0,0.0,0.0,0.0,0.0,0.0,0.0,0.0,0.0,0.0,0.0,0.0,0.0,0.0,0.0,0.0,0.0,0.0,0.0,0.0,0.0,0.0,0.0,0.0,0.0,0.0,0.0,0.0,0.0,0.0,0.0,0.0,0.0,0.0,0.0,0.0,0.0,0.0,0.0,0.0,0.0,0.0,0.0,0.0,0.0,0.0,0.0,0.0,0.0,0.0,0.0,0.0,0.0,0.0,0.0,0.0,0.0,0.0,0.0,0.0,0.0,0.0,0.0,0.0,0.0,0.0,0.0
1.4899944870203977e-05,0.0,7.480096119235132e-06,1.740034522284922e-05,0.0,0.0,4.1799800196955054e-05,0.0023363995327200936,0.0,2.8399828465036072e-05,0.0,0.0001176899317398396,3.0600500012170196e-05,1.1399996010001394e-05,0.0,0.0,0.0,0.0,0.00011408912379552926,0.00010440030067286595,0.0,0.0,4.369988288431387e-05,1.1100017316027014e-05,0.0,0.0,1.769987910982568e-05,7.469997161401079e-06,1.3299884025011303e-05,9.5798923220103e-05,3.1700078616194966e-05,3.9300486540023364e-05,0.0,0.0,6.239977348882222e-05,4.890067042819157e-05,0.00042740032482424685,1.1499982520026572e-05,0.0,0.0,0.0,0.0,0.0,8.179987484619148e-05,0.0,0.0,0.0,0.0,2.0699874765757663e-05,1.7499986000011198e-05,0.0,0.0,5.1699854206411145e-05,0.0,3.3099855022635e-05,0.0,0.0,2.1699967667048175e-05,6.470009575614172e-05,2.0299847954138824e-05,0.0,0.0,0.0,0.0001127597981599613,0.0,0.0,1.4100007614004112e-05,4.810043001784436e-05,8.579935307287784e-05,0.16666833331666683,6.919973427302039e-06,0.0,0.0,3.3999872160480674e-05,5.390052391309243e-05,0.0,0.0,7.880071708652549e-05,0.0,0.0,6.530003591501977e-05,0.0,2.1900054093133612e-05,0.0,0.0,0.0,6.629988264920772e-05,8.900075116633983e-06,0.00020585023466926751,1.9099930285254458e-05,2.059999196600313e-05,0.0,0.0,3.200011456041013e-05,0.0,0.0,6.8799889920176124e-06,9.770061160582866e-06,0.00010099924957557566,0.0,0.0,0.0,0.0,9.809970766287115e-06,0.0,0.0,0.0,0.0,0.0,0.0,0.0,0.0,9.520060452383873e-06,1.7000146541263187e-05,1.619996922005848e-05,3.789998218700837e-05,0.0,0.00010629976932950053,0.0,0.0
0.0,0.0,0.0,0.0,0.0,0.0,0.0,0.0,0.0,0.0,0.0,0.0012474992764504196,0.0,0.0,0.0,0.0,0.0,0.0,0.0,0.0006785719542872283,0.0,0.0,1.749995310012569e-05,0.0,0.0,0.0,0.0,0.0,0.0,0.0,0.0,0.0,0.0,0.0,0.0,0.0,0.0,0.0,0.0,0.0,0.0,0.0,0.0,0.0,0.0,0.0,0.0,0.0,0.0,0.0,0.0,0.0,0.0,0.0,0.0,0.0,0.0,0.0,0.0,0.0,0.0,0.0,0.0,0.0,0.0,0.0,0.0,0.0,0.0,0.0,0.0,0.0,0.0,0.0,0.0,0.0,0.0,0.0,0.0,0.0,0.0,0.0,0.0,0.0,0.0,0.0,0.0,0.0,0.0,0.0,8.239996786401252e-05,1.0499941305328103e-05,0.0,0.0,0.0,0.0,0.0,0.0,0.0,0.0,0.0,0.0,0.0,0.0,0.0,0.0,0.0,0.0,0.0,0.0,0.0,0.0,0.0,0.0,0.0,0.0,0.0,0.0,0.0,0.0
0.0,0.0,0.0,0.0,0.0,0.0,0.0,0.0,0.0,0.0,0.0,0.0,7.66012516644522e-06,0.0,0.0,0.0,0.0,0.0,0.0,4.750013680039399e-06,0.0,1.2499982875023462e-05,0.0,7.38001151281796e-06,0.0,0.0,0.0,0.0,0.0,0.0,0.0,0.0,0.0,0.0,0.0,0.0,0.0,0.0,0.0,0.0,0.0,0.0,0.0,0.0,0.0,0.0,0.0,0.0,0.0,0.0,0.0,0.0,0.0,0.0,0.0,0.0,0.0,0.0,0.0,0.0,0.0,0.0,0.0,0.0,0.0,5.650041245301092e-06,0.0,0.0,0.0,0.0,0.0,0.0,0.0,0.0,0.0,0.0,0.0,0.0,0.0,0.0,0.0,0.0,0.0,0.0,0.0,0.0,0.0,0.0,0.0,0.0,0.0,0.0,2.2300136699837973e-05,0.0,0.0,0.0,0.0,0.0,0.0,0.0,0.0,0.0,0.0,0.0,0.0,0.0,0.0,0.0,0.0,0.0,0.0,0.0,0.0,0.0,0.0,0.0,0.0,0.0,0.0,0.0
0.0,0.0,0.0,0.0,0.0,0.0,0.0,0.0,0.0,0.0,0.0,0.0,0.0,0.0,0.0,0.0,0.0,0.0,0.0,4.750013680039399e-06,0.0,0.0,0.0,3.69000575640898e-06,0.0,6.320020476866345e-06,0.0,0.0,0.0,0.0,0.0,0.0,0.0,0.0,0.0,0.0,0.0,0.0,0.0,0.0,0.0,0.0,0.0,0.0,0.0,0.0,0.0,0.0,0.0,0.0,0.0,0.0,0.0,0.0,0.0,0.0,0.0,0.0,0.0,0.0,0.0,0.0,0.0,0.0,0.0,1.1300082490602184e-05,0.0,0.0,0.0,0.0,0.0,0.0,0.0,0.0,0.0,0.0,0.0,0.0,0.0,0.0,0.0,0.0,0.0,0.0,0.0,0.0,0.0,0.0,0.0,0.0,0.0,0.0,0.0,0.0,0.0,0.0,0.0,0.0,0.0,0.0,0.0,0.0,0.0,0.0,0.0,0.0,0.0,0.0,0.0,0.0,0.0,0.0,0.0,0.0,0.0,0.0,0.0,0.0,0.0,0.0
0.0,0.0,0.0,0.0,0.0,0.0,0.0,0.0,0.0,0.0,0.0,0.0,0.0,0.0,0.0,0.0,0.0,0.0,0.0,9.490027331278715e-06,0.0,0.0,0.0,0.0,0.0,6.320020476866345e-06,0.0,0.0,0.0,0.0,0.0,0.0,0.0,0.0,0.0,0.0,0.0,1.1499982520026572e-05,0.0,0.0,0.0,0.0,0.0,0.0,0.0,0.0,0.0,2.759995280408071e-05,0.0,0.0,0.0,0.0,0.0,0.0,0.0,0.0,0.0,0.0,0.0,0.0,0.0,0.0,0.0,0.0,0.0,0.0,0.0,0.0,0.0,0.0,0.0,0.0,0.0,0.0,0.0,0.0,0.0,0.0,0.0,0.0,0.0,0.0,0.0,0.0,0.0,0.0,0.0,0.0,0.0,0.0,0.0,0.0,0.0,0.0,0.0,0.0,0.0,0.0,0.0,0.0,0.0,0.0,0.0,0.0,0.0,0.0,0.0,0.0,0.0,0.0,0.0,0.0,0.0,0.0,0.0,0.0,0.0,0.0,0.0,0.0
0.0,0.0,0.0,0.0,0.0,0.0,0.0,0.0,0.0,0.0,0.0,0.0,7.66012516644522e-06,0.0,0.0,0.0,0.0,0.0,0.0,4.750013680039399e-06,0.0,0.0,0.0,0.0,0.0,0.0,0.0,0.0,0.0,0.0,0.0,0.0,0.0,0.0,0.0,0.0,0.0,0.0,0.0,0.0,0.0,0.0,0.0,0.0,0.0,0.0,0.0,0.0,0.0,0.0,0.0,0.0,0.0,0.0,0.0,0.0,0.0,0.0,0.0,0.0,0.0,0.0,0.0,0.0,0.0,5.650041245301092e-06,0.0,0.0,0.0,0.0,0.0,0.0,0.0,0.0,0.0,0.0,0.0,0.0,0.0,0.0,0.0,0.0,0.0,0.0,0.0,0.0,0.0,0.0,0.0,0.0,0.0,0.0,0.0,0.0,0.0,0.0,0.0,0.0,0.0,0.0,0.0,0.0,0.0,0.0,0.0,0.0,0.0,0.0,0.0,0.0,0.0,0.0,0.0,0.0,0.0,0.0,0.0,0.0,0.0,0.0
0.0,0.0,0.0,0.0,0.0,0.0,0.0,0.0,0.0,0.0,0.0,0.0,0.0,0.0,0.0,0.0,0.0,0.0,0.0,4.750013680039399e-06,0.0,0.0,0.0,7.38001151281796e-06,0.0,1.260004082413227e-05,0.0,0.0,0.0,0.0,0.0,0.0,0.0,0.0,0.0,0.0,0.0,0.0,0.0,0.0,0.0,0.0,0.0,0.0,0.0,0.0,0.0,0.0,0.0,0.0,0.0,0.0,0.0,0.0,0.0,0.0,0.0,0.0,0.0,0.0,0.0,0.0,0.0,0.0,0.0,5.650041245301092e-06,0.0,0.0,0.0,0.0,0.0,0.0,0.0,0.0,0.0,0.0,0.0,0.0,0.0,0.0,0.0,0.0,0.0,0.0,0.0,0.0,0.0,0.0,0.0,0.0,0.0,0.0,0.0,0.0,0.0,0.0,1.3799977920035328e-05,0.0,0.0,0.0,0.0,0.0,0.0,0.0,0.0,0.0,0.0,0.0,0.0,0.0,0.0,0.0,0.0,0.0,0.0,0.0,0.0,0.0,0.0,0.0
0.0,0.0,0.0,8.720173008232484e-05,0.0,0.0,0.0,0.0,0.0,0.0,0.0,0.0,7.66012516644522e-06,0.0,0.0,0.0,0.0,0.0,0.0,4.750013680039399e-06,2.0599985374010384e-05,0.0,0.0,0.0,0.0,0.0,0.0,0.0,0.0,0.0,0.0,0.0,0.0,0.0,0.0,0.0,0.0,0.0,0.0,0.0,0.0,0.0,0.0,0.0,0.0,0.0,0.0,0.0,0.0,0.0,0.0,0.0,0.0,0.0,0.0,0.0,0.0,0.0,0.0,0.0,0.0,0.0,0.0,0.0,0.0,0.0,0.0,0.0,0.0,0.0,0.0,0.0,0.0,0.0,0.0,0.0,0.0,0.0,0.0,0.0,0.0,0.0,0.0,0.0,0.0,0.0,0.0,0.0,0.0,0.0,0.0,0.0,0.0,0.0,0.0,8.559964818544596e-06,0.0,0.0,0.0,0.0,0.0,0.0,0.0,0.0,0.0,0.0,0.0,0.0,0.0,0.0,0.0,0.0,0.0,0.0,0.0,0.0,0.0,0.0,0.0,0.0
0.07460072397732127,0.050123880203926316,0.12168156360809236,0.1343926663505004,0.21530015716911471,0.017738816580636557,0.08222960694247881,0.03971999205600158,0.023510103914659304,0.013542918200774069,0.03207718701000027,0.015334991105705157,0.05864795830763875,0.01984099305565243,0.1338304563618562,0.1125996790909146,0.08674562786125647,0.060018686702455415,0.09878424133702654,0.05756016577327743,0.13619990329806866,0.06564191007058322,0.03660590189618292,0.027193042421146178,0.006907128664583959,0.1752205677146394,0.03393576821870307,0.020314992280302934,0.11562899171519225,0.18118796344729082,0.06800316864785824,0.10194126203282396,0.053380120639072645,0.07678808600265631,0.07958771109660871,0.033729462430929925,0.02115601607857222,0.07777188178673969,0.09725334548498489,0.03749435507154252,0.05947272820963208,0.07476467552130825,0.14309143091430915,0.035070946341452094,0.021576021360261148,0.12903025806051613,0.0,0.08564085355414043,0.03860276645326295,0.09228092617525906,0.042713337435365734,0.0775947291943951,0.04443087470493333,0.031679066209248374,0.0231698985158445,0.1,0.0647548543015778,0.03896994193478651,0.017630026092438616,0.04567265791179224,0.1525606987280002,0.09771429764587274,0.14699849767535375,0.11373979640576443,0.014183923406813603,0.21624157856352352,0.0586420316666971,0.0658315885344015,0.014817888273122422,0.0,0.017804931629062545,0.0467038141188198,0.04035203914147797,0.02877089182144675,0.0776527547847765,0.14323186201420618,0.02527100025271,0.07471367989448705,0.06712017988208209,0.032258258066064534,0.11280006204003414,0.05744477251870084,0.09453623350449676,0.039855474704843394,0.05281931110574241,0.049738961203610266,0.12249978317538379,0.027379231080710317,0.10702012200293909,0.029178893497038734,0.043766982930876656,0.0946424709485874,0.0750674601635308,0.12005042978053862,0.12899289331059693,0.054708775146934153,0.16790973134442985,0.12279076867021188,0.1618187976863332,0.011320904564774519,0.11343979467397163,0.13092958233463237,0.040090075770243205,0.14025958202644553,0.010631023388251453,0.08234138865135443,0.0,0.05008027644312597,0.024616826943706583,0.08218784959623524,0.11765837631440686,0.01836009675770992,0.015204096546013068,0.10610091458988377,0.06031588539981774,0.10493995067822319,0.0467660406864554,0.0766228337284508,0.18343166922819,0.108449138913837
0.00807837011003059,0.003112992559947782,0.0020133258712374453,0.003034960213610638,0.002114501543586127,0.0007588621533653342,0.002589287623205161,0.0,0.0004603820348885942,0.0007460554938248173,0.0024301141675655974,0.0009062194743927048,0.004226869067040556,0.0012279995702001501,0.002473508434663762,0.0007972577278154757,0.006917670323194312,0.0028604850682679437,0.0012359905075929017,0.0016940048787340508,0.006055795700385053,0.0012574982772273603,4.369988288431387e-05,0.0005387608404669111,0.001534906369861435,0.0045739148194840155,0.0003009479445255389,0.0015844993978902289,0.006345444667722498,0.0019643779203921746,0.0004914512187990227,0.005302365643286663,0.00016811037992945862,0.0012377013862255525,0.003234688258081623,0.0011006150894328761,0.0013890010556408025,0.0017638973188760757,0.002414683749178368,0.0005447251585472514,0.003432184314917681,0.0025501889321800347,0.006201062010620107,0.004346793349406175,0.0014874014725274579,0.0,0.0,0.007019287997017527,0.00051690687271342,0.0034949972040022367,0.0006050047795377583,0.0037532869010287154,0.005537084385422033,0.002034304251695886,0.0024641892068512743,0.0,0.002762393784613984,0.001214398190546696,0.001535402272395363,0.0032398757333307574,0.0012289056283877782,0.0027924370835644696,0.0006633332207344841,0.005814989591168632,0.0,0.0054693399261814615,0.0035823019344430446,0.049135439270827086,0.0016170878071579341,0.0,0.025264902982772546,0.005214079247964592,0.0023636022926942237,0.000646147570485135,0.004065739518988125,0.007501897524667821,0.00040638000406380005,0.01871817033535005,0.003255708725299384,0.0,0.004045502225026224,0.0007698469514060724,0.01764104357337763,0.003104459083229283,0.0004372925756532706,0.0036686971384162323,0.0027276951719795457,0.0005785548830032125,0.0028660032672437248,0.0017506936099683237,0.0006384797509928971,0.011542935474990695,0.0011576070961314992,0.006243922353242025,0.003088869283338025,0.003716384725658778,0.002812895499367201,0.0016517103397067268,0.00979712720734485,0.00039648665761747625,0.002810094913728206,0.00311019007849365,0.0030009056717117196,0.0002942291231972128,0.001855604082328981,0.0005527626090395146,0.0,0.00249651378075607,0.0009057636324816635,0.0010263981216914373,0.0039231458605871235,0.0006458534036474374,0.0007425747153494425,0.0045440391696176426,0.0021839958504078845,0.0034798983644477688,0.0003941203428846983,0.0015847965609914623,0.008476677137761955,0.0027303783207961326
0.0,0.0,0.0,0.0,0.0,0.0,0.0,0.0,0.0,0.0,0.0,1.179999315600397e-05,1.5300250006085098e-05,0.0,0.0,0.0,2.289990175942145e-05,0.0,0.0,1.9000054720157595e-05,0.0,1.2499982875023462e-05,0.0,7.38001151281796e-06,0.0,6.320020476866345e-06,0.0,0.0,0.0,0.0,0.0,1.3100162180007788e-05,0.0,0.0,0.0,2.450033589960518e-05,0.0,0.0,0.0,0.0,0.0,0.0,0.0,1.0199984394023878e-05,0.0,0.0,0.0,0.0,0.0,0.0,0.0,0.0,0.0,0.0,0.0,0.0,0.0,0.0,0.0,0.0,0.0,0.0,0.0,0.0,0.0,5.090037157271248e-05,0.0,0.0,0.0,0.0,0.0,0.0,0.0,0.0,0.0,0.0,0.0,0.0,0.0,0.0,0.0,0.0,0.0,0.0,0.0,0.0,0.0,0.0,0.0,0.0,0.0,0.0,0.0,0.0,0.0,0.0,5.49999120001408e-05,0.0,0.0,0.0,0.0,0.0,0.0,0.0,0.0,0.0,0.0,0.0,0.0,0.0,0.0,0.0,0.0,0.0,8.119984572029313e-06,0.0,0.0,0.0,0.0,0.0
0.0,0.0,0.0,0.0,0.0,0.0,0.0,0.0,0.0,0.0,0.0,0.0,3.8300625832226106e-05,0.0,0.0,0.0,2.289990175942145e-05,0.0,0.0,1.9000054720157595e-05,0.0,0.00023656967589954405,0.0,3.69000575640898e-05,0.0,5.050016362053014e-05,0.0,0.0,0.0,0.0,0.0,9.160113402203919e-05,0.0,0.0,0.0,6.110083769248475e-05,0.0,0.0,0.0,0.0,0.0,0.0,0.0,0.0,0.0,0.0,0.0,0.0,0.0,0.0,0.0,0.0,0.0,0.0,0.0,0.0,0.0,0.0,0.0,0.0,0.0,0.0,0.0,0.0,0.0,5.090037157271248e-05,1.4100007614004112e-05,0.0,0.0,0.0,0.0,0.0,8.590008332308084e-06,0.0,0.0,0.0,0.0,0.0,0.0,0.0,0.0,0.0,0.0,0.0,0.0,0.0,0.0,0.0,0.0,0.0,0.0,0.0,0.0,0.0,0.0,0.0,4.809992304012313e-05,0.0,0.0,0.0,0.0,0.0,0.0,0.0,0.0,0.0,0.0,0.0,0.0,0.0,0.0,0.0,0.0,0.0,8.119984572029313e-06,0.0,0.0,0.0,0.0,0.0
0.0,0.0,0.0,0.0,0.0,0.0,0.0,0.0,0.0,0.0,0.0,0.0,0.0,0.0,0.0,0.0,0.0,0.0,0.0,4.750013680039399e-06,0.0,0.0,0.0,0.0,0.0,0.0,0.0,0.0,0.0,0.0,0.0,0.0,0.0,0.0,0.0,0.0,0.0,1.1499982520026572e-05,0.0,0.0,0.0,0.0,0.0,0.0,0.0,0.0,0.0,0.0,0.0,0.0,0.0,0.0,0.0,0.0,0.0,0.0,0.0,0.0,0.0,0.0,0.0,0.0,0.0,0.0,0.0,0.0,0.0,0.0,0.0,0.0,0.0,0.0,0.0,0.0,0.0,0.0,0.0,0.0,0.0,0.0,0.0,0.0,1.1000027170067111e-05,0.0,0.0,0.0,0.0,0.0,0.0,0.0,0.0,0.0,0.0,0.0,0.0,0.0,0.0,0.0,0.0,0.0,0.0,0.0,0.0,0.0,0.0,0.0,0.0,0.0,0.0,0.0,0.0,0.0,0.0,0.0,0.0,0.0,0.0,0.0,0.0,0.0
0.3748486130601316,0.4153890072202728,0.2265429110764073,0.14791293459262234,0.0720520525979984,0.33532653272365165,0.33451840100204316,0.2780399443920111,0.30303133939852017,0.31522809602230006,0.28928168651223235,0.3104798199217044,0.2648643278831176,0.310369891370538,0.3967613529562136,0.17312950658090626,0.29017875513314045,0.1861290284064717,0.29954769947366805,0.2933108447352329,0.07908494384968988,0.20848971436909133,0.13089964918894018,0.33572052372401706,0.41213171034659796,0.25675083187269526,0.3646275095941095,0.3123698812994451,0.10656907071770336,0.12459859951174149,0.3504408690933553,0.19624242948127696,0.1458203295539448,0.21427023998266875,0.2483990983112731,0.22657310631728758,0.40517030792943404,0.29705954846948635,0.24373835964083965,0.1907418063249059,0.13378938858249417,0.4206181745171227,0.33132331323313235,0.356269454907734,0.3488903454014419,0.3548407096814194,0.5555572222138889,0.2799695212521187,0.22268865273365093,0.3990996807202554,0.18587146838460022,0.2744390422077427,0.3691189590845354,0.17364036290835846,0.44666804359396906,0.2,0.3092993040765658,0.20524969417795566,0.3682905450700067,0.39423704716451674,0.0367791684485915,0.19044252907678613,0.07745420841798996,0.16898969750844145,0.3475181234021336,0.13187096265802742,0.3163201708128922,0.37373334117607016,0.2503081126768304,0.16666833331666683,0.3719885715638852,0.3938784323638391,0.36140035055834,0.14139946833799905,0.2906528251454604,0.2812336560375285,0.15321000153210002,0.4513541073223766,0.3215708618099097,0.32258258066064527,0.2204201212310667,0.3580985819296156,0.3950609758006103,0.3766250360820244,0.1874411040281027,0.28140978050037124,0.15884971883599766,0.15716132644159514,0.23373026645250375,0.2107392308018076,0.16865993422262565,0.3834378565823817,0.06067537194003,0.37580134536881643,0.13528303439846157,0.3249186645842886,0.18037971139246178,0.34089213398475876,0.27818793306365736,0.23557801407734133,0.2883694780512447,0.16358947814956473,0.5395710197892274,0.07429277860751975,0.1654003638808005,0.2044709651029553,0.38888883333349994,0.3585519792069252,0.29251794359885647,0.20853961837249838,0.2021272106444931,0.2878515169774945,0.32492206325510165,0.2623122611316909,0.25828950924993244,0.3247098473863717,0.2625302284012987,0.311749323503968,0.12258111548815094,0.22578820724163445
0.0,0.0,2.2500289128715305e-05,0.0002790755368586513,0.0,0.0,0.0,0.0,0.0,0.0,0.0,0.0,7.66012516644522e-06,0.0,0.0,0.0,2.289990175942145e-05,0.0,0.0,9.490027331278715e-06,0.0,1.2499982875023462e-05,0.0,3.32000517920808e-05,0.0,6.320020476866345e-06,3.539975821965136e-05,0.0,0.0,0.0,0.0,5.240064872003115e-05,0.0,0.0,0.0,0.0,0.0,2.289996519205291e-05,0.0,0.0,0.0,0.0,0.0,0.0,0.0,0.0,0.0,0.0,0.0,0.0,0.0,0.0,0.0,0.0,0.0,0.0,0.0,0.0,0.0,0.0,0.0,0.0,0.0,0.0,0.0,5.650041245301092e-06,1.4100007614004112e-05,0.0,0.0,0.0,0.0,0.0,0.0,0.0,0.0,0.0,0.0,3.940035854326274e-05,0.0,0.0,0.0,0.0,1.1000027170067111e-05,0.0,3.1200183769082396e-05,0.0,2.2099960883069238e-05,0.0,7.920009028810293e-06,0.0,0.0,0.0,0.0,0.0,0.0,8.559964818544596e-06,0.0,0.0,0.0,0.0,0.0,0.0,0.0,9.809970766287115e-06,0.0,0.0,0.0,8.320045926653515e-06,0.0,0.0,0.0,0.0,0.0,0.0,1.619996922005848e-05,0.0,0.0,0.0,0.0,0.0
0.00444418355652084,0.002715093510926509,0.0025597328925676694,0.0017965356432671623,0.002516301836900341,0.0029405695945103924,0.006319969790544401,0.0,0.001974508727328575,0.0021102872538649865,0.0042437247409152406,0.00603759649819403,0.012941211459395247,0.03824898661285468,0.003989313603559389,0.00952287285981235,0.006917670323194312,0.01996489578324401,0.007492042461113899,0.005053714554697918,0.0005449196131070747,0.0015189979189728512,0.006050083785775455,0.01604102502399904,0.00038373159248610884,0.002981909661387303,0.015188896259838545,0.01884299283966272,0.0018451839099963051,0.001257685863610893,0.003788909396495303,0.002042425285225031,0.005112511554276113,0.008209609194762296,0.002329791542856699,0.006444988360790426,0.002671202030113543,0.008624686890475929,0.0008527242611657224,0.014842140555071055,0.004542679239955874,0.020943909103434497,0.0024348243482434826,0.0018716971363033814,0.010646010539550433,0.0,0.0,0.003343794282111778,0.00334267977678735,0.004808996152803078,0.0033621265607998298,0.008319470965046332,0.0018387948145986229,0.011130023261748615,0.0029355871421283173,0.0,0.005316288038351913,0.002428896380944392,0.02537103754913557,0.013832896391606026,0.01000504582310987,0.004590060956009496,0.015167844984624255,0.0022711959345592773,0.014183923406813603,0.0014125103113252727,0.004823402604637406,0.002617523400659202,0.045193659239809336,0.0,0.002816489184681531,0.010964956359473688,0.01513501468096424,0.005441279540788926,0.0023066224203699254,0.003986851829073779,0.01091900010919,0.005280448052077274,0.0024264065027694275,0.0,0.0032870018078509948,0.0027205892264666634,0.005530013659133738,0.006617112786453474,0.02002211793027461,0.10217992029966218,0.0023190958952002657,0.005278244548383988,0.0015755017960720475,0.01323995167417639,0.022881991076023477,0.005587568765490601,0.0251671542746557,0.009110132614274758,0.0005578925135290784,0.015901934643048617,0.0005158191746893205,0.00423192649185984,0.007554843867510065,0.04442662548354717,0.006559488127326489,0.0016250948159475373,0.0016176030572697783,0.01070996808429511,0.012680027896061371,0.008884341934093928,0.0,0.0035950198445095422,0.0010810923999204284,0.013140975952014008,0.006635408431363647,0.0014301075366667183,0.031464199797668714,0.006641957253671527,0.021384959368577202,0.0018574991269754103,0.0032199028013154374,0.0015557966239213258,0.0019511177551715722,0.004928060871196682
0.0,0.0,0.0,0.0,0.0,0.0,0.0,0.0,0.0,0.0,0.0,0.0,3.0600500012170196e-05,0.0,0.0,0.0,0.0,0.0,1.899985408112066e-05,9.490027331278715e-06,0.0,1.2499982875023462e-05,0.0,1.4800023088036019e-05,0.0,0.0,1.769987910982568e-05,0.0,0.0,0.0,0.0,1.3100162180007788e-05,0.0,0.0,0.0,1.2200167264293192e-05,0.0,2.289996519205291e-05,4.219971599591135e-05,0.0,0.0,0.0,0.0,0.0,3.340003306603273e-05,0.0,0.0,0.0,0.0,0.0,1.73001366710797e-05,0.0,0.0,0.0,0.0,0.0,0.0,0.0,0.0,0.0,0.0,0.0,0.0,0.0,0.0,5.650041245301092e-06,0.0,0.0,0.0,0.0,0.0,0.0,0.0,0.0,0.0,0.0,0.0,3.940035854326274e-05,0.0,0.0,0.0,0.0,1.1000027170067111e-05,0.0,3.1200183769082396e-05,0.0,0.0,0.0,0.0,0.0,0.0,0.0,0.0,0.0,1.360030505484238e-05,1.7099929719288854e-05,0.0,0.0,0.0,0.0,0.0,0.0,0.0,0.0,0.0,0.0,0.0,0.0,0.0,0.0,0.0,0.0,0.0,0.0,0.0,0.0,0.0,0.0,0.0,3.3299735600099334e-05
0.0,0.0,0.0,1.740034522284922e-05,0.0,0.0,1.3899933558317592e-05,0.009345798130840372,0.00020461090438019737,0.0,0.0,0.0,2.3000375826141e-05,0.0,0.0,0.0,2.289990175942145e-05,0.0,5.6999562243361976e-05,4.750013680039399e-06,1.0299992687005192e-05,2.4899965887046736e-05,1.749995310012569e-05,0.0,0.0,6.320020476866345e-06,1.769987910982568e-05,0.0,0.0,0.0,0.0,2.6200324360015575e-05,0.0,0.0,0.0,0.0,0.0,6.869989557615874e-05,0.0,0.0,0.0,0.0,0.0,1.0199984394023878e-05,5.01000495990491e-05,0.0,0.0,0.0,0.0,0.0,0.0,0.0,0.0,0.0,0.0,0.0,0.0,0.0,0.0,0.0,0.0,6.860091102009835e-06,0.0,0.0,0.0,5.650041245301092e-06,5.640003045601645e-05,0.0,0.0,0.0,0.0,0.0,0.0,0.0,0.0,0.0,0.0,3.940035854326274e-05,0.0,0.0,0.0,0.0,6.570016227940084e-05,0.0,3.1200183769082396e-05,0.0,0.0,0.0,0.0,0.0,0.0,1.0499941305328103e-05,1.1100068043417108e-05,0.0,1.360030505484238e-05,0.0,0.0,1.9500122070764165e-05,0.0,0.0,0.0,0.0,0.0,0.0,0.0,0.0,0.0,0.0,0.0,0.0,0.0002712262570776523,0.0,0.0,0.0,0.0,0.0,0.0,0.0,0.0,9.9899206800298e-05
0.0,0.0,0.0,0.0,0.0,0.0,0.0,0.0,0.0,0.0,0.0,0.0006119996450402059,0.0004288170068698923,0.0,0.00013019044394941388,0.0,0.0,0.0,0.0,0.0004840113939528146,3.079997813201553e-05,0.0,0.0,0.0006826810649824613,0.0,0.0002274307368755875,0.0,0.0,0.0,0.0,0.0,0.0,0.0,0.0,0.0,0.0008316114013923131,0.0,0.0,0.0,0.0,0.0,0.0,0.0,0.0,0.0,0.0,0.0,0.0,0.0,0.0,0.0,0.0,0.0,0.0,0.0,0.0,0.0,0.0,0.0,0.0,0.0,0.0,0.0,9.659982708630952e-05,0.0,6.220045406331467e-05,0.0,0.0,0.0006247952890435207,0.0,0.0,0.0,0.0,0.0,0.0,0.0,0.0,0.0,0.0,0.0,0.0,0.0,0.0,0.0,0.0,0.0,0.0,0.0,0.00018210020759423665,0.0,0.0,0.0,0.0,0.0006393022887021936,0.0,0.0,0.0,0.00016615104010551108,0.0004646065479733486,0.0,0.0,0.0,0.0,0.0,0.0,0.0,0.0,0.0,0.0,0.0,0.0,0.0,0.0,0.0,0.00039782924412443615,0.0,0.0,0.0003478892450803381,0.0,0.0
6.689975247091584e-05,0.0,0.00029937384695393333,0.0,4.230003087902254e-05,9.489901874414618e-05,0.00040369807032322383,0.0,7.160031647339882e-05,0.000134999184604925,0.0001896611057242464,0.00028245983617329503,0.00023738387885258047,0.00010232996418451253,3.720012685243257e-05,0.0003432690216832882,0.0001145295086684078,3.649980947099456e-05,0.0005894754728283687,0.00037013106597747,0.00016449988320508293,0.0002988195906171609,5.2499859300377083e-05,0.00019189029934886702,0.0,1.260004082413227e-05,0.0001770287908933582,0.00021674991763503132,0.0004911757169477483,4.78994616100515e-05,0.0002378005897454626,0.00028803356585554524,0.0,2.9000032480036378e-05,0.0001560094336857557,6.110083769248475e-05,0.00010685008120606171,0.00024052963439495574,9.289937478720768e-05,2.1200200765901252e-05,7.209967050450579e-06,8.09996484615257e-06,1.4700147001470016e-05,0.00034774946794331404,0.00038438038053657667,0.0,0.0,5.5299905437161716e-05,0.00013783916607304524,7.879993696005043e-05,9.510075129593522e-05,3.0099894951366617e-05,1.0299970954081909e-05,3.910008171917079e-05,6.619971004527e-05,0.0,0.0,0.00026022961225787776,0.00019424028747562545,2.0299847954138824e-05,0.0,0.00016466218671383958,0.0,0.0001288597693410129,0.0,3.390024747180655e-05,0.00029617015993188637,8.660077421092145e-05,6.739949180783177e-05,0.0,0.0002698789636647795,0.0,3.4400033368032366e-05,0.00034007872130400785,0.00021540209370835082,0.0,2.1400000214e-05,3.940035854326274e-05,0.00011262030182240889,0.0,3.2600017930009866e-05,0.00013047948330124616,6.570016227940084e-05,0.0,6.250036812716826e-05,7.939993806804832e-05,0.00020981962861925735,5.34004506998039e-05,0.00026127029784813957,0.0,0.0,0.0,0.0,0.00022376080106366783,1.360030505484238e-05,4.279982409272298e-05,0.00018568970289647535,5.860036683829641e-05,9.089932461801809e-05,2.089982381448524e-05,5.4799900812179524e-05,1.0799965548109902e-05,5.860011075420933e-05,1.9599941592174053e-05,3.8700085140187305e-05,4.02001897448956e-05,0.0,2.500013800076177e-05,7.299948681360769e-05,1.559997145205224e-05,0.0,6.920036468592191e-05,7.620048387307259e-05,8.49007318443085e-06,0.0001704996760506155,0.00010613995011422344,7.440006472805632e-05,0.0002609194338048286,1.8700170171548562e-05,9.9899206800298e-05
0.0,0.0,0.0,0.0,0.0,0.0,0.0,0.0,0.0,0.0,0.0,0.0,0.0,0.0,0.0,0.0,0.0,0.0,0.0,0.0,0.0,0.0,0.0,0.0,0.0,0.0,0.0,0.0,0.0,0.0,0.0,1.3100162180007788e-05,0.0,0.0,0.0,0.0,0.0,0.0,0.0,0.0,0.0,0.0,0.0,0.0,0.0,0.0,0.0,0.0,0.0,0.0,0.0,0.0,0.0,0.0,0.0,0.0,0.0,0.0,0.0,0.0,0.0,0.0,0.0,0.0,0.0,0.0,0.0,0.0,0.0,0.0,0.0,0.0,0.0,0.0,0.0,0.0,0.0,0.0,0.0,0.0,0.0,0.0,0.0,0.0,0.0,0.0,0.0,0.0,0.0,0.0,0.0,0.0,0.0,0.0,0.0,0.0,0.0,0.0,0.0,0.0,0.0,0.0,0.0,0.0,0.0,0.0,0.0,0.0,0.0,0.0,0.0,0.0,0.0,0.0,0.0,0.0,0.0,0.0,9.340084994773452e-06,0.0
0.0,0.0,0.0,5.230103765258702e-05,0.0,0.0,1.3899933558317592e-05,0.0,0.0,0.0,0.0,0.0,0.0,0.0,0.0,0.0,0.0,0.0,0.0,0.0,0.0,0.0,0.0,0.0,0.0,0.0,0.0,0.0,0.0,0.0,0.0,0.0,0.0,0.0,0.0,0.0,0.0,0.0,0.0,0.0,0.0,0.0,0.0,0.0,0.0,0.0,0.0,0.0,0.0,0.0,0.0,0.0,0.0,0.0,0.0,0.0,0.0,0.0,0.0,0.0,0.0,0.0,0.0,0.0,0.0,0.0,0.0,0.0,0.0,0.0,0.0,0.0,0.0,0.0,0.0,0.0,0.0,0.0,0.0,0.0,0.0,0.0,0.0,0.0,0.0,0.0,0.0,0.0,0.0,0.0,0.0,0.0,0.0,0.0,0.0,0.0,0.0,0.0,0.0,0.0,0.0,0.0,0.0,0.0,0.0,0.0,0.0,0.0,0.0,0.0,0.0,0.0,0.0,0.0,0.0,0.0,0.0,0.0,0.0,0.0
7.429972509101715e-06,0.0,0.0,6.980138485947562e-05,0.0,0.0,0.0,0.0023363995327200936,0.0,7.109957055859383e-06,1.1900069377404471e-05,0.0,0.0,1.1399996010001394e-05,0.0,1.109996836509016e-05,0.0001145295086684078,7.299961894198913e-06,0.0,4.750013680039399e-06,0.0,0.0,0.0,0.0,0.0,6.320020476866345e-06,0.0,0.0,0.0,0.0,7.930019666448773e-06,0.0,9.890022351450514e-06,9.670010830412131e-06,2.0799924496274076e-05,0.0,0.0,3.439994771207949e-05,0.0,2.8300268003537992e-05,1.439993419230074e-05,8.09996484615257e-06,7.360073600736007e-06,0.0,0.00010027009926739827,0.0,0.0,0.0002210796219538465,2.0699874765757663e-05,0.0,1.73001366710797e-05,9.9999651001218e-06,0.0,0.0,0.0,0.0,0.0,2.1699967667048175e-05,9.25001369002026e-06,1.0199923602572217e-05,0.0,0.0,1.1099886559159364e-05,4.829991354315476e-05,0.0,0.0,1.4100007614004112e-05,0.0,0.0,0.0,0.0,0.0,8.590008332308084e-06,3.3999872160480674e-05,8.980087286448423e-06,6.640086321122175e-06,1.0700000107e-05,3.940035854326274e-05,1.0200027336073262e-05,0.0,8.160004488002468e-06,1.299994852020386e-05,1.1000027170067111e-05,0.0,0.0,8.819993120405367e-06,0.0,1.7800150233267967e-05,0.0,0.0,2.059999196600313e-05,0.0,0.0,0.0,0.0,8.559964818544596e-06,6.8799889920176124e-06,0.0,0.0,0.0,0.0,1.0799965548109902e-05,0.0,3.9199883184348106e-05,0.0,1.0100047672225012e-05,0.0,8.320045926653515e-06,0.0,0.0,0.0,0.0,0.0,8.49007318443085e-06,0.0,1.5199992856003358e-05,7.440006472805631e-06,0.0,0.0,3.3299735600099334e-05
0.0003790185976311887,0.0,0.00021705278912834028,0.0002790755368586513,0.0031506022999396787,0.0,0.0003201784695469155,0.02336399532720093,0.000552452441839793,0.0,0.00253671478904722,7.059995905202374e-05,3.8300625832226106e-05,2.2699992055002777e-05,4.650015856554071e-05,0.0015169956765623217,0.0001145295086684078,0.000525387257478516,0.0006655348886920548,6.170017769651177e-05,5.139996350602592e-05,9.959986354818694e-05,3.499990620025138e-05,0.00016237025329759517,0.0,3.790012279639786e-05,0.00010621927452235501,7.469997161401079e-06,0.00033187710603163546,0.0,1.5900039432097792e-05,6.550081090003895e-05,0.0,0.00011604012996494555,0.0,1.2200167264293192e-05,0.0008547906496408938,0.00041233937324415277,0.004567569260258878,7.780073677297723e-05,1.439993419230074e-05,0.0,6.620066200662006e-05,0.0013704979031382081,1.6700016533016366e-05,0.0,0.0,2.759995280408071e-05,0.00010337937455478393,0.00011386990890407289,0.17674139625703042,0.0,0.0,0.0,0.0011576949292962096,0.0,0.0,7.949988154517649e-05,0.0,0.0,0.0,0.005193768973251965,0.0,0.0002577295386641258,0.0,5.650041245301092e-06,1.4100007614004112e-05,0.0,0.0,0.0,4.8399814144713684e-05,0.0,0.0,0.0004420983377102502,6.280061042193329e-05,6.640086321122175e-06,0.0,7.880071708652549e-05,0.0,0.0,9.790005384502961e-05,2.609989664440929e-05,7.670018944946793e-05,0.0007739797989462498,0.00018741110385140167,0.0,0.00023190958952002658,0.0001869215776181151,3.960004514405146e-05,2.8699895245382354e-05,0.0,0.0,0.00011131068233448271,8.520030501709196e-05,0.0002585357989579706,8.559964818544596e-06,8.24998680002112e-05,0.0,0.00025249812393893917,0.00010433912042121483,1.5699971583051432e-05,0.00012913958804471414,0.0,0.0013043961128995835,0.0002126304677870291,0.0018191085861925266,0.0,4.160022963326758e-05,0.0,1.559997145205224e-05,0.00011623839591013643,0.0,0.0,0.0,3.2499938250117324e-05,0.0,0.0,5.799987414027311e-05,0.0,0.0002996776205596927
0.0,0.0,0.0,0.0,0.0,0.0,0.0,0.0,0.0,1.4199914232518036e-05,0.0,0.0,0.0,0.0,0.0,0.0,0.0,0.0,0.0,9.490027331278715e-06,0.0,0.0,0.0,0.0,0.0,0.0,0.0,0.0,0.0,0.0,0.0,0.0,0.0,0.0,0.0,0.0,0.0,0.0,0.0,0.0,0.0,0.0,0.0,0.0,0.0,0.0,0.0,0.0,0.0,0.0,0.0,0.0,0.0,0.0,0.0,0.0,0.0,0.0,0.0,0.0,0.0,0.0,0.0,0.0,0.0,0.0,0.0,0.0,0.0,0.0,0.0,0.0,0.0,0.0,0.0,0.0,0.0,0.0,0.0,0.0,0.0,0.0,0.0,0.0,0.0,0.0,0.0,0.0,0.0,0.0,0.0,0.0,0.0,0.0,0.0,0.0,0.0,0.0,0.0,0.0,0.0,0.0,0.0,0.0,0.0,0.0,0.0,0.0,0.0,0.0,0.0,0.0,0.0,0.0,0.0,0.0,0.0,0.0,0.0,6.659947120019867e-05
0.0,0.0,0.0,0.00017442346056145754,0.0,0.0,0.0,0.0,0.0,0.0,0.0,0.0,0.0,0.0,0.0,0.0,0.0,0.0,0.0,0.0,0.0,0.0,0.0,0.0,0.0,0.0,0.0,0.0,0.0,0.0,0.0,0.0,0.0,0.0,0.0,0.0,0.0,0.0,0.0,0.0,0.0,0.0,0.0,0.0,0.0,0.0,0.0,0.0,0.0,0.0,0.0,0.0,0.0,0.0,0.0,0.0,0.0,0.0,0.0,0.0,0.0,0.0,0.0,0.0,0.0,0.0,0.0,0.0,0.0,0.0,0.0,0.0,0.0,0.0,0.0,0.0,0.0,0.0,0.0,0.0,0.0,0.0,0.0,0.0,0.0,0.0,0.0,0.0,0.0,0.0,0.0,0.0,0.0,0.0,1.360030505484238e-05,0.0,0.0,0.0,0.0,0.0,0.0,0.0,0.0,0.0,0.0,0.0,0.0,0.0,0.0,0.0,0.0,0.0,0.0,0.0,0.0,0.0,0.0,0.0,0.0,0.0
0.0,0.0,0.0,0.0,0.0,0.0,0.0,0.0,0.0,0.0,0.0,0.0,0.0,0.0,0.0,0.0,0.0,0.0,0.0,0.0,0.0,0.0,0.0,0.0,0.0,0.0,0.0,0.0,0.0,0.0,0.0,0.0,0.0,0.0,0.0,0.0,0.0,0.0,8.43994319918227e-06,0.0,0.0,0.0,0.0,0.0,0.0,0.0,0.0,0.0,6.88995831575219e-06,0.0,0.0,0.0,0.0,4.89001022012136e-05,0.0,0.0,0.0,0.0,0.0,0.0,0.0,0.0,0.0,1.6099971181051584e-05,0.0,0.0,0.0,0.0,0.0,0.0,0.0,0.0,0.0,0.0,8.980087286448423e-06,0.0,0.0,3.940035854326274e-05,0.0,0.0,0.0,0.0,0.0,0.0,0.0,0.0,0.0,0.0,7.920009028810293e-06,0.0,0.0,0.0,0.0,0.0,0.0,0.0,0.0,2.9300183419148204e-05,0.0,0.0,0.0,0.0,0.0,0.0,0.0,0.0,0.0,0.0,0.0,0.0,0.0,0.0,0.0,0.0,0.0,0.0,0.0,0.0,0.0,0.0
0.0,0.0,0.0,0.0,0.0,0.0,0.0,0.0,0.0,0.0,0.0,0.0,0.0,0.0,0.0,0.0,0.0,0.0,0.0,0.0,0.0,0.0,0.0,3.69000575640898e-06,0.0,0.0,0.0,0.0,0.0,0.0,0.0,0.0,0.0,0.0,0.0,1.2200167264293192e-05,0.0,0.0,0.0,0.0,0.0,0.0,0.0,0.0,0.0,0.0,0.0,0.0,0.0,0.0,0.0,0.0,0.0,0.0,0.0,0.0,0.0,0.0,0.0,0.0,0.0,0.0,0.0,0.0,0.0,0.0,0.0,0.0,0.0,0.0,0.0,0.0,0.0,0.0,0.0,0.0,0.0,0.0,0.0,0.0,0.0,0.0,0.0,0.0,0.0,0.0,0.0,0.0,0.0,0.0,0.0,0.0,0.0,0.0,0.0,0.0,0.0,0.0,0.0,0.0,0.0,0.0,0.0,0.0,0.0,0.0,0.0,0.0,0.0,0.0,0.0,0.0,0.0,0.0,0.0,0.0,0.0,0.0,0.0,0.0
0.1599794080761901,0.2777593361551866,0.14740189411433938,0.35304700445256837,0.44659032601093795,0.06640031342075924,0.18817910050389958,0.04906499018700195,0.041833184902677276,0.08291849917226501,0.17329101028659,0.08423195114546833,0.2241636628342507,0.2181199236580267,0.264270901163773,0.1507695703067246,0.21155909241149354,0.20343893804874338,0.16324874624962882,0.13879039971635118,0.3881997243781957,0.07789289328673621,0.09827873661298589,0.07684811988306703,0.16193067201228886,0.286630928684209,0.04413269857366874,0.117579955319617,0.42574628749237314,0.24025729950795352,0.07439118449013754,0.18843233279227994,0.33068074733848896,0.19794022169304828,0.31570885397686,0.3459247426282214,0.13153009996287598,0.17262973760279887,0.19698867426622219,0.2942127861950853,0.36725832162947014,0.14130938671726168,0.33852338523385234,0.057316912305124174,0.08062007981387902,0.06451612903225808,0.07407362963185184,0.2926794995180559,0.18568887658229666,0.16092987125610297,0.09976578814972638,0.19960930336353125,0.1697195213909497,0.3284606864828347,0.08428763082017701,0.0,0.16362963183332835,0.2204796714852895,0.20786030763325528,0.23625823042585412,0.5950327252498817,0.2760136654614773,0.48751501759652016,0.2933094749760398,0.05673769361645446,0.4226330852215222,0.27770014995808096,0.22814203958983395,0.23905819750119087,0.0,0.18278929808909536,0.2641889485279848,0.20252019644459054,0.05658878722616003,0.3389432945288228,0.3266542465052046,0.16464000164640002,0.21744197872200635,0.373551001116683,0.129031032248258,0.2320701276385702,0.26530894937656047,0.24870061429051732,0.06812710208479451,0.515853038374396,0.29757976788778107,0.24451956720036608,0.31857268875349304,0.23512026803710553,0.24037912261620245,0.5731897764559871,0.12351930952705975,0.3391920792474458,0.12620045179761744,0.2892064869015012,0.24856897838149888,0.19447968883249783,0.3609222593733437,0.18430863058687474,0.16577860248638104,0.3108094374349182,0.34490889974060984,0.26638050345915154,0.11444965894001634,0.06703514747732445,0.06326629861692948,0.05555583333249999,0.11596064010273337,0.17257878677112898,0.2557495319783565,0.2853960615343508,0.2019510642821088,0.10052063830605325,0.39046336579421315,0.22962956370382898,0.15153992877623348,0.04960704315812755,0.07382983978924765,0.4806943743188063,0.13868889881014343
0.18025933304046773,0.12183970880309597,0.21821280403453183,0.09549689465839002,0.07554105514497025,0.18345810304321455,0.1045895000621897,0.2032699593460081,0.08475037459665573,0.07185556599238141,0.11585067540943764,0.1358399212128457,0.12155198615945385,0.08897196885981089,0.08443528792433182,0.07159879594343156,0.1140295108133986,0.0768815986780549,0.12270905759443768,0.10272029583445201,0.23411983377491805,0.06948890480020042,0.049720866748077124,0.09722815167591661,0.17843074048757304,0.12577040749612028,0.07635247851257176,0.10827995885361565,0.15575864178464366,0.09721290732692163,0.08152520218250142,0.10120125287151054,0.039496089261161736,0.07465108360921363,0.08673368515672288,0.08235412907510961,0.17470013277210092,0.14344978195633143,0.0880334075351673,0.055215522891001775,0.037797827263929405,0.09413059147323304,0.0916039160391604,0.16178975246167873,0.10457010352440248,0.3225806451612903,0.25925870370648146,0.1126398073859294,0.09659241561588551,0.13007989593608324,0.03927331025915105,0.10394963721576611,0.11626967211952463,0.1200302508632243,0.13473940984138488,0.3,0.12692971440814255,0.10324984615772921,0.08740812936403144,0.060358547914476125,0.04077018672745522,0.08320310493723357,0.04991548986369359,0.13256976270012477,0.2765985063680656,0.11741085709925685,0.09373105061476732,0.11606103758567601,0.06739849181537172,0.49999500004999947,0.11682955137452272,0.06657873501663462,0.07521307295668077,0.08648167482890265,0.10053097716109799,0.13944181274356568,0.06088200060882,0.11837107717680231,0.13503036188136985,0.258062064496516,0.1385100761805419,0.08371766847803283,0.12159030032804183,0.24215680837326561,0.05956635084580648,0.05868995422183571,0.22634959936120916,0.05007642264500712,0.09833911210658779,0.08761268021371721,0.05476497864165833,0.1436691968891894,0.02485515236208398,0.12947046350425934,0.0884469838658481,0.08296665900703148,0.0708178866913813,0.07406346363728238,0.15729883126968366,0.059232500670019346,0.09461982873810997,0.09638369253602082,0.07015713259698061,0.04761585810474284,0.06825315015693034,0.09332644050079916,0.27777916666249997,0.14051077561948142,0.07820245023677481,0.06619287886703168,0.13566812777983664,0.08248443469297084,0.0841685344701939,0.0873137526445478,0.09075382756772762,0.09652095463515131,0.08205807139052212,0.11109975891352315,0.13365121622606765,0.08767230388190717
0.0026902900459268297,0.0016032961681221583,0.0009954327913113683,0.00450008928177135,0.0028969021147385436,0.003794260767343666,0.002032390285174437,0.03270999345800131,0.006977330839802311,0.001641290086607877,0.0011024064270294695,0.001965398860068661,0.0037980620603340664,0.0027742990289953396,0.001125203836945084,0.0011958965916947137,0.002084491057533363,0.0011018942481120248,0.0007796240124875841,0.001841105302383271,0.0015421989050387777,0.0021166971001249733,0.00041090889876415135,0.003206705002459804,0.0038373159248610888,0.0020216065500052224,0.00044256697726754524,0.0013677994802361977,0.003531169208204505,0.0008983399026594941,0.0023304057794063327,0.0019376239877849687,0.0003560008045618183,0.001653501851922074,0.0041395849733065464,0.0017977246468049075,0.00491510373547884,0.0017409973536840226,0.0013508909085041857,0.0013229125279816398,0.0007643165070735626,0.002388289634822985,0.004604846048460485,0.0037944941944238826,0.002339702316305293,0.0,0.03703681481592592,0.004255792722594445,0.005706565475278874,0.002951897638481889,0.0007778661451425465,0.00038134866909314487,0.003832589192098478,0.0010367021667075284,0.00546587605946286,0.0,0.000364849179089347,0.005508291792645228,0.0018961028062321529,0.001858586079190267,0.0005763726397866903,0.004198955762132521,0.00025427740128495884,0.0013208976355932323,0.014183923406813603,0.002305216828082845,0.00428740231519725,0.0029928267558711977,0.0010229922866381589,0.0,0.003342387165233286,0.003722985182518973,0.0016072015589855123,0.0013602948852912313,0.0027912271307277106,0.0014220184862403212,0.0017752000177520002,0.0014974136264640009,0.002979207984277398,0.06451651613212907,0.008343904589147525,0.0019767921719029994,0.002661006572686235,0.0049840343104277885,0.0012494073590093445,0.004409396560670683,0.0025509954847379923,0.0012105102167062288,0.0028027031950816424,0.0007366373112738139,0.002121399172654322,0.0050099719942565514,0.0007680347080527603,0.002088407476498766,0.0017145384570975927,0.002860088245037313,0.001347997843203451,0.0009284858123211851,0.0047268648793939464,0.0009286021718836909,0.001557697180568103,0.0012590959834838128,0.0027078051177516723,0.0005786482756281386,0.0004832410631303389,0.0018693088231376451,0.0,0.003237117868890637,0.0012271913728446487,0.001586197097259312,0.0019760727301963233,0.0008419144368890826,0.002208714025334061,0.002819824306885525,0.002143395927547738,0.002843098663743628,0.001502101306828137,0.003691491989462382,0.0009615687502756274,0.004428564837195193
0.09553564651810786,0.031106925654447688,0.07265193357734646,0.01205223911642407,0.0350900256157187,0.1555683914228327,0.13452935694967377,0.009345798130840372,0.2446410813135794,0.11848928432472268,0.13602079300122322,0.07213295816288427,0.11775192406643925,0.1078099622665132,0.035885122368267276,0.10180970984232694,0.023409899571530834,0.0919645199452059,0.08676633363455769,0.132260380909897,0.02393498300616207,0.16012978062220057,0.10594971605476099,0.17463027242322499,0.07290930257360569,0.040338130695543456,0.07240450547722758,0.16012993915062312,0.07780432154631613,0.044881495531990216,0.10311025571343417,0.1660320554768468,0.09631721767691195,0.11684013086094656,0.028612896135187024,0.04465061215989271,0.08537206488276931,0.11882981937867457,0.0304527950526893,0.07014966431732109,0.08558160889204737,0.04540180295617518,0.04178141781417814,0.1255098079699938,0.17578017402237228,0.06451612903225808,0.0,0.033410942867287706,0.09940439860338843,0.057409954072036744,0.029351231874731803,0.026423907780561844,0.14344959547214076,0.0690001442103014,0.1369294002492269,0.2,0.03325292518091834,0.09735585493977614,0.08060011928817654,0.06553850911656672,0.00704693227494982,0.11976159043392097,0.01249287232284486,0.04302392298717785,0.09219850212808851,0.020617150505198693,0.09964005380562906,0.0956738553242666,0.037003720991943725,0.0,0.15575940188389678,0.05820676833706201,0.07019306808727604,0.05774478287961637,0.06716065280154522,0.021263276422593496,0.07928700079287,0.030934281501961668,0.024059064478292803,0.032258258066064534,0.01900401045220575,0.06597873872419466,0.02095905176885787,0.13745818830107817,0.062252366666439664,0.04957096133465016,0.07118587400100303,0.1086609170981403,0.10232011664493297,0.09846164061501175,0.03031698817637461,0.06565463299060159,0.03489521390766126,0.0857413069538789,0.029064651920142567,0.06867571774280008,0.10366983412826539,0.023857149345754905,0.08442737270462082,0.09531219651818335,0.06543088157010435,0.014216954647914675,0.03123905904182159,0.06844779602556783,0.10106022233248912,0.2090909869094582,0.0,0.035051193482588026,0.15900888216755835,0.057041895613331034,0.10519854826003401,0.15376081031947042,0.1623810311195476,0.05467347128532248,0.13169974977047544,0.03037198572516671,0.11882010337348993,0.15452966467062765,0.017364158013837925,0.11890905586209644
0.0,0.0,2.9900384219937223e-05,0.0,0.0,0.0,0.0,0.0,0.0,0.0,1.1900069377404471e-05,0.00015299991126005148,0.0,0.0001478099482665181,0.0,0.0,0.0,0.0,0.0,1.9000054720157595e-05,0.0,0.0,0.0001748595313764559,7.38001151281796e-06,0.0,0.0,0.0,3.73999857880054e-05,0.0,0.0,0.0,0.0,4.9400111644252316e-05,0.0,0.0,0.0,0.0,0.0,0.0,0.0,1.439993419230074e-05,0.0,0.0,5.109992181711962e-05,5.01000495990491e-05,0.0,0.0,0.00013817976371260408,0.0,2.629997896001683e-05,0.0,0.0,0.0,0.0,0.0,0.0,0.0,0.0,0.00017574026009558493,2.0299847954138824e-05,0.0,0.0,0.0,0.0,0.0,0.0,2.8200015228008224e-05,0.0,0.00023276824492743327,0.0,0.0,8.339966806932106e-05,6.020005839405664e-05,0.0,0.0,0.0,0.0,0.0,0.0,0.0,0.0,0.0,0.0,0.0,0.0,0.0,0.00011042980453924597,4.4500375583169916e-05,0.0,0.0,0.0,0.0,0.0,0.0,0.0,1.7099929719288854e-05,0.0,0.0,0.0,2.089982381448524e-05,7.829985827725651e-06,0.0,0.0,0.0,0.0,0.0,0.0,0.0,0.0,0.0,0.0,0.0,0.00022848145085721297,0.0,0.0,2.2699989331005012e-05,3.720003236402816e-05,0.0,0.0,6.659947120019867e-05
0.0,0.0,0.0,0.0,0.0,0.0,0.0,0.0,0.0,0.0,0.0,0.0,0.0,0.0,0.0,0.0,0.0,0.0,0.0,0.0,0.0,0.0,0.0,0.0,0.0,0.0,0.0,0.0,0.0,0.0,0.0,0.0,0.0,0.0,0.0,0.0,0.0,0.0,0.0,0.0,0.0,0.0,0.0,0.0,0.0,0.0,0.0,0.0,0.0,0.0,1.73001366710797e-05,0.0,0.0,0.0,0.0,0.0,0.0,0.0,0.0,0.0,0.0,0.0,0.0,0.0,0.0,5.650041245301092e-06,0.0,0.0,0.0,0.0,0.0,0.0,0.0,0.0,0.0,0.0,0.0,0.0,0.0,0.0,0.0,0.0,0.0,0.0,0.0,0.0,0.0,0.0,0.0,0.0,0.0,0.0,0.0,0.0,0.0,0.0,0.0,0.0,0.0,0.0,0.0,0.0,0.0,0.0,0.0,0.0,0.0,0.0,0.0,0.0,0.0,0.0,0.0,0.0,0.0,0.0,0.0,0.0,0.0,0.0
0.0,0.0,0.0,1.740034522284922e-05,0.0,0.0,0.0,0.0,0.0,0.0,0.0,0.0,0.0,0.0,0.0,0.0,0.0,0.0,0.0,9.490027331278715e-06,0.0,1.2499982875023462e-05,0.0,0.0,0.0,0.0,0.0,0.0,0.0,0.0,0.0,0.0,0.0,0.0,0.0,0.0,0.0,0.0,0.0,0.0,0.0,0.0,0.0,0.0,0.0,0.0,0.0,0.0,0.0,0.0,0.0,0.0,0.0,0.0,0.0,0.0,0.0,0.0,0.0,0.0,0.0,0.0,0.0,0.0,0.0,0.0,0.0,0.0,0.0,0.0,0.0,0.0,0.0,0.0,0.0,0.0,0.0,0.0,0.0,0.0,0.0,0.0,0.0,0.0,0.0,0.0,0.0,0.0,0.0,0.0,0.0,0.0,0.0,0.0,0.0,0.0,0.0,0.0,0.0,0.0,0.0,0.0,0.0,0.0,0.0,0.0,0.0,0.0,0.0,0.0,0.0,0.0,0.0,0.0,0.0,0.0,0.0,0.0,0.0,0.0
7.429972509101715e-06,0.0,1.500019275247687e-05,0.0001918638065779225,1.0600007738005649e-05,0.0,1.3899933558317592e-05,0.004672899065420186,1.0200045084199273e-05,0.0004973669959033448,0.0,0.0,0.0,7.959997214000974e-05,0.0,0.0,0.0,7.299961894198913e-06,1.899985408112066e-05,9.490027331278715e-06,0.0,0.0,2.619992978418818e-05,0.0,0.0007674631849722177,0.0,0.0,7.469997161401079e-06,0.0,0.0,2.380005902414638e-05,1.3100162180007788e-05,0.0,0.0,5.1999811240685184e-05,0.0,0.0,0.0,8.43994319918227e-06,0.0,0.0,8.09996484615257e-06,7.360073600736007e-06,1.0199984394023878e-05,0.0,0.0,0.0,5.5299905437161716e-05,6.88995831575219e-06,1.7499986000011198e-05,0.0,3.0099894951366617e-05,1.0299970954081909e-05,9.780020440242719e-06,0.0,0.1,0.0,7.229989227316051e-06,1.850002738004052e-05,0.0,2.170009938645519e-05,6.860091102009835e-06,0.0004532753675257439,4.829991354315476e-05,0.0,5.650041245301092e-06,0.0,9.620086003568871e-06,0.0,0.0,5.5399787264816905e-05,9.25996314534668e-06,8.590008332308084e-06,0.0,8.980087286448423e-06,6.640086321122175e-06,1.0700000107e-05,0.0,1.0200027336073262e-05,0.0,2.450001347500741e-05,0.0,1.1000027170067111e-05,0.0,0.0,0.0,1.0999980530034463e-05,0.0,7.920009028810293e-06,0.0,0.0,1.0499941305328103e-05,0.0,1.0700038306137135e-05,0.0,0.0,6.8799889920176124e-06,2.9300183419148204e-05,0.0,1.0399912328739068e-05,7.829985827725651e-06,4.299986283043758e-05,1.1700022113041793e-05,9.809970766287115e-06,3.8700085140187305e-05,1.0100047672225012e-05,0.0,8.320045926653515e-06,7.299948681360769e-05,0.0,9.689866279845338e-06,0.0,9.520060452383873e-06,0.0,0.0,7.579996437401675e-06,0.0,0.0,0.0,0.0
0.0,0.0,0.0,0.0,0.0,0.0,0.0,0.0,0.0,0.0,0.0,0.0,0.0,0.0,0.0,0.0,0.0,0.0,0.0,0.0,0.0,0.0,0.0,0.0,0.0,0.0,0.0,0.0,0.0,0.0,0.0,0.0,0.0,0.0,0.0,0.0,0.0,0.0,0.0,0.0,0.0,0.0,0.0,0.0,0.0,0.0,0.0,0.0,0.0,0.0,0.0,0.0,0.0,0.0,0.0,0.0,0.0,0.0,0.0,0.0,0.0,0.0,0.0,0.0,0.0,0.0,0.0,0.0,0.0,0.0,0.0,0.0,0.0,0.00010201961640624232,0.0,0.0,0.0,0.0,0.0,0.0,0.0,0.0,0.0,0.0,0.0,0.0,0.0,0.0,0.0,0.0,0.0,0.0,0.0,0.0,0.0,0.0,6.8799889920176124e-06,0.0,0.0,0.0,0.0,0.0,0.0,0.0,1.9300042460093413e-05,0.0,0.0,0.0,0.0,0.0,0.0,0.0,0.0,0.0,0.0,0.0,0.0,0.0,0.0,0.0
0.0,1.1699972037066832e-05,0.0,0.0,0.0,0.0,0.0,0.0,0.0,0.0,0.0,0.0,1.5300250006085098e-05,0.0,0.0,0.0,0.0,0.0,0.0,0.0,0.0,0.0,0.0,7.38001151281796e-06,0.0,0.0,0.0,2.2399991488003234e-05,0.0,0.0,0.0,0.0,0.0,0.0,0.0,0.0,0.0,0.0,0.0,0.0,0.0,0.0,0.0,0.0,0.0,0.0,0.0,0.0,0.0,0.0,0.0,0.0,0.0,0.0,0.0,0.0,0.0,0.0,0.0,0.0,0.0,6.860091102009835e-06,0.0,0.0,0.0,0.0,0.0,0.0,0.0,0.0,0.0,0.0,0.0,0.0,0.0,0.0,0.0,0.0,0.0,0.0,0.0,0.0,1.1000027170067111e-05,0.0,0.0,0.0,0.0,0.0,0.0,0.0,0.0,0.0,0.0,0.0,0.0,0.0,0.0,0.0,0.0,0.0,0.0,0.0,0.0,0.0,0.0,0.0,0.0,0.0,0.0,0.0,0.0,0.0,0.0,0.0,0.0,0.0,0.0,0.0,0.0,3.3299735600099334e-05
0.00018579931254254355,0.0003276792168466718,0.0006586284633757543,0.0008721173028072877,0.0015119011036878057,0.0,6.959966731359023e-05,0.009345798130840372,0.00011254049742899864,7.109957055859383e-06,9.480055268722217e-05,5.879996589601978e-05,0.0005666492590488929,1.1399996010001394e-05,0.00040916139524035776,0.0007861877593648858,0.00036649842772174505,0.00018971900966676953,0.00015211883172737233,0.00032268092932107647,7.19999488800363e-05,0.00014940979530858045,0.00013988962509580474,0.0007158911167901422,0.00345361433249948,0.00034747112580644764,8.84993955491284e-05,0.00014200994603622051,0.00021239814788815046,5.989932673156753e-05,0.00019817049146281885,0.00047131583489003594,0.0,0.000821930920562631,1.0399962248137038e-05,0.00029351402407727005,0.0,0.00020616968662207639,0.0004052572726185553,0.00016271154087829211,2.1599901288451113e-05,8.09996484615257e-06,4.410044100441005e-05,0.0018716971363033814,5.01000495990491e-05,0.0,0.0,0.0002487095747066273,6.199962490226934e-05,4.379996496002803e-05,0.007700860836800609,0.003592687461520759,0.0001756195047529966,4.89001022012136e-05,3.3099855022635e-05,0.0,0.00018762957783344985,8.669987081719249e-05,1.850002738004052e-05,0.00031484764179116296,0.00015225069730819368,0.0005282970157843696,0.001050289266043701,0.0002738395098272774,0.0,0.00015820115486843056,0.0,0.00012510111840399854,0.0010964917324523375,0.0,4.149984064061194e-05,0.0005371478621515086,0.0,0.0,0.00017053165756771154,0.00021263276422593496,9.620000096199999e-05,0.0017733161371768483,0.0013616036490977795,0.032258258066064534,2.450001347500741e-05,1.299994852020386e-05,0.00019711048686290255,0.0006208818167776548,0.00018741110385140167,1.759998627201071e-05,0.00016564970680001896,0.0005162543571867746,0.00018210020759423665,2.8699895245382354e-05,4.119998393200626e-05,0.00010502941288558197,0.0009127355950691978,0.00012786045774043872,5.440122021936952e-05,5.139978874686826e-05,0.0001306697909283345,0.000254111590738558,0.00047470647293090617,9.389920842967294e-05,0.0001408997449714616,5.379982837854748e-05,3.520006652812574e-05,0.0003236490355258741,0.0005992213182869002,0.00020100094872447797,0.0,0.0005325929399130284,0.0017968873678818034,3.1099943087104146e-05,0.0005230827814576159,2.310012173764156e-05,9.520060452383873e-06,0.0001443912446525289,0.0005114990281518465,1.5199992856003358e-05,0.00010411009057577882,0.001749096204461236,1.8700170171548562e-05,0.000166488678079896
0.0367498640255031,0.04262189813366347,0.05807174622193895,0.10301204375894818,0.09404206865071012,0.026939721443280277,0.07829062577080881,0.051401989719602054,0.10447046175944097,0.30777814102002826,0.13956081363954354,0.25304985323108514,0.052881864089659225,0.07249697462605888,0.047416161689111364,0.2178393791577694,0.17257925963497617,0.22060884842181122,0.09252828938273755,0.17667050881106539,0.0906309356520357,0.22979968517443133,0.45250878727645016,0.10602016539145802,0.08211834079111428,0.050250162810527514,0.10835925990625483,0.15269994197402206,0.06697241600053248,0.1563882421961577,0.17824044203629627,0.1121513884341888,0.23329052723659155,0.20620023094425866,0.14214948399737307,0.13739188364272475,0.09445507178585456,0.056581913995490736,0.19747867096854438,0.19778187299433725,0.2059090589956004,0.1235894636217279,0.01909619096190962,0.09217385897399577,0.11247011134541023,0.03225806451612904,0.0,0.14002976054910948,0.11226932077060932,0.1039199168640665,0.19468153798415003,0.23489918020186107,0.04494787324699745,0.20234042289148382,0.010451954220440514,0.1,0.23197947804617436,0.1031098463663289,0.07893511682397289,0.05621457895280364,0.12282056251817634,0.11331150477678344,0.16428832097335963,0.1350797582072328,0.08510554043008167,0.040624296557364874,0.061519033220277936,0.03862734532846724,0.23074826015811845,0.0,0.08154568686456244,0.04725981190594861,0.126480122685719,0.2656390011973555,0.05219050729173087,0.05437370685818916,0.3410800034108,0.021319194004665445,0.028226075645882732,0.0,0.21002011551106356,0.056152777635000574,0.019963049308731797,0.03867349028339806,0.0539433177261414,0.09126692881179553,0.05035791086649777,0.17935151372677585,0.09594010937172467,0.25015908691933275,0.06530997452910993,0.12168931975670257,0.36992226762350056,0.03238111592439501,0.13284297966803396,0.10265957806913414,0.17087972659243744,0.0466192918367669,0.01967485381583615,0.1059891065118321,0.05596689869991335,0.1424595455540497,0.014313027051621128,0.35984892765019555,0.5368411810505983,0.21902103377927942,0.08333275000174999,0.2033211223325953,0.19970859604856975,0.19912963559276686,0.08830478139401675,0.1750109223075606,0.1394108852591214,0.028852248706383848,0.07435385872766842,0.19221990965664246,0.08907807749792743,0.1290797198970078,0.03712733785877451,0.22542821010001177
0.0009661364252952263,0.0001170297202989685,0.0020807267373385745,8.720173008232484e-05,0.0002220201620747183,0.0007588621533653342,0.0003340984030096336,0.0023363995327200936,0.0003273814470259959,0.002302086095399984,0.004314825155430657,0.004177997576761405,0.00261884279189122,0.0010801996219301322,0.0007160324416706261,0.0029232916686187447,0.0025425890922927937,2.919984757679565e-05,0.0017873862728734243,0.0029231084185522456,0.0012542991094476325,0.002490196588430674,0.001381396297857922,0.0013395020896232598,0.0007674631849722177,0.0006064919650339667,0.0003186478236353646,0.0025860990172823736,0.0,0.0010061886904391194,0.005945014743636564,0.004948861266902483,0.0004647810504051739,0.0008412709422234553,0.001757793619209162,0.0027272373904246223,0.00245750186770142,0.001729497371163996,0.0003292677840278135,0.00011319107191945107,0.00023794891257346954,0.00015381933242409728,0.0004045740457404574,0.0026489959470362007,3.340003306603273e-05,0.0,0.0,0.0007737786768384627,0.0003445979151826131,0.0009460192431846055,0.000216071706966485,9.9999651001218e-06,0.002716892338363606,0.0,0.0015462932272356648,0.0,0.0,0.0003180595260913061,0.0008694512867879043,0.0005585958161173373,0.0,0.00018525246015267083,0.0,0.0013530975779553357,0.007092161702326807,0.00036725268094457095,1.4100007614004112e-05,0.0,0.0035772730273613738,0.0,2.079992012830671e-05,0.000398228415050908,0.0011087010754400432,0.00027205897705824626,0.0009693094216875786,0.00033888440549727147,7.4900000749e-05,0.0016550150606370517,0.0003378509054404266,0.0,0.0006606603633631999,0.0017745929726118287,0.0009417423261035456,0.0041675450717559535,0.00037482220770280333,0.0011464991057306977,0.001269997752103979,0.001628913748032033,0.0027552031409315805,9.569965069627495e-06,0.00028834988754354384,2.0999882610656205e-05,1.1100068043417108e-05,0.0028982103755931447,2.720061010968476e-05,0.0009333661638650666,0.0008872085804662713,0.000459352875549001,0.0013432900193551562,0.001606786454790186,0.0005087890790917667,1.0799965548109902e-05,0.0006212711742025193,8.829973686678413e-05,1.9300042460093413e-05,0.0020603097246619006,0.0,0.00034951192930584977,0.0011394919893713148,5.439990044818218e-05,0.001191483557526906,0.0007727140722031606,0.003141719949921682,0.00038221329467860016,0.0006332787967702861,0.0013570993621632996,0.0009741408475025373,0.005904487187262803,0.00045744416274188095,0.0012985896891978676
0.012752952814074587,0.020748950410008522,0.015500199177559432,0.002232644295662826,0.003837802801596045,0.0020868784216771198,0.01861191103506525,0.0023363995327200936,0.008031035497176897,0.010309937727976124,0.014545084797844374,0.006543596204714201,0.01755028677168585,0.007242797465020886,0.004110214015829794,0.02284393489478555,0.009460259415487105,0.007647260081302376,0.012987900252926057,0.0036206104273580307,0.0015010989342197569,0.016297977671770592,0.011391969469521823,0.017709027626083097,0.00306981273972287,0.0055089178488938306,0.015755892387254992,0.012444995270901798,0.002761175922545956,0.0031142649956614485,0.012294030489195614,0.011102137444461563,0.004173109431227315,0.007397408285097279,0.002288191693864151,0.007166498252691044,0.009830107470881679,0.015702976131476285,0.005724261475720268,0.00460544361355102,0.0035403838204459406,0.005707575229123507,0.0032219322193221935,0.012968980157460359,0.015275015122264972,0.0,0.0,0.006936388138776284,0.005534266517687568,0.005737495410003672,0.0020916165237705375,0.0023081919444101137,0.010794969558185848,0.005653011814794693,0.007127968779496745,0.0,0.0025747942067130348,0.004662493052885351,0.0046340068583301496,0.0042148684306354545,0.0007177432872642557,0.008994819451202311,0.0014261854243849627,0.005557290052450806,0.014183923406813603,0.0023335170346743535,0.007446604021166171,0.005947153167549318,0.007558843006323733,0.0,0.004518782647874632,0.0038155848139724397,0.007709507478222254,0.004965081331294194,0.007539073279792278,0.0027974363666727667,0.008812100088121,0.0072113656234271736,0.014354038468823098,0.0,0.002300101265055696,0.005760777187322339,0.005968014740996411,0.016916777036878654,0.003717021893258951,0.005582395645731397,0.011175980218515014,0.006150551910658125,0.011409013006274827,0.00690717478881202,0.004160398377444632,0.007950755555276445,0.0010574064819017341,0.006435723039888483,0.002394853716568862,0.0072956700147962395,0.01123098203042875,0.003909424472997201,0.005777257074979933,0.004183964729177333,0.004626091626774155,0.0025397918980638455,0.0027312051619777563,0.004030987987655796,0.0028801063362339395,0.01713608088230176,0.027777916666249996,0.004576925264627461,0.0007596746594871437,0.004175492358848984,0.00474653449782393,0.006181732577730686,0.01341408517944089,0.0037541323606209483,0.014020973360150617,0.005360197480707184,0.015646013612031842,0.01843795998962682,0.0009242184103875345,0.007625139456392716
0.0098248636480045,0.017214958856248335,0.0326394194165395,0.13331264492287528,0.03868502824007061,0.07266124868268863,0.01631492201467277,0.24999995000000996,0.1257905559942575,0.028726826489968,0.0293271709774068,0.005919896566459991,0.04414472132474645,0.05225798170970639,0.011698039890316026,0.06826580544245449,0.015644932883237928,0.11740938712299921,0.05191160131890187,0.014962043090684102,0.021354984837960767,0.09472687022418781,0.08491877241768993,0.07151511156357404,0.061013253205000804,0.033148107399867975,0.19051869875728747,0.041743984137286035,0.0294837429017619,0.1320685155498852,0.04857412046381875,0.05310265741089874,0.07697517396389317,0.05346405987974706,0.05213981073248703,0.04440560880089666,0.02543001932681469,0.03985893941441209,0.10362930257479368,0.11647110298134523,0.08818459699639172,0.05684075331113064,0.007216172161721617,0.028136956950455864,0.08456408371844287,0.03225806451612904,0.07407362963185184,0.022439961627665622,0.1727589548083234,0.01773798580961135,0.20224159770862188,0.058647795319194326,0.017829949719541792,0.052902110565411074,0.009559158130887388,0.0,0.05672787236228718,0.16278975744326138,0.04911507269030758,0.08353537432004635,0.029471134977798203,0.08381411305142132,0.04078358319177978,0.060227892192072974,0.021276885104820432,0.023809173806968793,0.05188602801845513,0.01469413136553441,0.05498258543130585,0.16666833331666683,0.02558290176165724,0.06638473578875155,0.0565450548487032,0.34235871273124013,0.029393285702737026,0.013475175177277306,0.1274200012742,0.025771234518234116,0.010197027328033239,0.06451651613212907,0.04043902224146224,0.06881672748575916,0.034319084768139385,0.00816499238540036,0.02789316429073767,0.031447975470579134,0.028281949940948608,0.12168102698786776,0.06175407039964026,0.058232787450325806,0.02078099189541316,0.02453486285011667,0.05994036743445238,0.035492127061814885,0.18379412250216773,0.04891179897250623,0.05733790825934678,0.009196857572328403,0.031916762858451964,0.2156381821701243,0.04525091809583824,0.09526469610561943,0.016915031969410424,0.1683594982886951,0.023041050690311517,0.06123628903528424,0.11110966667099996,0.07563641751302468,0.04690967022501831,0.10213981308414205,0.032847546703855486,0.04665124585206565,0.04540228830453073,0.04211936306890965,0.05295989937619119,0.05849897250548292,0.30102026188762787,0.048839894017429976,0.007123064819889861,0.04565063753393797
0.00027497898257776443,0.0002925793007354713,0.00139211788871487,8.720173008232484e-05,0.0004440503241567366,9.489901874414618e-05,0.00381428176773315,0.0,0.0005626824870565928,0.0007034257513084622,0.00033191193504658134,0.0003413098020403148,0.001807129528496496,0.008266197106831012,0.0007904226953413912,0.0005204285167787272,0.007971365802840705,0.003458781945158246,0.001749386564711183,0.00018981054665437438,0.00041125970800560735,0.0,0.0022818938845243896,0.0027787043347787623,0.0011512047774998267,0.0011119036025676724,0.0030094794452553888,0.0009641796336117394,2.6599768050022606e-05,0.002407572938880167,0.0008164420247762215,0.0,0.001068002413685455,0.0009379710505275766,0.001019296299954431,0.002311431689728466,0.0005342504060303087,0.0021303967617969225,0.00044746698854716707,0.009529190241431586,0.0007643165070735626,0.0015867931133178885,0.0012726127261272614,0.0046024929581857735,0.0030584030278189974,0.0,0.0,0.000442159243907693,0.0006409561222154606,0.0020058983952812837,0.00027657218492026085,4.009986005148842e-05,0.0018387948145986229,0.00014671030662454084,0.00015710931186121405,0.0,1.039997660005265e-05,0.0009325086105621702,0.0066781098836026275,0.004438266757381988,0.0,0.0005763276536312401,0.0,0.0006604288178324162,0.007092161702326807,0.0010566077132363068,0.0007897904264868302,0.0006255055920199926,0.011919910123877667,0.0,0.00010379960140953059,0.005112179653524978,0.0010743010420720108,0.0,0.00024233235547049513,0.00043190561477299207,0.00993500009935,0.0030736279700145273,0.0005323714267554238,0.0,0.0,1.299994852020386e-05,0.003964109791351185,0.001335282400977955,0.0016867099347215155,0.0003703897110960254,0.004240692493974286,0.0007921766859712295,0.00327770373658226,0.00011479958098152942,0.0021007991806883193,0.008265853793877292,0.0,0.0019179068661065806,0.0,0.0013443944745387098,0.0,0.0007427846498319079,0.002625980488964967,0.007126239925797425,0.00022699958913074365,0.0004950484207955377,0.0,0.004668486087911457,5.800012760028072e-05,0.00046231218211349956,0.0,0.0,0.0005551460973229358,0.0029935945217220254,0.0006974503751848224,0.0005997131604883559,0.005712136272065328,0.0003397429285840444,0.0016968967758961258,0.0009931795332056193,0.004231203681147203,0.006493885908267579,0.0005881453521227044,0.0005327657698397874
0.0,0.0,0.0,0.0,0.0,0.0,0.0,0.0,0.0,0.0,5.9300345721015555e-05,0.0,2.3000375826141e-05,0.0,0.0,0.0,0.0,0.0,0.0,0.0,0.00016449988320508293,0.0,0.0,1.4800023088036019e-05,0.0,0.0,0.0,0.0,0.0,1.1999865121516034e-05,0.0,0.0,0.0,0.0,0.0,0.0,0.0,0.0,0.0,0.0,0.0,0.0,0.0,1.0199984394023878e-05,0.0,0.0,0.0,0.0,0.0,0.0,0.0,0.0,0.0,0.0,0.0,0.0,0.0,0.0,0.0,0.0,0.0,0.0,0.0,0.00017718968283046775,0.0,0.0,0.0,0.0,0.0,0.0,0.0,0.0,0.0,0.0,2.690026147054149e-05,0.0,0.0,0.0,0.0,0.0,0.0,0.0,0.0,0.0,0.0,0.0,0.0,0.0,0.0,0.0,0.0,0.0,0.0,0.0,0.0,0.0,0.0,0.0,0.0,0.0,0.0,0.0,0.0,0.0,0.0,0.0,0.0,0.0,0.0,0.0,0.0,0.0,0.0,0.0,4.0599922860146567e-05,0.0,0.0,2.8999937070136555e-05,0.0,0.0
0.02123992141229077,0.009818776533124088,0.05307968207391465,0.0030000595211809003,0.0037638027475760056,0.09182205055999722,0.01195794284103322,0.011681997663600466,0.03641116093733134,0.03185280760904204,0.04197524471567669,0.04306297502347448,0.055982914760827195,0.05904597933390723,0.0066488226724853135,0.05648383902105879,0.02844987795002359,0.005487371355921522,0.04343066645248164,0.035703102824936134,0.010815992320645453,0.047748934583959624,0.01536095883263033,0.04795707481303671,0.006139725479860742,0.011700037908122823,0.05546262119029727,0.03656398610568528,0.003570968861151531,0.006336328779664516,0.04488911132499609,0.04199951995405703,0.010502023734573639,0.026814030031713634,0.015652943179816255,0.05423774359946475,0.027674021032255986,0.045448930917625016,0.02108185811909486,0.004216339928739125,0.00754946549894267,0.006452371996705535,0.004899048990489905,0.053849917609626055,0.01779901762102744,0.0,0.0,0.004863791682916223,0.04703171545812147,0.010204991836006531,0.01026808111784083,0.0004817083188379672,0.05896583371634892,0.00013693028618429813,0.10285954947517328,0.0,0.000500358874192533,0.042482936700424315,0.05966808830877069,0.02697479795876329,0.00046762214170940913,0.006627788017024867,0.00024321751431700364,0.029525947148554603,0.03546080851163404,0.010074073540736849,0.011170006031803256,0.0008757078288279897,0.014057894003479215,0.0,0.001674593569560693,0.02261590998867824,0.031972031012870085,0.00020404923277488477,0.01769917203595219,0.0015881206455683925,0.009528600095286,0.01458013267920738,0.011456030702162282,0.032258258066064534,8.160004488002468e-06,0.017445930914113582,0.016929041814733283,0.025787660118639633,0.009370655193159086,0.012002990637667302,0.03682993481101539,0.01130409540656523,0.029974034170398952,2.8699895245382354e-05,0.007002697268948064,0.0010082943636345071,0.004608228248439163,0.053382191108244166,0.0012654283835586433,0.03093787284534261,0.028156954948872083,0.004173326125021542,0.04068369772012594,0.04470862310630721,0.005901989317399335,0.002044793477108808,0.0072443136917528786,0.0032757902381450902,0.0,0.022834107776988705,0.0,4.9900275449520486e-05,0.015470891239634584,0.004525391718533155,0.006364212173872,0.01954810301850291,0.04749630160151517,0.005784149859371788,0.048518907814075155,0.01466299310839324,0.009852908572030458,0.034817924445103954,0.0015124137629652428,0.01778085881998097
0.005588779321516509,0.0021650948254233675,0.00639168213311541,0.0002267544988092564,0.0003594702624132916,0.0023714754789435476,0.0035219831649204716,0.0,0.009586142370749279,0.005904464337035405,0.009246153905077268,0.01985498848410668,0.003744461184495755,0.0023990991603152936,0.0014228048517645447,0.005093585483281373,0.005680775629472549,0.00011674939056818123,0.005020061445928096,0.01184403411081824,0.0011720991678095909,0.005005293142748395,0.0017485953137645592,0.0028156043923428524,0.0023024095549996535,0.0007075722925342279,0.0036290752134162923,0.00491059813397271,0.0011814896974098388,0.0006468127298249167,0.005477313583737688,0.004529956080856281,0.000623001407983182,0.00468020524182987,0.0014976945633687348,0.0026538363840968257,0.004274003248242469,0.004570093053458559,0.002169785397344276,0.0006296159624631644,0.0005263675945000931,0.0001861991918955072,0.0005149151491514916,0.008397087152456656,0.011615011498861384,0.0,0.0,0.0018238968811363336,0.005444667059764288,0.0021723982620813903,0.0014001110608773807,0.00018063936956860019,0.003037191435120153,3.910008171917079e-05,0.007665466425257057,0.0,0.00013550969510318602,0.0069322896708883894,0.003551805256671779,0.0007820341425642722,2.170009938645519e-05,0.0003910751934785694,1.1099886559159364e-05,0.0012080978375048708,0.0,0.00042375309339758184,0.0033002017821089622,0.00010585094630745999,0.0017334869295085517,0.0,0.00022143914967366526,0.0008705565351849898,0.0016416015923535446,0.0,0.0033118321910088964,0.0014153183991391888,0.002684300026843,0.001182210758117899,0.0016790044997320593,0.0,0.0,0.004103683749412353,0.0022668055990098294,0.009883069741140811,0.0008121247834149743,0.0016755986930330196,0.010391981606192558,0.003061925842654112,0.00191600218424249,0.0,0.0009268196385403409,0.0005566568882879945,1.1100068043417108e-05,0.0027916099939637785,0.0002177148833448334,0.001541293665283036,0.0035419943328090673,0.001710410707171027,0.0033431751602085603,0.0033596716779677547,0.0005635889799039464,6.459979392665738e-05,0.0004454408418831912,5.879982477652216e-05,0.0,0.003608017029840381,0.027777916666249996,0.0,0.0014316899352197552,0.00012440977233011666,0.0033903532131256586,0.00184530972478225,0.006959344191835619,0.00047564410005214246,0.002313895603598353,0.001258499408505278,0.006476905634907902,0.004522590185979295,0.0018951172455669346,0.003496272239598417
0.00862836807503812,0.0010181975665078161,0.0002844136547154631,0.0031396622908998516,0.0010467007640915578,0.00369946174756553,0.0030346854942033376,0.0,0.0001432306330793982,0.00039078763964265663,0.0001659509674941405,0.0017770989692825977,0.00029098475469089164,0.002501499124475306,0.0007253224733496342,0.0013287962129307932,0.005314277201750804,0.0009267251624946517,0.0005894754728283687,0.0004223212162851029,0.002107698503534063,0.0002863696076736375,0.0002098294376571071,0.00023617036842577476,0.0,0.0012382040117809984,0.0006550055263122553,0.0007025797330197015,0.00035842687451765427,0.004863045339370386,0.0013158032631920928,0.0005236864832386625,0.0007713317432097396,0.0012281013754735404,0.008403969493590737,0.002555935041869424,0.0,0.0006986789380080144,0.000987813352016141,0.00012026113887298513,0.00015862927506421295,0.0025258890376415773,0.0014344143441434416,0.0008284587324581394,0.000484660479813875,0.0,0.0,0.0017962969283322528,0.00026189841551458616,0.003407397274082181,0.001235909763687133,0.00028098901934832247,0.0011776966788953657,0.00034231071542939527,0.00535017656622664,0.0,5.209988277526375e-05,0.0003180595260913061,0.0007399610951424208,0.0005382759683129973,0.0014246065246978834,0.00044596592242744984,0.0012713870064247942,0.002786695011815929,0.0,0.0023391170755546523,0.001001300540702292,0.00028869258091167337,0.0008330637186995611,0.0,0.0009687962798222855,0.0013150947659228314,0.0012376012004731644,0.002754589642742943,0.00017950174475695903,0.0002857237144082873,0.0003636100036361,0.0008669378891347911,0.0004095210975165414,0.0,0.007030703866887127,0.0006197875456413192,0.0013579033540212844,0.0086838855463885,0.0010620062552168432,0.000264569793635561,0.0029816947224003414,0.0017980151752480789,0.0004354404964021659,0.0003252688127688334,0.0014416994377372191,0.001491391663120603,0.0015806096891373945,0.00399571430465721,0.0024356546317333898,0.0006679172548600827,0.00024758960385663385,0.0008014250169206059,0.0005858056474640393,0.002389279858370794,0.0019411964864343592,0.0006995277685064185,0.001289402436970606,0.00044133868481071925,0.0004639110206042453,0.0007437135103277687,0.0,0.0030541168587250606,0.00016069887028694188,0.0005442890039511228,0.0005715221129948407,0.0002421912763480264,0.0013519085846195125,0.0017327149360027484,0.0007469485807976965,0.0036239982967208005,0.00011898010351269007,0.0005411588256853481,0.0008495377307933502,0.001531687838398563
0.0,0.0,0.0,0.0,0.0,0.0,0.0,0.0,0.0,0.0,0.0,0.0,0.0,0.0,0.0,0.0,0.0,0.0,0.0,0.0,0.0,0.0,0.0,0.0,0.0,0.0,0.002354483918874834,0.0,0.0,0.0,0.0,0.0,0.0,0.0,0.0,0.0,0.0,0.0,0.0,7.070066953534049e-06,0.0,0.0,0.0,0.0,0.0,0.0,0.0,0.0,0.0,0.0,0.0,0.0,0.0,0.0,0.0,0.0,0.0,0.0,0.0,0.0,0.0,0.0,0.0,0.0,0.0,0.0,0.0,0.0,0.0,0.0,0.0,0.0,0.0,0.0,0.0,0.0,0.0,0.0,0.0,0.0,0.0,0.0,0.0,0.0,0.0,0.0,0.0,0.0,0.0,0.0,0.0,0.0,0.0,0.0,0.0,0.0,0.0,0.0,0.0,0.0,0.0,0.0,0.0,0.0,0.0,0.0,0.0,0.0,0.0,0.0,0.0,0.0,0.0,0.0,0.0,0.0,0.0,0.0,0.0,0.0
0.002876089358469373,0.0020128951891804983,0.0355814572217253,0.0004360586514036438,6.340004628203378e-05,0.03348465376868003,0.00783736253740707,0.011681997663600466,0.006322527945573519,0.004192174679264938,0.0024419142363599983,0.03434198008165155,0.010789176295140663,0.00661749768387581,0.002715309259204574,0.00027682921103674854,0.00861276305124651,0.0008391656195554659,0.0068835471343580085,0.017610050716946067,0.00028787979560534517,0.01622397777315045,0.0015299958996109891,0.015303023872717243,0.0011512047774998267,0.00041064133047791077,0.010975925034432014,0.0059419977420408585,0.0007566734018079363,0.0006707624606299425,0.01697904210802443,0.007383991413813702,0.0006823315420692851,0.005811506508887289,0.0057620790836529255,0.001112915258068188,0.006731505115943888,0.008991286333244775,0.0019418869311009538,0.0017049161455558984,0.00038936822058723193,0.0007448167674952292,0.0012358123581235813,0.045677930112766926,0.008038607958221878,0.0,0.0,0.0011606980152063942,0.00279818307099242,0.001935798451361239,0.001279110104969829,0.005017782487939116,0.004245788026877764,0.0012714026572315535,0.017323924121212347,0.0,0.0015218965757327046,0.0035203947546118153,0.004347306434013522,0.0010866918606779635,0.0008917440841879058,0.0006517986558861502,0.0,0.00046712916383879674,0.014183923406813603,0.0003333524334727644,0.0036951019953550776,0.004378539144139948,0.013892895247569835,0.0,0.008345567953019061,0.0011298955030158977,0.0029394028512207656,0.004420983377102502,0.003231031405625262,0.0003056539735016555,0.0035612000356120004,0.0033495304807273744,0.001197803210112603,0.0,0.0008074704441087444,0.008885864811975347,0.002978507356913172,0.006064220073579429,0.0006559438635093561,0.00888939306627341,0.02230796051490989,0.0037651317777122034,0.0063100071934081995,0.002037692562422147,0.0011327995582081723,0.001281392837014041,2.2300136699837973e-05,0.0038252136942650253,0.00028575640951626543,0.002945687893222759,0.005226991636813381,0.00217951364375541,0.0033532750851661174,0.0012937890933579427,0.0009471382856797028,0.00015066951936423324,0.0015590029465155691,0.0008532674572629774,0.008389118456060603,0.00695473282633894,0.027777916666249996,0.0012899071202873043,0.0014170900378570337,0.0007231286766745217,0.0022763685861135114,0.0014647077190096795,0.014395091408830446,0.0012740109819746647,0.006787487103774503,0.005299497509236171,0.007473306501776657,0.011122975863142376,0.00036408331315814977,0.004128867216794297
0.0,0.0,0.0016391210627056559,0.0,0.0007189305248192831,0.0,0.00040369807032322383,0.0,0.0,0.0006181662662757517,0.000889055183191718,0.001435799167236483,0.000467097632375313,0.0003411098806115417,0.0,0.00016609952661634914,0.0010536954796463922,0.0,0.0009127329902106353,0.0006263718039507954,0.0001953498613015985,0.0,0.0002010894610802443,0.0005572108692489561,0.0,0.00019584063452365586,0.0010975925034432015,0.0005082498068650735,0.0,2.3999730243032067e-05,0.0,0.0,5.930013401830288e-05,2.9000032480036378e-05,0.0,0.0011373155925967745,0.00032055024361818515,0.00132859798053107,0.0,0.0,2.879986838460148e-05,7.289968361537313e-05,0.00014712147121471214,0.0009614185290296506,0.0,0.0,0.0,0.0,0.0,0.0003065797547361962,0.0,0.0,0.0,0.0,8.269963777558655e-06,0.0,0.0,0.0,0.0003792305612612306,0.00027421794610758366,0.0,0.00028130373571361026,0.0,0.0007087487313397709,0.0,0.00016385119611373166,0.0,0.0,0.0012066909015506025,0.0,0.0,7.409970508317375e-05,0.0003781703668252558,0.0,0.0005744055832222688,0.0,0.0,0.0005122746616994214,0.00012286032926568243,0.032258258066064534,0.0,0.00022181912159627848,0.000689881704007809,0.0,0.00012494073590093446,0.0,0.0003202594331408034,0.0005340545074200426,0.0015438017599340062,0.0,0.00014416994377372191,0.0,0.0,0.00105490377655552,0.0,0.0002825788386009734,0.0,0.0,0.0011917911449917929,0.0004590861299039249,0.00018002967414628977,0.0,1.1700022113041793e-05,0.0,0.0,5.030023741712061e-05,0.0,0.0,0.00036522743245114985,0.0,0.0,0.0002652613979275671,0.0007711448967700946,0.00023782205002607123,0.00019485962976670344,0.0,0.0,0.0030246934364152427,0.0,0.0
0.0,0.0,0.0,0.0,0.0,0.0,0.0,0.0,0.0,0.0,0.0,0.0,7.66012516644522e-06,0.0,0.0,0.0,0.0,0.0,0.0,0.0,0.0,0.0,0.0,0.0,0.0,0.0,0.0,0.0,0.0,0.0,0.0,0.0,0.0,0.0,0.0,0.0,0.0,0.0,0.0,0.0,0.0,0.0,0.0,0.0,0.0,0.0,0.0,0.0,0.0,0.0,0.0,0.0,0.0,0.0,0.0,0.0,0.0,0.0,0.0,0.0,0.0,0.0,0.0,0.0,0.0,0.0,0.0,0.0,0.0,0.0,0.0,0.0,0.0,0.0,0.0,0.0,1.0700000107e-05,0.0,0.0,0.0,0.0,0.0,0.0,0.0,0.0,0.0,0.0,0.0,0.0,0.0,0.0,0.0,0.0,0.0,0.0,0.0,0.0,0.0,0.0,0.0,0.0,0.0,0.0,0.0,0.0,0.0,0.0,0.0,0.0,0.0,0.0,0.0,0.0,0.0,0.0,0.0,0.0,0.0,0.0,0.0
0.0,0.0,0.0,1.740034522284922e-05,0.0,0.0,0.0,0.0,0.00020461090438019737,0.0,0.0,0.0,0.000268004379191556,0.0,0.00030687104643026833,0.00017716949506693907,2.289990175942145e-05,0.0,0.0,0.0,0.0,0.0,0.0,0.00045020070231309564,0.0,0.00010108032750026111,0.0,0.0,0.0,0.0,0.0008719321623917628,0.0,0.0,0.0,0.00026001905613082623,0.00036688502999376117,0.0,0.0,0.0,0.0,0.0,0.0,0.0008532885328853289,0.0,3.340003306603273e-05,0.0,0.0,0.0,6.88995831575219e-06,0.00025402979677616253,0.0,0.0,0.0,0.0,0.0,0.0,0.0,0.0,0.0,0.0,0.0,0.0,0.0,1.6099971181051584e-05,0.0,9.040065992481747e-05,0.0,0.0,0.0009126931182938882,0.0,0.0,0.0,0.0,0.0,0.0,1.9900258703363144e-05,0.0,0.0,0.0,0.0,0.0,0.0,0.0034385084931159784,0.0,0.00015618091990561824,0.0,0.0,0.0001869215776181151,7.920009028810293e-06,0.0,0.00016476993573972507,0.0,0.0,0.0,0.0,0.0,0.0,0.00030298189666667317,0.0,0.0,6.259988669420508e-05,0.0,0.0,9.809970766287115e-06,0.0,0.0,0.0,0.001606108865720939,0.0,6.219988617420829e-05,0.0,0.0,0.0,0.0,0.00014613972233452758,0.00025776987884815693,0.0,0.0,0.0,0.0
0.0,0.0,0.0,0.0,0.0,0.0,0.0,0.0,0.0,0.0,0.0,0.0,0.0,0.0,0.0,0.0,0.0,0.0,0.0,0.0,0.0,0.0,0.0,0.0,0.0,0.0,0.0,0.0,0.0,0.0,0.0,0.0,0.0,0.0,0.0,0.0,0.0,0.0,0.0,0.0,0.0,0.0,0.0,1.0199984394023878e-05,0.0,0.0,0.0,0.0,0.0,0.0,0.0,0.0,0.0,0.0,0.0,0.0,0.0,0.0,0.0,0.0,0.0,0.0,0.0,0.0,0.0,0.0,0.0,0.0,0.0,0.0,0.0,0.0,0.0,0.0,0.0,0.0,0.0,0.0,0.0,0.0,0.0,0.0,0.0,0.0,0.0,0.0,0.0,0.0,0.0,0.0,0.0,0.0,0.0,0.0,1.360030505484238e-05,0.0,0.0,0.0,0.0,0.0,0.0,0.0,0.0,0.0,0.0,0.0,0.0,0.0,0.0,0.0,0.0,0.0,0.0,0.0,0.0,0.0,0.0,0.0,0.0,0.0
0.0,0.0,2.9900384219937223e-05,0.00013954276852852761,0.0,0.0,1.3899933558317592e-05,0.004672899065420186,2.0500090610400497e-05,0.0,0.0,1.179999315600397e-05,1.5300250006085098e-05,0.0,4.650015856554071e-05,0.0,2.289990175942145e-05,0.00035025817165234397,1.899985408112066e-05,1.420004089611778e-05,7.19999488800363e-05,1.2499982875023462e-05,0.0,3.69000575640898e-06,0.0,0.0,1.769987910982568e-05,2.2399991488003234e-05,0.0006106446751784325,0.0,0.0,2.6200324360015575e-05,0.0,2.9000032480036378e-05,2.0799924496274076e-05,0.0,0.0,3.439994771207949e-05,0.0,7.070066953534049e-06,0.0,0.0,0.0,1.0199984394023878e-05,1.6700016533016366e-05,0.0,0.0,0.0,6.88995831575219e-06,0.0,0.0,0.0,0.0,9.780020440242719e-06,0.0,0.0,0.0,0.0,9.25001369002026e-06,0.0,1.0900049922228646e-05,7.550100265331524e-05,0.0,0.00019329965399361937,0.0,5.650041245301092e-06,0.0,0.0,4.899963054278571e-05,0.0,0.0,0.0009353762772024165,0.0,0.0,8.980087286448423e-06,0.0,0.0,0.0,0.0,0.0,0.0,6.5199741809022444e-06,1.1000027170067111e-05,0.0,3.1200183769082396e-05,0.0,2.2099960883069238e-05,0.0,0.0,9.569965069627495e-06,4.119998393200626e-05,0.0,1.1100068043417108e-05,0.0,0.0,0.0,1.3799977920035328e-05,0.0,0.0,2.089982381448524e-05,0.0,0.0,0.0,0.0,0.0,1.0100047672225012e-05,0.0,8.320045926653515e-06,0.0,0.0,0.000106558529492293,0.0,0.0,0.0,2.4399953640088085e-05,0.0,7.440006472805631e-06,0.0,0.0,3.3299735600099334e-05
0.0,0.0,0.0,1.740034522284922e-05,0.0,0.0,0.0,0.0023363995327200936,0.0,0.0,0.0,0.0,0.0,0.0,0.0,0.0,0.0,0.0,0.0,0.0,0.0,0.0,0.0,0.0,0.0,0.0,0.0,0.0,0.0,0.0,0.0,0.0,0.0,0.0,0.0,0.0,0.0,0.0,0.0,0.0,0.0,0.0,0.0,0.0,1.6700016533016366e-05,0.0,0.0,0.0,0.0,0.0,0.0,0.0,0.0,0.0,0.0,0.0,0.0,0.0,0.0,0.0,0.0,0.0,0.0,0.0,0.0,0.0,0.0,0.0,0.0,0.0,0.0,0.0,0.0,0.0,0.0,0.0,0.0,0.0,0.0,0.0,0.0,0.0,0.0,0.0,0.0,0.0,0.0,0.0,0.0,0.0,0.0,0.0,0.0,0.0,0.0,0.0,0.0,0.0,0.0,0.0,0.0,0.0,0.0,0.0,0.0,0.0,0.0,0.0,0.0,0.0,0.0,0.0,0.0,0.0,0.0,0.0,0.0,0.0,0.0,0.0
0.0,0.0,0.0,0.0,0.0,0.0,0.0,0.0,0.0,0.0,0.0,0.0,0.0,0.0,0.0,0.0,0.0,0.0,0.0,0.0,0.0,0.0,0.0,0.0,0.0,0.0,0.0,0.0,0.0,0.0,0.0,0.0,0.0,0.0,0.0,0.0,0.0,0.0,0.0,0.0,0.0,0.0,0.0,0.0,0.0,0.0,0.0,0.0,0.0,0.0,0.0,0.0,0.0,0.0,0.0,0.0,0.0,0.0,0.0,0.0,0.0,0.0,0.0,1.6099971181051584e-05,0.0,0.0,0.0,0.0,0.0,0.0,0.0,0.0,0.0,0.0,0.0,0.0,0.0,0.0,0.0,0.0,0.0,0.0,0.0,0.0,0.0,0.0,0.0,0.0,0.0,0.0,0.0,0.0,0.0,0.0,0.0,0.0,0.0,0.0,0.0,0.0,0.0,0.0,0.0,0.0,0.0,0.0,0.0,0.0,0.0,0.0,0.0,0.0,0.0,0.0,0.0,0.0,0.0,0.0,0.0,0.0
0.0,0.0,0.0,0.0,0.0,0.0,0.0,0.0,0.0,0.0,0.0,0.0,0.0,0.0,9.300031713108143e-06,0.0,0.0,0.0,0.0,0.0,0.0,0.0,0.0,0.0,0.0,0.0,0.0,0.0,0.0,0.0,0.0,0.0,0.0,0.0,0.0,0.0,0.0,1.1499982520026572e-05,0.0,0.0,0.0,0.0,0.0,0.0,0.0,0.0,0.0,0.0,0.0,1.7499986000011198e-05,0.0,0.0,0.0,0.0,0.0,0.0,0.0,0.0,0.0,0.0,0.0,2.060027357163303e-05,0.0,0.0,0.0,0.0,0.0,0.0,0.0,0.0,0.0,0.0,8.590008332308084e-06,0.0,0.0,0.0,0.0,0.0,0.0,0.0,0.0,0.0,0.0,0.0,0.0,0.0,0.0,0.0,7.920009028810293e-06,0.0,0.0,0.0,0.0,0.0,0.0,0.0,0.0,0.0,0.0,0.0,0.0,0.0,0.0,0.0,0.0,0.0,0.0,0.0,0.0,0.0,0.0,0.0,0.0,0.0,0.0,0.0,0.0,0.0,0.0,0.0
