0.0,0.0,0.0,0.0,0.0,0.0,0.0,0.0,0.0,0.0,0.0,0.0,0.05916599159839325,0.0,0.0,0.0,0.0,0.0,0.0,0.07501019887341899,0.0,0.0,0.0,0.0,0.0,0.08665354329540848,0.0,0.0,0.0,0.0,0.0,0.11946724621394093,0.0,0.0,0.0,0.0,0.0,0.0,0.0,0.0,0.0,0.0,0.0,0.0,0.0,0.0,0.0,0.0,0.0,0.0,0.0,0.0,0.0,0.0,0.0,0.0,0.0,0.0,0.0,0.0,0.0,0.0,0.0,0.0,0.0,0.0,0.0,0.0,0.0,0.0,0.0,0.0,0.0,0.0,0.0,0.0,0.0,0.0,0.0,0.0,0.0,0.0,0.0,0.0,0.0,0.0,0.0,0.0,0.0,0.0,0.0,0.0,0.0,0.0,0.0,0.0,0.0,0.0,0.0,0.0,0.0,0.0,0.0,0.0,0.0,0.0,0.0,0.0,0.0,0.0,0.0,0.0,0.0,0.0,0.0,0.0,0.0,0.0,0.0,0.0
3.039260922343671e-05,0.0,1.2561526778982652e-05,2.4677586097991396e-05,0.0,0.0,8.01249090978235e-05,0.0023165501604417503,0.0,6.689202389982222e-05,0.0,0.00015434107740843,3.023385275788906e-05,2.123322838453705e-05,0.0,0.0,0.0,0.0,0.00020086589288655435,0.00010555608944486252,0.0,0.0,0.000105026867669371,1.474282731592521e-05,0.0,0.0,3.110811925640536e-05,1.3870817279895742e-05,3.242908933898154e-05,0.00024344587167445157,5.901670606092009e-05,4.5845719944335836e-05,0.0,0.0,0.00014451608422267115,8.022126521623593e-05,0.0010478997859481164,1.6912058228549244e-05,0.0,0.0,0.0,0.0,0.0,0.0001028713162410952,0.0,0.0,0.0,0.0,4.99605393234906e-05,4.149409359854697e-05,0.0,0.0,0.00011594105356630861,0.0,6.225065771900618e-05,0.0,0.0,5.0440369200628184e-05,0.00012942134272420178,5.620960945904329e-05,0.0,0.0,0.0,0.0002160307499413418,0.0,0.0,3.423742146862728e-05,0.00010551768596485654,0.00013895899357782167,0.40133588158812766,1.6300699634025857e-05,0.0,0.0,7.492857904998259e-05,0.00013561970387039338,0.0,0.0,0.0001439200260813975,0.0,0.0,0.00017300505864448762,0.0,3.9907810648533675e-05,0.0,0.0,0.0,0.00011168052774353736,2.3435311014717806e-05,0.00040148636896242295,6.401192996867038e-05,6.618551625393564e-05,0.0,0.0,5.7563858604896875e-05,0.0,0.0,1.16642462646344e-05,2.8314350708006226e-05,0.00020353508754147772,0.0,0.0,0.0,0.0,2.7021513510354333e-05,0.0,0.0,0.0,0.0,0.0,0.0,0.0,0.0,1.5740873440169212e-05,5.3221163934283585e-05,3.091435635078743e-05,9.54391790956162e-05,0.0,0.0001648043070013216,0.0,0.0
0.0,0.0,0.0,0.0,0.0,0.0,0.0,0.0,0.0,0.0,0.0,0.08261918305698604,0.0,0.0,0.0,0.0,0.0,0.0,0.0,0.03464781296943206,0.0,0.0,0.00212400435189714,0.0,0.0,0.0,0.0,0.0,0.0,0.0,0.0,0.0,0.0,0.0,0.0,0.0,0.0,0.0,0.0,0.0,0.0,0.0,0.0,0.0,0.0,0.0,0.0,0.0,0.0,0.0,0.0,0.0,0.0,0.0,0.0,0.0,0.0,0.0,0.0,0.0,0.0,0.0,0.0,0.0,0.0,0.0,0.0,0.0,0.0,0.0,0.0,0.0,0.0,0.0,0.0,0.0,0.0,0.0,0.0,0.0,0.0,0.0,0.0,0.0,0.0,0.0,0.0,0.0,0.0,0.0,0.013369689749827572,0.0012946732702725486,0.0,0.0,0.0,0.0,0.0,0.0,0.0,0.0,0.0,0.0,0.0,0.0,0.0,0.0,0.0,0.0,0.0,0.0,0.0,0.0,0.0,0.0,0.0,0.0,0.0,0.0,0.0,0.0
0.0,0.0,0.0,0.0,0.0,0.0,0.0,0.0,0.0,0.0,0.0,0.0,0.025094378098425237,0.0,0.0,0.0,0.0,0.0,0.0,0.0159239939470837,0.0,0.054355880585194076,0.0,0.03250047902385132,0.0,0.0,0.0,0.0,0.0,0.0,0.0,0.0,0.0,0.0,0.0,0.0,0.0,0.0,0.0,0.0,0.0,0.0,0.0,0.0,0.0,0.0,0.0,0.0,0.0,0.0,0.0,0.0,0.0,0.0,0.0,0.0,0.0,0.0,0.0,0.0,0.0,0.0,0.0,0.0,0.0,0.02729740081512669,0.0,0.0,0.0,0.0,0.0,0.0,0.0,0.0,0.0,0.0,0.0,0.0,0.0,0.0,0.0,0.0,0.0,0.0,0.0,0.0,0.0,0.0,0.0,0.0,0.0,0.0,0.19770317778944238,0.0,0.0,0.0,0.0,0.0,0.0,0.0,0.0,0.0,0.0,0.0,0.0,0.0,0.0,0.0,0.0,0.0,0.0,0.0,0.0,0.0,0.0,0.0,0.0,0.0,0.0,0.0
0.0,0.0,0.0,0.0,0.0,0.0,0.0,0.0,0.0,0.0,0.0,0.0,0.0,0.0,0.0,0.0,0.0,0.0,0.0,0.032783750150362494,0.0,0.0,0.0,0.03345541287021686,0.0,0.07566538444850796,0.0,0.0,0.0,0.0,0.0,0.0,0.0,0.0,0.0,0.0,0.0,0.0,0.0,0.0,0.0,0.0,0.0,0.0,0.0,0.0,0.0,0.0,0.0,0.0,0.0,0.0,0.0,0.0,0.0,0.0,0.0,0.0,0.0,0.0,0.0,0.0,0.0,0.0,0.0,0.11239782821461168,0.0,0.0,0.0,0.0,0.0,0.0,0.0,0.0,0.0,0.0,0.0,0.0,0.0,0.0,0.0,0.0,0.0,0.0,0.0,0.0,0.0,0.0,0.0,0.0,0.0,0.0,0.0,0.0,0.0,0.0,0.0,0.0,0.0,0.0,0.0,0.0,0.0,0.0,0.0,0.0,0.0,0.0,0.0,0.0,0.0,0.0,0.0,0.0,0.0,0.0,0.0,0.0,0.0,0.0
0.0,0.0,0.0,0.0,0.0,0.0,0.0,0.0,0.0,0.0,0.0,0.0,0.0,0.0,0.0,0.0,0.0,0.0,0.0,0.024942628476863595,0.0,0.0,0.0,0.0,0.0,0.02881431017492078,0.0,0.0,0.0,0.0,0.0,0.0,0.0,0.0,0.0,0.0,0.0,0.043963238521238346,0.0,0.0,0.0,0.0,0.0,0.0,0.0,0.0,0.0,0.1509067324424022,0.0,0.0,0.0,0.0,0.0,0.0,0.0,0.0,0.0,0.0,0.0,0.0,0.0,0.0,0.0,0.0,0.0,0.0,0.0,0.0,0.0,0.0,0.0,0.0,0.0,0.0,0.0,0.0,0.0,0.0,0.0,0.0,0.0,0.0,0.0,0.0,0.0,0.0,0.0,0.0,0.0,0.0,0.0,0.0,0.0,0.0,0.0,0.0,0.0,0.0,0.0,0.0,0.0,0.0,0.0,0.0,0.0,0.0,0.0,0.0,0.0,0.0,0.0,0.0,0.0,0.0,0.0,0.0,0.0,0.0,0.0,0.0
0.0,0.0,0.0,0.0,0.0,0.0,0.0,0.0,0.0,0.0,0.0,0.0,0.12387485814425646,0.0,0.0,0.0,0.0,0.0,0.0,0.07860655018220111,0.0,0.0,0.0,0.0,0.0,0.0,0.0,0.0,0.0,0.0,0.0,0.0,0.0,0.0,0.0,0.0,0.0,0.0,0.0,0.0,0.0,0.0,0.0,0.0,0.0,0.0,0.0,0.0,0.0,0.0,0.0,0.0,0.0,0.0,0.0,0.0,0.0,0.0,0.0,0.0,0.0,0.0,0.0,0.0,0.0,0.13474976906851213,0.0,0.0,0.0,0.0,0.0,0.0,0.0,0.0,0.0,0.0,0.0,0.0,0.0,0.0,0.0,0.0,0.0,0.0,0.0,0.0,0.0,0.0,0.0,0.0,0.0,0.0,0.0,0.0,0.0,0.0,0.0,0.0,0.0,0.0,0.0,0.0,0.0,0.0,0.0,0.0,0.0,0.0,0.0,0.0,0.0,0.0,0.0,0.0,0.0,0.0,0.0,0.0,0.0,0.0
0.0,0.0,0.0,0.0,0.0,0.0,0.0,0.0,0.0,0.0,0.0,0.0,0.0,0.0,0.0,0.0,0.0,0.0,0.0,0.025972319910416066,0.0,0.0,0.0,0.053008864563391975,0.0,0.11950960808844249,0.0,0.0,0.0,0.0,0.0,0.0,0.0,0.0,0.0,0.0,0.0,0.0,0.0,0.0,0.0,0.0,0.0,0.0,0.0,0.0,0.0,0.0,0.0,0.0,0.0,0.0,0.0,0.0,0.0,0.0,0.0,0.0,0.0,0.0,0.0,0.0,0.0,0.0,0.0,0.04452255062701552,0.0,0.0,0.0,0.0,0.0,0.0,0.0,0.0,0.0,0.0,0.0,0.0,0.0,0.0,0.0,0.0,0.0,0.0,0.0,0.0,0.0,0.0,0.0,0.0,0.0,0.0,0.0,0.0,0.0,0.0,0.12652655066500415,0.0,0.0,0.0,0.0,0.0,0.0,0.0,0.0,0.0,0.0,0.0,0.0,0.0,0.0,0.0,0.0,0.0,0.0,0.0,0.0,0.0,0.0,0.0
0.0,0.0,0.0,0.07892893368910388,0.0,0.0,0.0,0.0,0.0,0.0,0.0,0.0,0.004830222760330842,0.0,0.0,0.0,0.0,0.0,0.0,0.003065086438759008,0.029521212631525382,0.0,0.0,0.0,0.0,0.0,0.0,0.0,0.0,0.0,0.0,0.0,0.0,0.0,0.0,0.0,0.0,0.0,0.0,0.0,0.0,0.0,0.0,0.0,0.0,0.0,0.0,0.0,0.0,0.0,0.0,0.0,0.0,0.0,0.0,0.0,0.0,0.0,0.0,0.0,0.0,0.0,0.0,0.0,0.0,0.0,0.0,0.0,0.0,0.0,0.0,0.0,0.0,0.0,0.0,0.0,0.0,0.0,0.0,0.0,0.0,0.0,0.0,0.0,0.0,0.0,0.0,0.0,0.0,0.0,0.0,0.0,0.0,0.0,0.0,0.013051162917549732,0.0,0.0,0.0,0.0,0.0,0.0,0.0,0.0,0.0,0.0,0.0,0.0,0.0,0.0,0.0,0.0,0.0,0.0,0.0,0.0,0.0,0.0,0.0,0.0
0.06607393688741518,0.0574341344933446,0.088728644951127,0.08276070829384674,0.27797140091154776,0.015473578243577018,0.06844242294504732,0.017100451144155447,0.022851801785309118,0.013850794699246282,0.026775433062420008,0.008732318395658264,0.025160640119203097,0.016046434740397474,0.1680416186612277,0.08923125277330675,0.06412612291520076,0.06943994135961132,0.0755185149449506,0.025270125364639597,0.13279495444248726,0.037380623810070374,0.038201029670196125,0.015682624354216163,0.009195421566126032,0.1334398147271333,0.02589792431905369,0.016379554788313107,0.12242143198865832,0.19992861044352853,0.054972766554372915,0.05163624983258387,0.07452042549506224,0.08430389101344422,0.08003556303860634,0.024026357278485042,0.022522811886267338,0.04966217200792014,0.09604998368808378,0.04518627568123816,0.08680390828916822,0.09397722293161344,0.1890091464449955,0.019151066298615436,0.015707880751081742,0.19873823855972872,0.0,0.07821532764509266,0.04045587946531376,0.09500891162334331,0.029939209031787248,0.10654753615013922,0.043264989709622816,0.0403415029101667,0.018921074765484297,0.09527791776857157,0.1024468817666335,0.03933260820469737,0.01531291071414851,0.05491334335836863,0.24535395996936185,0.09886444237762093,0.22362659729061174,0.09461882430656185,0.011190694614425982,0.13681606597462637,0.061829328158650214,0.06270677298651423,0.010420601305846183,0.0,0.01821150954891517,0.0491762039623956,0.043305875420560455,0.027531340269941643,0.08483801329613716,0.20148072445031884,0.0203130428202525,0.05925090719038018,0.0816565180697857,0.01684466672300657,0.12976528885079994,0.06700974315269254,0.0748022787085457,0.029920169690621574,0.05964385274987984,0.04729274330652497,0.08959913876821098,0.0313041642800897,0.0906334887611715,0.04246212999818528,0.06105852893795958,0.10033785692037557,0.08715374708545537,0.093770428633892,0.11056139742290803,0.05675076459825109,0.12360858104847644,0.15451792238075165,0.14159695978571374,0.0102158931029179,0.14821437106150528,0.19558916078580704,0.06136065119653539,0.16775609778465558,0.01456440874468985,0.07858331006123917,0.0,0.06583841856029643,0.03257540998357679,0.1114387422084188,0.13975400584195988,0.02407575588858497,0.01091574940817698,0.14422968272325026,0.04997830742432185,0.11474462803569858,0.043482824203833495,0.05158201008612731,0.1915777085970017,0.07571887315808745
0.0538310751180014,0.02683648582730724,0.011045243809439066,0.014061245660583194,0.020539314300530864,0.00498025031072699,0.016214352934271863,0.0,0.0033667156132118964,0.005740579486374803,0.015261213578704592,0.0038824117264607424,0.01364299589814615,0.007471977046942903,0.02336670405667949,0.004753360362505923,0.038474183720547256,0.02489916066400218,0.00710891093019034,0.005595284611621586,0.044422004886910234,0.005387594473828049,0.00034310448557916325,0.002337648056239944,0.015373691146473205,0.02620659425923277,0.0017279088106057791,0.009611688225199666,0.05054462086365775,0.016307703745203243,0.0029889663521577743,0.02020675265785023,0.0017656819194563746,0.010223316818917883,0.02447324663665416,0.00589842605319824,0.011125344352062028,0.00847419723195267,0.017942178381419212,0.004939014019901465,0.0376889627655356,0.0241168552230744,0.061625071155424024,0.01785815688714769,0.008146979143636218,0.0,0.0,0.04823098246809042,0.0040756575785159035,0.02707206575744656,0.0031904929303719354,0.038774402830964984,0.04056533332979919,0.019490266347518773,0.015139721507398774,0.0,0.032880178525837224,0.009221599658295545,0.01003342340092728,0.029307050886068765,0.014869319769866664,0.021256294988020997,0.007592144625127098,0.03639453775051034,0.0,0.02603484382503046,0.02841645330590928,0.3521252149078307,0.008555831677156301,0.0,0.19442201311537283,0.0413049827476561,0.019084373337258986,0.0046518736565602375,0.03341914532819407,0.07939390414055243,0.0024575765109798374,0.11168129395296862,0.02979925825867598,0.0,0.03501416781303414,0.006756378929251979,0.10501781320072655,0.017534127954695455,0.0037150719217508977,0.02624410835692174,0.015010201261276548,0.004976770286173984,0.018260896807514193,0.01916749102326864,0.006701453690256849,0.09206979657452014,0.010111548918715964,0.03669288341323338,0.01991862843688388,0.029003977339654347,0.015579320711008756,0.015637567404671784,0.06449794401541645,0.0026918196123937857,0.027622821549469673,0.03495554660430138,0.03455632838849899,0.0026476074701392046,0.019126049245352685,0.00396892556847728,0.0,0.024692712845273405,0.009017680877327941,0.010470480153826785,0.03505887975081259,0.006371784564256292,0.004011024003589765,0.046472897647504396,0.013615193277387807,0.028627289626033933,0.0027570088342149567,0.00802667609479054,0.06660678377205309,0.014342439491513188
0.0,0.0,0.0,0.0,0.0,0.0,0.0,0.0,0.0,0.0,0.0,0.020718110426367106,0.020239028849647393,0.0,0.0,0.0,0.05219673784645493,0.0,0.0,0.025719502650817724,0.0,0.021948108926756714,0.0,0.013123217692504128,0.0,0.014840248956974682,0.0,0.0,0.0,0.0,0.0,0.02045990975781618,0.0,0.0,0.0,0.05381122811301458,0.0,0.0,0.0,0.0,0.0,0.0,0.0,0.017173836984163658,0.0,0.0,0.0,0.0,0.0,0.0,0.0,0.0,0.0,0.0,0.0,0.0,0.0,0.0,0.0,0.0,0.0,0.0,0.0,0.0,0.0,0.09929816026068194,0.0,0.0,0.0,0.0,0.0,0.0,0.0,0.0,0.0,0.0,0.0,0.0,0.0,0.0,0.0,0.0,0.0,0.0,0.0,0.0,0.0,0.0,0.0,0.0,0.0,0.0,0.0,0.0,0.0,0.0,0.1248409609485489,0.0,0.0,0.0,0.0,0.0,0.0,0.0,0.0,0.0,0.0,0.0,0.0,0.0,0.0,0.0,0.0,0.0,0.020745666635513447,0.0,0.0,0.0,0.0,0.0
0.0,0.0,0.0,0.0,0.0,0.0,0.0,0.0,0.0,0.0,0.0,0.0,0.013051436435797908,0.0,0.0,0.0,0.013446357744011638,0.0,0.0,0.006625579450161729,0.0,0.10700598368068115,0.0,0.01690330537178753,0.0,0.030547578283853797,0.0,0.0,0.0,0.0,0.0,0.03685438698784664,0.0,0.0,0.0,0.034570792048283706,0.0,0.0,0.0,0.0,0.0,0.0,0.0,0.0,0.0,0.0,0.0,0.0,0.0,0.0,0.0,0.0,0.0,0.0,0.0,0.0,0.0,0.0,0.0,0.0,0.0,0.0,0.0,0.0,0.0,0.025580115564214568,0.011808331058041409,0.0,0.0,0.0,0.0,0.0,0.007322486423982345,0.0,0.0,0.0,0.0,0.0,0.0,0.0,0.0,0.0,0.0,0.0,0.0,0.0,0.0,0.0,0.0,0.0,0.0,0.0,0.0,0.0,0.0,0.0,0.02812553483765406,0.0,0.0,0.0,0.0,0.0,0.0,0.0,0.0,0.0,0.0,0.0,0.0,0.0,0.0,0.0,0.0,0.0,0.005344273736793801,0.0,0.0,0.0,0.0,0.0
0.0,0.0,0.0,0.0,0.0,0.0,0.0,0.0,0.0,0.0,0.0,0.0,0.0,0.0,0.0,0.0,0.0,0.0,0.0,0.031138064170197054,0.0,0.0,0.0,0.0,0.0,0.0,0.0,0.0,0.0,0.0,0.0,0.0,0.0,0.0,0.0,0.0,0.0,0.10965076630760098,0.0,0.0,0.0,0.0,0.0,0.0,0.0,0.0,0.0,0.0,0.0,0.0,0.0,0.0,0.0,0.0,0.0,0.0,0.0,0.0,0.0,0.0,0.0,0.0,0.0,0.0,0.0,0.0,0.0,0.0,0.0,0.0,0.0,0.0,0.0,0.0,0.0,0.0,0.0,0.0,0.0,0.0,0.0,0.0,0.12996358393956622,0.0,0.0,0.0,0.0,0.0,0.0,0.0,0.0,0.0,0.0,0.0,0.0,0.0,0.0,0.0,0.0,0.0,0.0,0.0,0.0,0.0,0.0,0.0,0.0,0.0,0.0,0.0,0.0,0.0,0.0,0.0,0.0,0.0,0.0,0.0,0.0,0.0
0.14643422497671707,0.20993262655505737,0.07285998658366688,0.04017485562082961,0.04103001436888164,0.12901302941904658,0.1228051885535735,0.052796502152316994,0.12991311247528292,0.1421958423544596,0.10650272286303805,0.07797923217647348,0.05011777730300219,0.11071189285862786,0.21973073203114715,0.06051324906118796,0.09461337709711082,0.09498095025993673,0.10100230929651272,0.05679538185480777,0.034009334085040865,0.05236601332296256,0.060250684178860786,0.08539616631902322,0.24199682743713238,0.08624059601282213,0.12273155772857956,0.11108466935577314,0.04976470547062079,0.06063987642207533,0.12494898593506898,0.04384268488151388,0.08978698596945853,0.10375646716001487,0.1101758849270062,0.0711846596381284,0.19025053001344847,0.08366545201027274,0.10617350934665959,0.10138789200818718,0.08612765636124832,0.23319204519421977,0.19302818742528993,0.08580717555433671,0.11203010076392919,0.24105872340780887,0.314259429042034,0.11277716658210193,0.10293447358528088,0.18123134829365165,0.057463104889433396,0.16620980013204106,0.15853225482972497,0.09752813729749775,0.16088149575841765,0.08404691863108166,0.2158265651614578,0.09137029956733582,0.1410895692317721,0.20906367301131448,0.026088664712812692,0.08498562828070055,0.0519702877986758,0.06200473734319531,0.1209310066485013,0.036799897982879116,0.14709975470515224,0.15701512997401285,0.0776391786853109,0.07686194140689376,0.16781654504323892,0.18292134906960272,0.17106826402606443,0.059678974146298865,0.1400579334160613,0.17448604604546072,0.05431742977547609,0.15787443831972575,0.17254960827355106,0.07429540687880246,0.11184072634192471,0.18424240042001916,0.1378733117601062,0.12470526656843955,0.09335494620057978,0.11801481397783253,0.051245355278075715,0.07925489502943253,0.08730472582065742,0.13526264948366243,0.10377940979226356,0.1792971066842556,0.03107036331820909,0.12946728934991975,0.05114234219789001,0.14865821981105837,0.05856794482203676,0.18920371731888114,0.1073650150051421,0.09376257150419702,0.16617807268239185,0.10778588960590589,0.3642514098435641,0.03919150302106847,0.09994332377863417,0.08606831897872466,0.13864929487668004,0.20790471560054316,0.17073001249656042,0.12471442860615986,0.10589263122291787,0.1664842028013999,0.10288964846251739,0.15727281289221315,0.09439655533942838,0.15659810739195804,0.10766288162660617,0.09256463971817548,0.05646687689233839,0.06953105710007339
0.0,0.0,0.014242144535432237,0.14918275392153663,0.0,0.0,0.0,0.0,0.0,0.0,0.0,0.0,0.0028526788151422185,0.0,0.0,0.0,0.014694987814504292,0.0,0.0,0.0036166047329732917,0.0,0.0061790680133855915,0.0,0.0166206469187168,0.0,0.004177986720711594,0.023450698924735523,0.0,0.0,0.0,0.0,0.023040376619811016,0.0,0.0,0.0,0.0,0.0,0.01269363912474869,0.0,0.0,0.0,0.0,0.0,0.0,0.0,0.0,0.0,0.0,0.0,0.0,0.0,0.0,0.0,0.0,0.0,0.0,0.0,0.0,0.0,0.0,0.0,0.0,0.0,0.0,0.0,0.003103114040456914,0.012904853813281146,0.0,0.0,0.0,0.0,0.0,0.0,0.0,0.0,0.0,0.0,0.02712334658563454,0.0,0.0,0.0,0.0,0.007555418293567999,0.0,0.030582876533111293,0.0,0.014031633833183284,0.0,0.005822334536769135,0.0,0.0,0.0,0.0,0.0,0.0,0.007707879701455783,0.0,0.0,0.0,0.0,0.0,0.0,0.0,0.01018501588924434,0.0,0.0,0.0,0.009494817451566976,0.0,0.0,0.0,0.0,0.0,0.0,0.01165231586742466,0.0,0.0,0.0,0.0,0.0
0.012498130525058625,0.009878161336601621,0.005926518471147507,0.0035127754769699684,0.010315360955301623,0.00814448260918319,0.016702369589999915,0.0,0.006093837697855048,0.006852829685356459,0.011247431585498603,0.010916314643112105,0.01762826812995688,0.09822024387985778,0.015904719019738865,0.023961486090263367,0.016237276083268793,0.07334252043974449,0.01818577979750921,0.007044691747384912,0.0016869536119024369,0.002746555880818639,0.020047086878044372,0.029373722106835178,0.0016220624851756478,0.007210423194780914,0.036804372208698484,0.048239327011691376,0.006202921732262394,0.0044063978763180175,0.009725201096823953,0.0032848594477154695,0.022661883537834538,0.02861819158074937,0.007439092860623892,0.014576946990140954,0.009029451779668747,0.01748688144495369,0.002674036252703272,0.05679408742418409,0.021052293495411073,0.08358913376310662,0.010211810712610554,0.0032452411672958563,0.024609288055880234,0.0,0.0,0.009696530288948818,0.011123050706427707,0.015720731628282043,0.007482673562943016,0.03627211049586054,0.005685267945377764,0.04500302426207874,0.007611715944780326,0.0,0.026705507926349,0.007783911705165284,0.06996952877636449,0.0528081131236948,0.05108994210586548,0.01474573365670171,0.07326564320337609,0.0059990934727143196,0.0355322713585375,0.0028376279168752664,0.016147487562295545,0.007916561967794958,0.10091364581086051,0.0,0.009147020433354143,0.03665856711594209,0.05157391598089437,0.01653259373674917,0.008001585633548669,0.01780696426753964,0.0278677142082463,0.013296323627533477,0.00937275429959374,0.0,0.01200646247966722,0.0100766538262508,0.013893403937840955,0.01577286292098972,0.07178751128347964,0.3084816118254152,0.0053858362891370925,0.019161799888664705,0.004236508521656734,0.06117659237455468,0.10135833430206279,0.01880908015519042,0.09277572970514769,0.02259398347609403,0.0015182881223754924,0.05237579347786455,0.001205691397629492,0.016908971154343404,0.020990190394378862,0.12729298277807283,0.02721201864264419,0.0077081761633296915,0.007861238415732264,0.040672407246529325,0.05515741697512393,0.02692175216823931,0.0,0.015006516527893159,0.004542412369418407,0.05657468316736187,0.02502505268157554,0.005954421674079124,0.07172582550714807,0.028668008374204794,0.05626316926107749,0.006448906061935582,0.00950595662397875,0.003325514173846686,0.0064702351273981,0.01092496422554421
0.0,0.0,0.0,0.0,0.0,0.0,0.0,0.0,0.0,0.0,0.0,0.0,0.05588315584451329,0.0,0.0,0.0,0.0,0.0,0.061830057511128717,0.017735214123753104,0.0,0.03030109796171538,0.0,0.03633347572701127,0.0,0.0,0.0574991183014805,0.0,0.0,0.0,0.0,0.028246521462432707,0.0,0.0,0.0,0.03699371179278471,0.0,0.06224744601879348,0.17741318245650117,0.0,0.0,0.0,0.0,0.0,0.10350867316565933,0.0,0.0,0.0,0.0,0.0,0.05161904465336406,0.0,0.0,0.0,0.0,0.0,0.0,0.0,0.0,0.0,0.0,0.0,0.0,0.0,0.0,0.015217143155338134,0.0,0.0,0.0,0.0,0.0,0.0,0.0,0.0,0.0,0.0,0.0,0.13300827570767565,0.0,0.0,0.0,0.0,0.037050485503509215,0.0,0.14997322181490338,0.0,0.0,0.0,0.0,0.0,0.0,0.0,0.0,0.0,0.04962151247078945,0.07550794721417024,0.0,0.0,0.0,0.0,0.0,0.0,0.0,0.0,0.0,0.0,0.0,0.0,0.0,0.0,0.0,0.0,0.0,0.0,0.0,0.0,0.0,0.0,0.0,0.09896974060088672
0.0,0.0,0.0,0.00033408586300347995,0.0,0.0,0.00036071274808495776,0.12544877263826673,0.006200779385651676,0.0,0.0,0.0,0.00030764887129081835,0.0,0.0,0.0,0.0005278039219971651,0.0,0.0013585915153667744,6.501773353562194e-05,0.00031310737476331686,0.0004420950908470982,0.0005693934249161154,0.0,0.0,0.0001500618990011759,0.00042114260393715197,0.0,0.0,0.0,0.0,0.0004137737743553978,0.0,0.0,0.0,0.0,0.0,0.001367762790761802,0.0,0.0,0.0,0.0,0.0,0.00017365871680805005,0.0011371977545421674,0.0,0.0,0.0,0.0,0.0,0.0,0.0,0.0,0.0,0.0,0.0,0.0,0.0,0.0,0.0,0.0,0.00021640310860508157,0.0,0.0,0.0,0.00011145540109540255,0.0018540287454276126,0.0,0.0,0.0,0.0,0.0,0.0,0.0,0.0,0.0,0.0,0.000974196704774147,0.0,0.0,0.0,0.0,0.0016208192294196921,0.0,0.0010984535941022634,0.0,0.0,0.0,0.0,0.0,0.0,0.0003470701210425455,0.0004018015319057744,0.0,0.000363444407332939,0.0,0.0,0.0007650715939886544,0.0,0.0,0.0,0.0,0.0,0.0,0.0,0.0,0.0,0.0,0.0,0.0,0.010044417372631032,0.0,0.0,0.0,0.0,0.0,0.0,0.0,0.0,0.0021746615686749774
0.0,0.0,0.0,0.0,0.0,0.0,0.0,0.0,0.0,0.0,0.0,0.05844815272126662,0.030854205990651563,0.0,0.02741666279848352,0.0,0.0,0.0,0.0,0.03563809909759662,0.005036499191471198,0.0,0.0,0.06603168540351202,0.0,0.029048458511711065,0.0,0.0,0.0,0.0,0.0,0.0,0.0,0.0,0.0,0.09935106604818635,0.0,0.0,0.0,0.0,0.0,0.0,0.0,0.0,0.0,0.0,0.0,0.0,0.0,0.0,0.0,0.0,0.0,0.0,0.0,0.0,0.0,0.0,0.0,0.0,0.0,0.0,0.0,0.013477676726735523,0.0,0.006600320670838028,0.0,0.0,0.0736915677158188,0.0,0.0,0.0,0.0,0.0,0.0,0.0,0.0,0.0,0.0,0.0,0.0,0.0,0.0,0.0,0.0,0.0,0.0,0.0,0.02586469027390844,0.0,0.0,0.0,0.0,0.08374946214909533,0.0,0.0,0.0,0.03506628770342825,0.06818421900216226,0.0,0.0,0.0,0.0,0.0,0.0,0.0,0.0,0.0,0.0,0.0,0.0,0.0,0.0,0.0,0.055286631073726104,0.0,0.0,0.03927847708449008,0.0,0.0
0.022024466831281637,0.0,0.08114218091000268,0.0,0.02029972732499168,0.03076958118466011,0.12489572857313777,0.0,0.02586869929495491,0.051320080985145025,0.058845364432671736,0.059785585647191844,0.037854172864214955,0.030761798436713273,0.017362012680864965,0.10111328050408211,0.03147012999637645,0.015696658349728995,0.16750403093494073,0.0603996816169856,0.059616176628448474,0.06325111011599198,0.020364598306276478,0.0411346409669346,0.0,0.003566695635688144,0.05021632501414273,0.06495881944404411,0.19329532717642364,0.019645812141724762,0.07145376587911981,0.054230241628598054,0.0,0.011834393682330054,0.05831517738325971,0.016177798679921765,0.04228217590319231,0.057090710056053054,0.034103526333358045,0.009496736420428021,0.0039115460627203065,0.003784452332914692,0.007217463942312023,0.07058390797505101,0.10401625072243255,0.0,0.0,0.0187727986195793,0.05369447559851397,0.03015588089836249,0.02477733054558774,0.015362783858016683,0.0037280479746194394,0.018507643189448746,0.02009423645321562,0.0,0.0,0.09762778879863718,0.06271015270088728,0.009072106422644824,0.0,0.06192551626187766,0.0,0.03984521746325685,0.0,0.007972499762206368,0.1160701565314428,0.03066165850758402,0.017618009387240174,0.0,0.10260497533072022,0.0,0.013722522477385432,0.12096152122778964,0.08747365910524003,0.0,0.006393815212094079,0.011614186662439052,0.05092701051822383,0.0,0.013939936297924633,0.05657485095478058,0.019323096643931996,0.0,0.026233079958805066,0.028061553535518258,0.057043791016618745,0.022694443631907674,0.08224453456631944,0.0,0.0,0.0,0.0,0.06496507454490441,0.0043329146644597695,0.01650252732303796,0.05081060037639401,0.027409885897880796,0.029565100939504728,0.007010219015734762,0.026613280233145614,0.0059968491149390525,0.03333843973646471,0.0087135334569399,0.019707133407255915,0.014260474785115001,0.0,0.012216557121345836,0.035906359575862655,0.007862237137013797,0.0,0.0337292822608863,0.020335011315216957,0.004289836157683795,0.052513038231081235,0.04313841030090635,0.025713086147590093,0.06528903220965496,0.007259554431578984,0.025925899012437276
0.0,0.0,0.0,0.0,0.0,0.0,0.0,0.0,0.0,0.0,0.0,0.0,0.0,0.0,0.0,0.0,0.0,0.0,0.0,0.0,0.0,0.0,0.0,0.0,0.0,0.0,0.0,0.0,0.0,0.0,0.0,0.16184658419214007,0.0,0.0,0.0,0.0,0.0,0.0,0.0,0.0,0.0,0.0,0.0,0.0,0.0,0.0,0.0,0.0,0.0,0.0,0.0,0.0,0.0,0.0,0.0,0.0,0.0,0.0,0.0,0.0,0.0,0.0,0.0,0.0,0.0,0.0,0.0,0.0,0.0,0.0,0.0,0.0,0.0,0.0,0.0,0.0,0.0,0.0,0.0,0.0,0.0,0.0,0.0,0.0,0.0,0.0,0.0,0.0,0.0,0.0,0.0,0.0,0.0,0.0,0.0,0.0,0.0,0.0,0.0,0.0,0.0,0.0,0.0,0.0,0.0,0.0,0.0,0.0,0.0,0.0,0.0,0.0,0.0,0.0,0.0,0.0,0.0,0.0,0.2379269639339017,0.0
0.0,0.0,0.0,0.07691972670014366,0.0,0.0,0.027630496211604877,0.0,0.0,0.0,0.0,0.0,0.0,0.0,0.0,0.0,0.0,0.0,0.0,0.0,0.0,0.0,0.0,0.0,0.0,0.0,0.0,0.0,0.0,0.0,0.0,0.0,0.0,0.0,0.0,0.0,0.0,0.0,0.0,0.0,0.0,0.0,0.0,0.0,0.0,0.0,0.0,0.0,0.0,0.0,0.0,0.0,0.0,0.0,0.0,0.0,0.0,0.0,0.0,0.0,0.0,0.0,0.0,0.0,0.0,0.0,0.0,0.0,0.0,0.0,0.0,0.0,0.0,0.0,0.0,0.0,0.0,0.0,0.0,0.0,0.0,0.0,0.0,0.0,0.0,0.0,0.0,0.0,0.0,0.0,0.0,0.0,0.0,0.0,0.0,0.0,0.0,0.0,0.0,0.0,0.0,0.0,0.0,0.0,0.0,0.0,0.0,0.0,0.0,0.0,0.0,0.0,0.0,0.0,0.0,0.0,0.0,0.0,0.0,0.0
0.0011069364662162507,0.0,0.0,0.007230378181881937,0.0,0.0,0.0,0.16919747273526733,0.0,0.0012231444816336139,0.0016708523236854322,0.0,0.0,0.0015508442864838837,0.0,0.0014796190853810624,0.014241414664981439,0.0014206653765889948,0.0,0.00035077494625524727,0.0,0.0,0.0,0.0,0.0,0.0008095938091760536,0.0,0.0,0.0,0.0,0.001078303598936114,0.0,0.00232242337534345,0.0017857846417636662,0.0035184152477564915,0.0,0.0,0.0036949556569476887,0.0,0.005736930042726267,0.003535332545556999,0.0017126066831976933,0.0016353085125801392,0.0,0.012279085489908508,0.0,0.0,0.03396314826431777,0.0036490455222491646,0.0,0.0020397394514324895,0.002309713005847382,0.0,0.0,0.0,0.0,0.0,0.003684091602381991,0.0013514361027699522,0.0020628462742491942,0.0,0.0,0.0028403865376587455,0.006758647561297748,0.0,0.0,0.002500651738255156,0.0,0.0,0.0,0.0,0.0,0.0015506838616293323,0.00547267502659394,0.001650298582226125,0.0015711438042907834,0.0014467206480745795,0.005255855259426516,0.002087312274699737,0.0,0.0015790211343434234,0.002550805928994568,0.0014640591952782321,0.0,0.0,0.0014106341334310757,0.0,0.00342336243278159,0.0,0.0,0.004834094367164236,0.0,0.0,0.0,0.0,0.0014936025663359533,0.0008519396743654274,0.0,0.0,0.0,0.0,0.0027137992419798574,0.0,0.007886401687680266,0.0,0.0016213765994770768,0.0,0.0018398683246020795,0.0,0.0,0.0,0.0,0.0,0.0019413118272291873,0.0,0.002795652814897999,0.0011636136304056725,0.0,0.0,0.003910814036898536
0.0008656917824651593,0.0,0.0004081502537783896,0.0004431859970571817,0.01048974636365755,0.0,0.0006872344444346091,0.02593947359764703,0.0013847661211058655,0.0,0.005460438262491317,0.00010367310739443552,4.237310519276414e-05,4.734307765838541e-05,0.00015056775111030413,0.0031001293395097017,0.00021833352101743826,0.001567537810606744,0.001312055577943661,6.985337721254348e-05,0.00012923591390949648,0.00014626476270346365,9.419036300617033e-05,0.00024148104165632638,0.0,7.443147011115345e-05,0.00020903847862894446,1.553178967387566e-05,0.0009061156755488505,0.0,3.314608795198261e-05,8.555925548031624e-05,0.0,0.00032853195370304234,0.0,2.2410932564943583e-05,0.002346735356962835,0.000679005889939513,0.011633047990724552,0.00024179092806062884,5.4199784276838806e-05,0.0,0.00022550031831741906,0.0019299207826758724,3.135297570565517e-05,0.0,0.0,6.500321752574861e-05,0.00027939121759168917,0.0003023270485096101,0.31947047690265507,0.0,0.0,0.0,0.0024379872718941166,0.0,0.0,0.00020692125395456294,0.0,0.0,0.0,0.01355127837233482,0.0,0.0005528978865693811,0.0,9.218603718264642e-06,3.833720958874539e-05,0.0,0.0,0.0,0.00012766297539559484,0.0,0.0,0.0010909592893377832,0.00017693474330734583,2.4087028352529663e-05,0.0,0.00016115384766799898,0.0,0.0,0.00029043420489645213,7.851305194464027e-05,0.00015650513881472133,0.001498377780803418,0.0005457376394111586,0.0,0.0004374242491918849,0.0005511323925681761,8.648376132792315e-05,0.00010770327291552443,0.0,0.0,0.0003332627850373205,0.00017161646982609364,0.000571444497670033,2.2898252384341738e-05,0.00015661798803571797,0.0,0.0005697689089182249,0.0002428052173528975,5.289801588195713e-05,0.0004974873362821616,0.0,0.0040231933388614645,0.0007512057654058855,0.004476992713422579,0.0,0.00014103406823290845,0.0,5.4546642082379e-05,0.00035604644596658603,0.0,0.0,0.0,6.944612300311821e-05,0.0,0.0,0.00010068916433167203,0.0,0.0005395702280525643
0.0,0.0,0.0,0.0,0.0,0.0,0.0,0.0,0.0,0.02572817180939072,0.0,0.0,0.0,0.0,0.0,0.0,0.0,0.0,0.0,0.007380972595653418,0.0,0.0,0.0,0.0,0.0,0.0,0.0,0.0,0.0,0.0,0.0,0.0,0.0,0.0,0.0,0.0,0.0,0.0,0.0,0.0,0.0,0.0,0.0,0.0,0.0,0.0,0.0,0.0,0.0,0.0,0.0,0.0,0.0,0.0,0.0,0.0,0.0,0.0,0.0,0.0,0.0,0.0,0.0,0.0,0.0,0.0,0.0,0.0,0.0,0.0,0.0,0.0,0.0,0.0,0.0,0.0,0.0,0.0,0.0,0.0,0.0,0.0,0.0,0.0,0.0,0.0,0.0,0.0,0.0,0.0,0.0,0.0,0.0,0.0,0.0,0.0,0.0,0.0,0.0,0.0,0.0,0.0,0.0,0.0,0.0,0.0,0.0,0.0,0.0,0.0,0.0,0.0,0.0,0.0,0.0,0.0,0.0,0.0,0.0,0.08237768521731118
0.0,0.0,0.0,0.06125245393551878,0.0,0.0,0.0,0.0,0.0,0.0,0.0,0.0,0.0,0.0,0.0,0.0,0.0,0.0,0.0,0.0,0.0,0.0,0.0,0.0,0.0,0.0,0.0,0.0,0.0,0.0,0.0,0.0,0.0,0.0,0.0,0.0,0.0,0.0,0.0,0.0,0.0,0.0,0.0,0.0,0.0,0.0,0.0,0.0,0.0,0.0,0.0,0.0,0.0,0.0,0.0,0.0,0.0,0.0,0.0,0.0,0.0,0.0,0.0,0.0,0.0,0.0,0.0,0.0,0.0,0.0,0.0,0.0,0.0,0.0,0.0,0.0,0.0,0.0,0.0,0.0,0.0,0.0,0.0,0.0,0.0,0.0,0.0,0.0,0.0,0.0,0.0,0.0,0.0,0.0,0.0066474694511818025,0.0,0.0,0.0,0.0,0.0,0.0,0.0,0.0,0.0,0.0,0.0,0.0,0.0,0.0,0.0,0.0,0.0,0.0,0.0,0.0,0.0,0.0,0.0,0.0,0.0
0.0,0.0,0.0,0.0,0.0,0.0,0.0,0.0,0.0,0.0,0.0,0.0,0.0,0.0,0.0,0.0,0.0,0.0,0.0,0.0,0.0,0.0,0.0,0.0,0.0,0.0,0.0,0.0,0.0,0.0,0.0,0.0,0.0,0.0,0.0,0.0,0.0,0.0,0.018635580819419753,0.0,0.0,0.0,0.0,0.0,0.0,0.0,0.0,0.0,0.016143231524125085,0.0,0.0,0.0,0.0,0.13921952014674818,0.0,0.0,0.0,0.0,0.0,0.0,0.0,0.0,0.0,0.029943382849217753,0.0,0.0,0.0,0.0,0.0,0.0,0.0,0.0,0.0,0.0,0.021934353795611903,0.0,0.0,0.0698563217592297,0.0,0.0,0.0,0.0,0.0,0.0,0.0,0.0,0.0,0.0,0.01499545321615427,0.0,0.0,0.0,0.0,0.0,0.0,0.0,0.0,0.08243167878722656,0.0,0.0,0.0,0.0,0.0,0.0,0.0,0.0,0.0,0.0,0.0,0.0,0.0,0.0,0.0,0.0,0.0,0.0,0.0,0.0,0.0,0.0
0.0,0.0,0.0,0.0,0.0,0.0,0.0,0.0,0.0,0.0,0.0,0.0,0.0,0.0,0.0,0.0,0.0,0.0,0.0,0.0,0.0,0.0,0.0,0.02293340002149595,0.0,0.0,0.0,0.0,0.0,0.0,0.0,0.0,0.0,0.0,0.0,0.09365366103900846,0.0,0.0,0.0,0.0,0.0,0.0,0.0,0.0,0.0,0.0,0.0,0.0,0.0,0.0,0.0,0.0,0.0,0.0,0.0,0.0,0.0,0.0,0.0,0.0,0.0,0.0,0.0,0.0,0.0,0.0,0.0,0.0,0.0,0.0,0.0,0.0,0.0,0.0,0.0,0.0,0.0,0.0,0.0,0.0,0.0,0.0,0.0,0.0,0.0,0.0,0.0,0.0,0.0,0.0,0.0,0.0,0.0,0.0,0.0,0.0,0.0,0.0,0.0,0.0,0.0,0.0,0.0,0.0,0.0,0.0,0.0,0.0,0.0,0.0,0.0,0.0,0.0,0.0,0.0,0.0,0.0,0.0,0.0,0.0
0.056910037651666794,0.1278296819606654,0.04316977418831869,0.08732102093667361,0.23158089367843498,0.023263437426484932,0.06290804590377282,0.008484139032695546,0.01633143983143682,0.034060538888862714,0.0580970267258856,0.019264624141205052,0.03862528064196352,0.07085135029459878,0.13327506050476237,0.04798783755753079,0.06281404032197943,0.09453542538875215,0.05012487149350418,0.024472730763342145,0.15201892011580156,0.017815614879164433,0.041192786209458605,0.017800484855342254,0.08658464126201472,0.08767202613136858,0.013527121841500653,0.038076442706978145,0.18104195535761466,0.10647798910851383,0.024153360506806425,0.03833520214280933,0.1854139178821922,0.0872821578977781,0.1275150357029247,0.09896868119898884,0.056240803498082144,0.04427477452949023,0.07813968360337338,0.14240979064161108,0.21529339610948528,0.07134028030684493,0.17959552651689373,0.01257088654833829,0.023573664662045243,0.03991129482584072,0.03815586010158634,0.10735958669173598,0.07816039607314723,0.06654672813521227,0.028086401446489377,0.11008537189958298,0.06637754492190474,0.16799669723415378,0.027645418093580447,0.0,0.10397430166297658,0.08937770233654568,0.07251268830896948,0.1140896354265234,0.38435178250641355,0.11216316002363784,0.29787647312194204,0.09800062349779248,0.0179791845404523,0.10739870210290992,0.11759782217027913,0.08728167700078937,0.0675223813093231,0.0,0.07509206477459988,0.11172617841285883,0.08729458836608424,0.021749138650047104,0.14872990976792158,0.1845524520206243,0.05315272800004634,0.06925895168649865,0.18252623493256567,0.02706159111605415,0.10722747659807343,0.12430167603008023,0.07903710714383932,0.020541569688180335,0.2339572969061184,0.11364199313891028,0.07183230110543025,0.1462941814025836,0.07997439612151784,0.14049709603390517,0.3211706185647343,0.052595822505916344,0.15816765989398454,0.039591388870245166,0.09955966130817792,0.1035617303614257,0.05750222512442846,0.1824166411566856,0.06477512748942992,0.060084344869726594,0.16310103851731927,0.20694219290078697,0.1637544699755988,0.05497913759245946,0.03688569745053097,0.024250584097123367,0.018036819592554678,0.06122952952747747,0.09172397656462401,0.13927753670487955,0.13615294363787012,0.10636255402535538,0.028985835383597638,0.2131834369223767,0.0764214516150656,0.06655125212384828,0.0185254227554674,0.019962256151052307,0.2016403029316722,0.038891740507441645
0.11732971389518806,0.10259763731498957,0.11693443112315195,0.043217634055682234,0.07167404672638102,0.11760509053955535,0.06397471476900882,0.0643124012526529,0.06053835781451334,0.05400649108271672,0.0710660058978835,0.056845562053910725,0.0383225110049048,0.052880001659950784,0.07791283295197211,0.041697370290061826,0.06194806700030874,0.06536847789637085,0.06893908308296333,0.033140933077389356,0.16775137629873937,0.029080636746990095,0.038131664055420886,0.04120748217033526,0.17456890427566152,0.07038853479699277,0.04282067625823904,0.06415885773840278,0.1211897746533387,0.07883020310186602,0.04843211543790565,0.037671567071474586,0.04052033064602535,0.060230019414354886,0.06409850475163106,0.043110891102809475,0.13668003018034774,0.06731720947405782,0.06389448411213852,0.04890181281104787,0.04054257826523844,0.08695209533346371,0.08892141071878913,0.06492614169660839,0.055947009832562636,0.3651331690155476,0.2443523002623049,0.07560071289095924,0.07439253437985184,0.09842052765095216,0.020230072266673952,0.10489560143387763,0.08320344321727398,0.11232942239065798,0.08086105826880634,0.21005674039335515,0.14757501167211598,0.0765835528969945,0.05579300216238774,0.053331462463407545,0.04818548260572977,0.06186494763585531,0.0558044724326975,0.08104620608671004,0.1603738692637708,0.05459203250091046,0.07262599813142291,0.08124369657486136,0.03483210752623366,0.3841912644575427,0.08781757785060401,0.051518273630133095,0.0593195405696788,0.06081647321239446,0.08071544330499304,0.14414845627128547,0.03596371744168797,0.06898641654526928,0.12072363033256386,0.09903045807885233,0.1170991323718164,0.07176747620266784,0.07070311917696333,0.1335967397413518,0.04943073426461641,0.041009519107563064,0.12166659535358694,0.0420762738329623,0.06120299125460796,0.093696427643079,0.05614689699446941,0.11193490224315956,0.02120673850600436,0.07431833899241273,0.055711374395613106,0.06324721942224354,0.03831235310589664,0.06849206657741923,0.10115178810194934,0.03928062492324973,0.09085109187569423,0.10581169491526848,0.07891290356169771,0.04185241279306999,0.06871690577321585,0.06545456531016404,0.1650119627922264,0.13575174284645453,0.07605036243832501,0.06595731436645483,0.11842471709817522,0.07948772691282491,0.04440847028787338,0.08722506154337215,0.05526343772061381,0.07755971868012512,0.05607012908129357,0.054963740310429936,0.10258094164110415,0.044984568935527706
0.016464572953145143,0.012694142700917899,0.005015511545001927,0.019148465767202315,0.02584364780020174,0.02286954432813958,0.011688761457439993,0.09730677887386335,0.046861851107809466,0.011598771883931993,0.006358375737525338,0.007733230549043423,0.01125887685510491,0.015503603147116867,0.00976241635394033,0.006548437543920432,0.010647598067242142,0.0088090078563587,0.004118273670033822,0.0055850647600764886,0.010389852677189688,0.008328912002822356,0.0029630141684061748,0.012778626397365798,0.03529928253364773,0.010638029914770026,0.002333729423597766,0.00762030036158832,0.025832918239981007,0.006849368288393231,0.013017099277539988,0.00678169749923911,0.00343408450938135,0.012543614164134928,0.02876457856748322,0.008848423651434702,0.03615643755170748,0.007681843186492958,0.009218860611268155,0.011016306564140623,0.007708304837694477,0.02074327726123035,0.04202894934335682,0.014317381312037981,0.011769853609787908,0.0,0.32821455076398337,0.0268568809108169,0.04132398982670562,0.020999933333286407,0.0037674362314786616,0.003618242317442911,0.02578744033333287,0.009122165187519921,0.030842223071670446,0.0,0.003988448704735737,0.038415292971334634,0.011379702284883083,0.015440754009673945,0.006404983031915756,0.0293553680375256,0.0026728989946624717,0.007592739286653915,0.0773252385287386,0.010077989481974426,0.031235177733072942,0.01969817169977625,0.004970991806673813,0.0,0.02362254116876062,0.02708683012001826,0.011918343691192317,0.008994381805426008,0.021071382193585016,0.013821759510223021,0.009859708368548265,0.008205421249834269,0.02504394795952227,0.23278588455349422,0.06632583904880684,0.015933554711353673,0.014548784266349452,0.025853617157626643,0.009748577314240715,0.028969511975121605,0.012892657013048833,0.009563427064326568,0.016400783230061746,0.007407145799429602,0.020449671987513605,0.03670103168100314,0.006161400114492783,0.01127149818384196,0.010154281292157823,0.020500213429074234,0.006856874103513898,0.008073328757864122,0.028580009619585695,0.005790140867221247,0.01406281104968299,0.012996609295284706,0.028637474246996884,0.0047821661637307,0.004574523261001122,0.012327000427612358,0.0,0.029405963251971718,0.011221071645099796,0.014861065863133844,0.01621842076034348,0.0076284647961655395,0.010957125887531343,0.02648633053346794,0.012272031518193983,0.021480662022941195,0.009650517187170518,0.01717141984850919,0.006939292936324868,0.02136511651530272
0.07672998728391198,0.032321761849196745,0.048039533545582574,0.006730214488710395,0.04108203909221478,0.12305521133041523,0.10153756983064834,0.003648609196520524,0.21562932559966214,0.10988895675524851,0.10295751870496561,0.03724708707692304,0.04580884456165528,0.07906541966521964,0.04085910657568382,0.07316132707983472,0.015692765181209108,0.09648408946353308,0.06014915852165406,0.05265355113950742,0.021161694275622103,0.08268942667666168,0.10026198348075016,0.09132569975352098,0.0880176115911028,0.027856634966707785,0.05010550012795073,0.11707670935517442,0.07469765599680633,0.0449081806755281,0.0755845175918578,0.07626217186079859,0.12193046804167794,0.11632105947090175,0.026092238846248037,0.02884154133384328,0.08241704595579823,0.06880833937868754,0.02727297049115153,0.07666176153213122,0.11326986998347019,0.05175017124914835,0.05004548527142396,0.06214921926194168,0.11604559498677941,0.0901095269054597,0.0,0.027670190608334668,0.09446726823803582,0.05359843821317398,0.0186558777187891,0.03290188437889602,0.12666703555935369,0.07967869964627612,0.10139835594082748,0.17279643982295706,0.0477055388801257,0.08910408187630045,0.06348235320060483,0.07145468272769924,0.010276921464386317,0.10987834224659064,0.017233972599745975,0.032455450789890095,0.06596249430787675,0.011828756017702002,0.09526470128339001,0.08263916664742554,0.023597413302480556,0.0,0.14446826052298706,0.05557617805693062,0.06831059983073558,0.050107105974661253,0.06653667107641488,0.027122929074850057,0.05779191415972036,0.022245770241229996,0.02654171727871875,0.015274779864573698,0.0198247170342093,0.06979173353384824,0.015038367734128515,0.09357486709353478,0.06374430065244478,0.04274031066918381,0.04721444337954437,0.11265922782979726,0.07857724895147447,0.12993093447937148,0.038352909778058615,0.06311849946055191,0.036737766025481025,0.06073021498221109,0.022589956709174155,0.06459969533464799,0.0692050354132235,0.02722351685316464,0.06699166482636876,0.07799310780445295,0.07752114749992807,0.019258662220497658,0.04335743324552461,0.07423655004802861,0.12554822348189196,0.18095058060929617,0.0,0.0417857325756116,0.1908058736061131,0.07013504354327796,0.11330881514276918,0.1828366106762663,0.10571601173570468,0.06739453894006066,0.09895718301135313,0.03011460915998607,0.10018197835293066,0.09433317505913522,0.016445115304955744,0.07528448818907835
0.0,0.0,0.012570405884412687,0.0,0.0,0.0,0.0,0.0,0.0,0.0,0.005726947283539836,0.05023086735923902,0.0,0.06892111241427457,0.0,0.0,0.0,0.0,0.0,0.004809209281067561,0.0,0.0,0.10520750759757723,0.0024538693916872564,0.0,0.0,0.0,0.01738562600700674,0.0,0.0,0.0,0.0,0.03976098822276027,0.0,0.0,0.0,0.0,0.0,0.0,0.0,0.012117565886091695,0.0,0.0,0.01608789321612799,0.021028962785041603,0.0,0.0,0.07275934686835847,0.0,0.015611378876891596,0.0,0.0,0.0,0.0,0.0,0.0,0.0,0.0,0.08800544118227331,0.014071741538782774,0.0,0.0,0.0,0.0,0.0,0.0,0.017142269818186204,0.0,0.09437645508472234,0.0,0.0,0.05062912698934434,0.03724875084025052,0.0,0.0,0.0,0.0,0.0,0.0,0.0,0.0,0.0,0.0,0.0,0.0,0.0,0.04656807471885388,0.02933445389977194,0.0,0.0,0.0,0.0,0.0,0.0,0.0,0.010226864818051903,0.0,0.0,0.0,0.010873548603161242,0.0058981976815281004,0.0,0.0,0.0,0.0,0.0,0.0,0.0,0.0,0.0,0.0,0.0,0.09457521791443024,0.0,0.0,0.014310362139643583,0.019941780088149497,0.0,0.0,0.026809102764562654
0.0,0.0,0.0,0.0,0.0,0.0,0.0,0.0,0.0,0.0,0.0,0.0,0.0,0.0,0.0,0.0,0.0,0.0,0.0,0.0,0.0,0.0,0.0,0.0,0.0,0.0,0.0,0.0,0.0,0.0,0.0,0.0,0.0,0.0,0.0,0.0,0.0,0.0,0.0,0.0,0.0,0.0,0.0,0.0,0.0,0.0,0.0,0.0,0.0,0.0,0.0954575860449118,0.0,0.0,0.0,0.0,0.0,0.0,0.0,0.0,0.0,0.0,0.0,0.0,0.0,0.0,0.02814061674064252,0.0,0.0,0.0,0.0,0.0,0.0,0.0,0.0,0.0,0.0,0.0,0.0,0.0,0.0,0.0,0.0,0.0,0.0,0.0,0.0,0.0,0.0,0.0,0.0,0.0,0.0,0.0,0.0,0.0,0.0,0.0,0.0,0.0,0.0,0.0,0.0,0.0,0.0,0.0,0.0,0.0,0.0,0.0,0.0,0.0,0.0,0.0,0.0,0.0,0.0,0.0,0.0,0.0,0.0
0.0,0.0,0.0,0.15265700239189914,0.0,0.0,0.0,0.0,0.0,0.0,0.0,0.0,0.0,0.0,0.0,0.0,0.0,0.0,0.0,0.059355786038362855,0.0,0.1014109823988099,0.0,0.0,0.0,0.0,0.0,0.0,0.0,0.0,0.0,0.0,0.0,0.0,0.0,0.0,0.0,0.0,0.0,0.0,0.0,0.0,0.0,0.0,0.0,0.0,0.0,0.0,0.0,0.0,0.0,0.0,0.0,0.0,0.0,0.0,0.0,0.0,0.0,0.0,0.0,0.0,0.0,0.0,0.0,0.0,0.0,0.0,0.0,0.0,0.0,0.0,0.0,0.0,0.0,0.0,0.0,0.0,0.0,0.0,0.0,0.0,0.0,0.0,0.0,0.0,0.0,0.0,0.0,0.0,0.0,0.0,0.0,0.0,0.0,0.0,0.0,0.0,0.0,0.0,0.0,0.0,0.0,0.0,0.0,0.0,0.0,0.0,0.0,0.0,0.0,0.0,0.0,0.0,0.0,0.0,0.0,0.0,0.0,0.0
2.682077381996978e-05,0.0,4.4579260711445096e-05,0.00048154695381863135,5.577748218395655e-05,0.0,4.715272983132924e-05,0.008199394276038776,4.0407775803941286e-05,0.0020731768695361904,0.0,0.0,0.0,0.00026237655152403335,0.0,0.0,0.0,3.442234121132636e-05,5.919881218072679e-05,1.698047280172855e-05,0.0,0.0,0.00011143485181238371,0.0,0.004164171474915416,0.0,0.0,2.4547248723790598e-05,0.0,0.0,7.841396841125669e-05,2.7044460026783123e-05,0.0,0.0,0.00021312564552005274,0.0,0.0,0.0,3.397263431216142e-05,0.0,0.0,4.149600080447656e-05,3.9623086853129835e-05,2.2700840488666857e-05,0.0,0.0,0.0,0.0002058411622324162,2.9429085495105796e-05,7.343228705118057e-05,0.0,0.00016845081804486026,4.087753475145241e-05,5.075939293645617e-05,0.0,0.3883195111593154,0.0,2.974113870885264e-05,6.548986893246536e-05,0.0,0.00014223585264083182,2.828842997340335e-05,0.002810409681838214,0.00016376021849753028,0.0,1.4569561081484583e-05,0.0,3.734702620432226e-05,0.0,0.0,0.00023094612914282558,3.973826168095785e-05,3.75726542474503e-05,0.0,3.9986292221993375e-05,3.806839317307092e-05,3.50536534543149e-05,0.0,5.057501683247591e-05,0.0,0.00011487154899834462,0.0,3.547376180480191e-05,0.0,0.0,0.0,3.27912057777848e-05,0.0,2.7336687457933275e-05,0.0,0.0,4.536935203130499e-05,0.0,3.406312352116698e-05,0.0,0.0,2.064226991501961e-05,0.00015027281984459219,0.0,3.824915487118737e-05,4.169488828628245e-05,0.0002618008340859157,7.298552231268385e-05,4.782009593575452e-05,0.00021608601503816382,3.928552033362219e-05,0.0,4.457951625837825e-05,0.00039370830830316803,0.0,4.6908997647995024e-05,0.0,2.7856695655964063e-05,0.0,0.0,3.3779830272151e-05,0.0,0.0,0.0,0.0
0.0,0.0,0.0,0.0,0.0,0.0,0.0,0.0,0.0,0.0,0.0,0.0,0.0,0.0,0.0,0.0,0.0,0.0,0.0,0.0,0.0,0.0,0.0,0.0,0.0,0.0,0.0,0.0,0.0,0.0,0.0,0.0,0.0,0.0,0.0,0.0,0.0,0.0,0.0,0.0,0.0,0.0,0.0,0.0,0.0,0.0,0.0,0.0,0.0,0.0,0.0,0.0,0.0,0.0,0.0,0.0,0.0,0.0,0.0,0.0,0.0,0.0,0.0,0.0,0.0,0.0,0.0,0.0,0.0,0.0,0.0,0.0,0.0,0.10600884956926386,0.0,0.0,0.0,0.0,0.0,0.0,0.0,0.0,0.0,0.0,0.0,0.0,0.0,0.0,0.0,0.0,0.0,0.0,0.0,0.0,0.0,0.0,0.005499774750916468,0.0,0.0,0.0,0.0,0.0,0.0,0.0,0.02871180229465096,0.0,0.0,0.0,0.0,0.0,0.0,0.0,0.0,0.0,0.0,0.0,0.0,0.0,0.0,0.0
0.0,0.07227441123147607,0.0,0.0,0.0,0.0,0.0,0.0,0.0,0.0,0.0,0.0,0.03538682974923806,0.0,0.0,0.0,0.0,0.0,0.0,0.0,0.0,0.0,0.0,0.02294522497579833,0.0,0.0,0.0,0.09736606664967629,0.0,0.0,0.0,0.0,0.0,0.0,0.0,0.0,0.0,0.0,0.0,0.0,0.0,0.0,0.0,0.0,0.0,0.0,0.0,0.0,0.0,0.0,0.0,0.0,0.0,0.0,0.0,0.0,0.0,0.0,0.0,0.0,0.0,0.037418487671512755,0.0,0.0,0.0,0.0,0.0,0.0,0.0,0.0,0.0,0.0,0.0,0.0,0.0,0.0,0.0,0.0,0.0,0.0,0.0,0.0,0.046922876950157774,0.0,0.0,0.0,0.0,0.0,0.0,0.0,0.0,0.0,0.0,0.0,0.0,0.0,0.0,0.0,0.0,0.0,0.0,0.0,0.0,0.0,0.0,0.0,0.0,0.0,0.0,0.0,0.0,0.0,0.0,0.0,0.0,0.0,0.0,0.0,0.0,0.12534100152519168
0.0025517204398731713,0.005822052832616434,0.007447000968454171,0.008327705895841041,0.030267810112148987,0.0,0.0008982685049302307,0.062390240372157235,0.0016961981208719608,0.00011275381940341283,0.001227023681473638,0.0005191883704158709,0.003769510531973609,0.0001429623558187281,0.007966331890677705,0.009660685921716717,0.004201083870597127,0.003403576793644712,0.0018032278295533257,0.002196648191159742,0.0010885260099512072,0.0013193081742277819,0.0022636605983709806,0.006401912896248264,0.07129347504708852,0.004103183278883056,0.0010472477226365535,0.0017754401690314946,0.0034869304869851064,0.0010248714441505793,0.002484043967114911,0.0037018478627313437,0.0,0.01399235913683801,0.00016217003117321963,0.0032419716709989025,0.0,0.002041407757997674,0.006206194906870472,0.0030406110210944785,0.0004888493387637423,0.00015787419030697427,0.0009032624874559188,0.015848307840488834,0.0005655698319277201,0.0,0.0,0.003522128806390774,0.0010075210464770368,0.0006992428095649271,0.08369855086168759,0.0764948990004508,0.002651711898333399,0.0009655867920954044,0.00041913083199610914,0.0,0.004602879045059449,0.0013568857622391127,0.0002491603969196824,0.005869807957233879,0.003796745970981762,0.008288234146195023,0.024775437600286956,0.0035323445385766735,0.0,0.0015520631675267084,0.0,0.0018477497697094731,0.011956764439220407,0.0,0.000658193989772656,0.008769974922035063,0.0,0.0,0.0028889530483527507,0.0046379482521466805,0.0011990284169371202,0.021806345596425164,0.025685634582167535,0.2611946459739675,0.0004370361585655542,0.00023514238535980343,0.0024183998716290505,0.007227479274405223,0.003281482730656489,0.00025948482974070365,0.0018787155690550745,0.00915264134803322,0.0023913081526087746,0.0006476123407738876,0.0008912481091789154,0.0017265992021257772,0.016431650047216115,0.0015486036715912975,0.0007230165256635257,0.0008267570504714787,0.0014915911508781357,0.004958376088931673,0.006440980139736666,0.0013138899462087463,0.002854545293425373,0.0012462057154919268,0.0008354075865170591,0.0060023586251209005,0.012729369366409771,0.0029744870750678886,0.0,0.01085700220022203,0.03687062682997676,0.0006538679132304693,0.009634156268399094,0.00046970056428987126,0.00010598258111752055,0.0030435344948373205,0.006571983998201953,0.0002577132442969025,0.0015010038719296067,0.018258100686174828,0.0003028433646546273,0.0018024556469840363
0.016911320095975492,0.025374226699947145,0.022000805631040694,0.03295879031806175,0.06308303420667635,0.012209386567484595,0.033856460809622846,0.011497753059633417,0.05275869508701116,0.16354408460807637,0.060525495258863624,0.07486636636455574,0.01178718704562692,0.030462789107055563,0.030933062843243233,0.0896914116808257,0.06628429191616497,0.13261126449556573,0.0367514887869723,0.04029805187716548,0.04591090672388487,0.06799068169739021,0.2453497422951281,0.03176757387341217,0.05680007321813853,0.019882566870781868,0.04296431915060252,0.06396743475496222,0.03684014358536833,0.08965702697612092,0.07486163815883068,0.029515080593853528,0.16921057879737975,0.11761901982472282,0.07427059593334466,0.050848040378187076,0.05224546933973583,0.01877220844971135,0.10133222359236987,0.1238402375815099,0.1561462300590355,0.08071276647685519,0.01310540886124419,0.026150974451098322,0.04254200836746356,0.025814445930659007,0.0,0.06644554368498298,0.0611306401818136,0.0555886107451886,0.07089836430943454,0.16758198181556205,0.02274026494970654,0.1338742302738759,0.004434593340307395,0.049502472224719096,0.19068240103755227,0.054070172927297946,0.03562129324581031,0.035116012400715046,0.10262569616853455,0.05956493124647506,0.12985296838165175,0.0583834838827947,0.03488615710064468,0.013354215514646784,0.0336999807322296,0.019116554109671623,0.08431008568231206,0.0,0.04333524558693235,0.02585409096096967,0.07052421254391122,0.1320688815625774,0.029625096398741734,0.03973904617156336,0.14244376426748342,0.008784161056661445,0.017841151369555573,0.0,0.12552918919205802,0.03403245778746073,0.00820687925136222,0.015084261974367939,0.03164792508250295,0.045086431580933735,0.019136867565836553,0.10654192629915418,0.042214154619888866,0.1891402118757442,0.047338432469817344,0.06702947922301646,0.22314103736243854,0.013141006340707001,0.05915765833935893,0.055328491787972556,0.06535787540892389,0.03047989352461431,0.008944809677646298,0.049692525935063916,0.03799187756894373,0.1105689503510652,0.01138201638277645,0.22361483868955892,0.38211865433698217,0.10860069062015983,0.03499798131457099,0.13887683257022262,0.13730590270355758,0.14028108443233772,0.05449545279694271,0.11923527304398546,0.05200250383575388,0.020377449200954773,0.03201016996110783,0.10920046982682029,0.043032106623404544,0.045147395180674635,0.020146476327080547,0.08177507070039058
0.024896554601539538,0.003901532385583648,0.044143601935389534,0.0015623825564089402,0.008339919064394364,0.019259395767363123,0.008090683508294352,0.029265717598486767,0.00925835043892923,0.06850111650280087,0.10478933429590698,0.06921940621618869,0.032688264883194706,0.025417499385547188,0.026158223646599987,0.0674008910633169,0.05468613365702699,0.0009829175587806555,0.039755556962653205,0.037337388252251344,0.03558111395759426,0.04125842263633767,0.04194265295877253,0.022475946355291876,0.029726604266541907,0.013438136570282498,0.007075088565981955,0.06066584237311791,0.0,0.03230268982103462,0.13982506570578745,0.07293292282292137,0.018878080765934585,0.026872205828293125,0.05143023692857566,0.05652168565244196,0.07611955301720048,0.032131918764945845,0.009461405110729081,0.003968866438767879,0.010104592271360822,0.005625365279522417,0.015548226704678446,0.04208626838652496,0.0007074679672429073,0.0,0.0,0.020560860716577253,0.010507260864740445,0.028337792809376407,0.004406445168724369,0.00039950601784959154,0.07697289523538013,0.0,0.03673898684776302,0.0,0.0,0.009339960651510304,0.021971702068997772,0.019540376635714965,0.0,0.005453303167216271,0.0,0.03274974095880487,0.1627994553555349,0.00676046427218622,0.00043253227368499677,0.0,0.0731934475610708,0.0,0.0006189861825761167,0.012199683090375437,0.03461859647678763,0.007574443709931521,0.030811277707452463,0.013869445614833307,0.00175165279198273,0.038186554865701355,0.011958493843339621,0.0,0.022112665830114474,0.060228195075407075,0.02168014959063401,0.09102695667853715,0.012314362184528317,0.031716493594244645,0.027026208266542794,0.054186688045862075,0.0678876120257875,0.00040518836029017726,0.01170396906436418,0.0006477527555185164,0.0003749502387035235,0.065863641818691,0.0006783128309072915,0.02816958377732859,0.019002561173548115,0.01681795681999684,0.034198605575086104,0.04218587138468449,0.019340883821879512,0.00046939993222614763,0.027666099735234033,0.003072690629850529,0.0007692893166169957,0.057208201570981165,0.0,0.013368673850101548,0.04387152650057432,0.0021460524931806594,0.04117590179618542,0.029480676064004122,0.06562571676919603,0.015116629243274808,0.015267166284644225,0.04317345498598934,0.02635254397433089,0.11564740413150695,0.013900243179019988,0.02637932242121977
0.09492406194745759,0.19980205444189494,0.09498494279653452,0.011554378353272837,0.04164058707272525,0.015298247399264041,0.13018667902703318,0.008453254514980378,0.0656018164063311,0.08861288947243781,0.10203164873990257,0.03131417289895211,0.06327489376679996,0.04922660776524298,0.043371530960771516,0.15213501113981934,0.05877178122197804,0.0743544793972276,0.0834416985624321,0.013358127290118661,0.012299643136762925,0.07799692346796394,0.0999082125807657,0.08582900433111362,0.03434506967041172,0.03525697620490924,0.10104822697832692,0.084325434303541,0.024567627215801996,0.028878829560932514,0.0835201276687773,0.0472595635381565,0.04895916109215691,0.06825143482451032,0.019337833373643407,0.042900655681603325,0.08794788631642747,0.0842681563303873,0.047510612393857836,0.04664343741248181,0.04342603565582525,0.06029151795613769,0.03576547632149529,0.059515449762968846,0.09345580879464563,0.0,0.0,0.05323811720414657,0.04874181607652139,0.04964244562620037,0.012320754363512992,0.026635541467291843,0.0883388177585808,0.06049758167139771,0.04891768299602111,0.0,0.03423318886530846,0.03954755187589553,0.03382516211313685,0.04258768585977394,0.009700585802961988,0.07648087995522049,0.01823328717842917,0.03885139209303768,0.09404494647866928,0.012407585892963403,0.06598150223602342,0.04760665416018617,0.04467249498785883,0.0,0.03884235089224501,0.033763089745133576,0.06953226703466396,0.03992811578047066,0.06921974683307076,0.03306987106513006,0.05952650610131607,0.04806077961641026,0.14675410917715087,0.0,0.022236917018199832,0.05647379028197618,0.03968485878551685,0.10672646149687344,0.03527333273374827,0.04460636447753639,0.06869617542407841,0.05909808037882145,0.08119882605895004,0.08447181430909285,0.04877677301446268,0.07083788255918308,0.010317030853322017,0.04224525611372655,0.017250240140736464,0.0636001774357018,0.06948145525034777,0.04134322858321367,0.04248396781080248,0.03172938428873773,0.05079459867714803,0.03188478945379406,0.03513062099506176,0.0405168522985158,0.033159252137029596,0.13743648957830398,0.18869949576004597,0.05056673504695885,0.00844819397401738,0.047578932815305446,0.0473801547967254,0.06812297384669506,0.08093426320527985,0.042886787949309904,0.0976351999927877,0.049255044558423805,0.12225574136441321,0.10431129573892489,0.008111920598275696,0.04474085140634799
0.00687155048394569,0.015576592349461666,0.018794144430924843,0.06482776378962804,0.03944025869581454,0.0500506862842172,0.010723170990517963,0.08499226529934074,0.0965506060202855,0.023200169384927295,0.019330872951573316,0.0026619581317455384,0.014955076379444165,0.03337404516532884,0.011598880204858048,0.042719299629665364,0.009132762427911669,0.10726715099758076,0.03133799924310927,0.005187012914519525,0.016441639066533512,0.04259705660039914,0.06997916122001512,0.03256865531512151,0.06414153485923889,0.019934261549820535,0.11481164692723202,0.026577883647797444,0.02464985675238686,0.11507632075506537,0.031007336161323836,0.02124036669767946,0.08485697029019865,0.04635075144451995,0.041404496497887515,0.024977985408926297,0.021378463029336787,0.020098789823231236,0.08081954268143984,0.11084086739645592,0.10163779162802873,0.056419216032926586,0.00752691736069622,0.012132873474977995,0.04861533104220521,0.039234601354955316,0.07501785983009138,0.016183559893628786,0.1429699788534859,0.01442107944020363,0.11194079091177773,0.06359221438466744,0.013710172772195819,0.053197811792279476,0.006164280374528298,0.0,0.0708702519019185,0.12974514960802552,0.03368686949273113,0.07931093884800301,0.037427285659612244,0.06696382112765997,0.048993335404361925,0.039564331576780486,0.01325591720975305,0.011895516083953025,0.043199330167557594,0.011052616535054717,0.030533225807955502,0.13761091254743596,0.020663148954274638,0.055196552231555555,0.04792002472046685,0.2587000320032906,0.025358457119384368,0.014968192278259582,0.08087815298565951,0.016138797322474308,0.009796081650795176,0.02660317590613989,0.03673591938921615,0.06339025857931238,0.021443382769612832,0.0048403071096364235,0.024872063008363744,0.023611933737724917,0.016334992226943897,0.10986131700607046,0.04129808484328041,0.06691779214089622,0.022893229806675727,0.020540142523028857,0.05495343069819382,0.0218914877527085,0.12439714753564617,0.04006539507882949,0.03333156208670097,0.00913889464074102,0.022053872691489635,0.15366039327138714,0.04668671817230055,0.11237767816166412,0.020444051840366705,0.15901001024296163,0.024926490239738745,0.046148975385099496,0.07092274922187534,0.07852079557567179,0.04901864084888453,0.10936156351128692,0.030809554660868158,0.048306912379096886,0.02574018999218422,0.04521248560062118,0.03465277795298036,0.05051040054607564,0.22101611338697252,0.025963057383189637,0.005874604322058915,0.025168999312249054
0.0036799935198608023,0.005065582656894742,0.015338238719791517,0.0008113983888897478,0.008662602204142602,0.0012508010732400858,0.047970069153859624,0.0,0.008263988596438846,0.010870289514288124,0.004186234072243736,0.002936670402320244,0.011714357714464442,0.10101394144279673,0.014996216791470642,0.006231625336515545,0.08903905432305885,0.0604653333780286,0.02020747128182194,0.0012591170694412378,0.0060587265118200034,0.0,0.03598154547814064,0.024213841179103367,0.023157255788710647,0.012794634843886986,0.03470236433643789,0.011746373235986029,0.00042552881834752695,0.04014074867789092,0.009972503712916555,0.0,0.02252829997776997,0.015559786115778363,0.015488089465022418,0.02487825904578092,0.008593973164802964,0.02055530886594796,0.006677504017045761,0.17352300831305392,0.016856021183062515,0.03013747565969115,0.025399540930226873,0.03797510809739058,0.03364351459183297,0.0,0.0,0.006101688070178613,0.010149670153637498,0.03120482422168238,0.0029291777572478966,0.0008319830101788382,0.027054868232508415,0.002822934088204562,0.001938581249614799,0.0,0.00024861033962658013,0.014221200166593352,0.0876433092158256,0.08062976849944131,0.0,0.008810729665255515,0.0,0.008301403570982939,0.08454729300820141,0.010101179376495713,0.012582235096109522,0.009002678160048714,0.1266601086340864,0.0,0.0016042118962234552,0.08133344557119794,0.0174207859361031,0.0,0.004000418596207451,0.009180009424631043,0.12066486710294548,0.036830412897083324,0.009786173130640573,0.0,0.0,0.00022913397169718587,0.0473939186033802,0.015146406291402605,0.02877887221553735,0.005321292371310656,0.04686684386091743,0.013685584005447886,0.041942408264236564,0.0025242575903033923,0.044283779303546496,0.1324118583740368,0.0,0.02263550078266003,0.0,0.021071810670902396,0.0,0.014123309401225144,0.03471977202473523,0.09716638867217892,0.004481365495885358,0.011174165295322738,0.0,0.08436887441463098,0.0012006243452070248,0.00666665344739126,0.0,0.0,0.01110006495028794,0.06133127182326515,0.012517429029488238,0.011882531005811813,0.061965778348498445,0.0069782473269829485,0.021245437189901344,0.016408907968414016,0.05944447332522617,0.06605491195911335,0.009281448021169697,0.005620497500385893
0.0,0.0,0.0,0.0,0.0,0.0,0.0,0.0,0.0,0.0,0.04088772166601888,0.0,0.008150780151411076,0.0,0.0,0.0,0.0,0.0,0.0,0.0,0.13248473078725814,0.0,0.0,0.00705048172492603,0.0,0.0,0.0,0.0,0.0,0.010937483910846209,0.0,0.0,0.0,0.0,0.0,0.0,0.0,0.0,0.0,0.0,0.0,0.0,0.0,0.0046008750694896995,0.0,0.0,0.0,0.0,0.0,0.0,0.0,0.0,0.0,0.0,0.0,0.0,0.0,0.0,0.0,0.0,0.0,0.0,0.0,0.12175841617708207,0.0,0.0,0.0,0.0,0.0,0.0,0.0,0.0,0.0,0.0,0.02427647254706742,0.0,0.0,0.0,0.0,0.0,0.0,0.0,0.0,0.0,0.0,0.0,0.0,0.0,0.0,0.0,0.0,0.0,0.0,0.0,0.0,0.0,0.0,0.0,0.0,0.0,0.0,0.0,0.0,0.0,0.0,0.0,0.0,0.0,0.0,0.0,0.0,0.0,0.0,0.0,0.02778884547212507,0.0,0.0,0.016126219495634607,0.0,0.0
0.04376855019322202,0.026176096741234674,0.09005119779978797,0.0042983384945266935,0.01130588952683868,0.18635249551709548,0.023156650882071923,0.011701395103965923,0.08234221389944661,0.07579355347105715,0.08151838706279388,0.05705217130841726,0.05587871470255601,0.1111034622723958,0.019423556855632622,0.10414205849861342,0.04893165551353128,0.014770980430023405,0.07724749049695637,0.03646812499686035,0.024535406566902826,0.06326319684348143,0.037296183798565176,0.06434810152863567,0.019017138318171003,0.020730497740345792,0.09847585875570997,0.06859004381153803,0.008796276924652485,0.016266923393906594,0.0844270404793045,0.04949611677896987,0.03411071980996926,0.06849170574821911,0.036623100778566516,0.08988810784251182,0.06854615543283014,0.06752255820617849,0.04844218739763499,0.011822202406619164,0.025636559211512144,0.018869816016981587,0.015055774112339075,0.06841520484447552,0.030148407641650724,0.0,0.0,0.010334940035571368,0.11467695446620534,0.024444838570937447,0.016745118311594188,0.0015389249812879171,0.1335901072545114,0.00040569656588550684,0.19542872632959593,0.0,0.001841747689974051,0.09976073297831912,0.12057826558540119,0.07545741345574598,0.0017497160796040366,0.015601728983618448,0.0008608500689746537,0.05714668629593798,0.06509256926350152,0.014829452796186374,0.02740066105749063,0.0019407136601910925,0.023001112500907705,0.0,0.003985081138893143,0.05540370814428084,0.07983138707285863,0.000454287837505178,0.044989243117031695,0.005197559517729373,0.017819838593015898,0.026901622030179213,0.03242604849644008,0.0391908367773473,2.1840456446266506e-05,0.04734822484063254,0.03116527935314032,0.04504121707448026,0.0246186950043773,0.026552742080538858,0.06267460116578133,0.03007037157837903,0.05905960902116271,9.717071131999712e-05,0.022729359235377743,0.0024870711144364824,0.012447737955141132,0.09701093522364439,0.0025234657826887115,0.074666757038043,0.04822592360355117,0.0122184911792823,0.08282615316696006,0.0938660665748171,0.017940949195380782,0.007106873176901035,0.025797192491968886,0.009115572991444358,0.0,0.050701206186254705,0.0,0.00015262923574258614,0.047631610329003427,0.014276011051701913,0.017587664719460827,0.05963918477455554,0.07933683035170969,0.01829351541247294,0.09353689871660359,0.037302354990341374,0.021314429213054095,0.054533710060055175,0.003675051172607173,0.0288837037151481
0.05977753837946295,0.029959616034550326,0.05628441540835853,0.0016863140722643908,0.005604703741864136,0.024981509339346758,0.03540123073174187,0.0,0.11252362065701448,0.07292507158588311,0.09320415413162467,0.13653676132941223,0.019399567365591047,0.02343134785063749,0.021574520806754593,0.04874581773247969,0.05071412636557593,0.0016312157385698436,0.046345623455241236,0.0627941134761695,0.013800761678115883,0.034421419492855265,0.02203673206423361,0.019609498966206465,0.03701609497636988,0.006507363829576124,0.033445459358248116,0.0478138538192017,0.0151061773503126,0.008619023923307502,0.05347120528402424,0.027709749679893043,0.010503129657456286,0.06205154501206203,0.018188386175815065,0.022828983741412755,0.054948708913567276,0.03524212351751815,0.025878759301465257,0.009163266411759262,0.009277788883188493,0.002826427629446193,0.008213699064783728,0.055374275761289345,0.10211741201632138,0.0,0.0,0.020116160222261502,0.06890781336897887,0.027010073664894545,0.011851497409900337,0.002995418598864053,0.03571559022968784,0.000601300120304596,0.07559519289594577,0.0,0.002588991980593663,0.08449550631827994,0.037255282801051996,0.011354845724449902,0.00042144999128004417,0.004778330651666636,0.00020392150289688066,0.012136714374291039,0.0,0.003237760351947491,0.04202037630961254,0.001217611623746119,0.01472180154991776,0.0,0.0027352307120617815,0.0110696414942229,0.021275659164427408,0.0,0.04369541508919242,0.024042628288391436,0.02605658710901951,0.011322014520286493,0.024667408676616612,0.0,0.0,0.057808972112640286,0.021660313248067206,0.08959872912594563,0.011074640677813252,0.019239852246895676,0.09179114941401355,0.04227751561234497,0.019595356963428165,0.0,0.015614528628238417,0.007126893377621337,0.00015563021101659813,0.026332424644814355,0.002253511495804795,0.019307855616003667,0.03148868611531107,0.025992465256651616,0.035327915556173026,0.03661221233737862,0.00889244729499113,0.0011653920656457168,0.00823335878126495,0.0008492894523041876,0.0,0.041582886560801224,0.27116038629143996,0.0,0.022879193596496542,0.002037121831313601,0.04863179324766591,0.029221880450146957,0.06033859288353594,0.007808211315936534,0.023154079560125017,0.016617988191971324,0.07272582118089146,0.03676725542733646,0.02390235342138017,0.029479302229057886
0.16352739462023852,0.024965034147531293,0.00443776420276347,0.04137197728140874,0.028916985843505282,0.06905249346754912,0.05404873854518318,0.0,0.002979041294982433,0.008552202345676758,0.0029641128122711263,0.021653712248138342,0.0026712450865916727,0.04329026222785715,0.01948802119794685,0.022532684276581588,0.0840632748457576,0.022942911221679102,0.009642868047484331,0.003967372442623341,0.04397319021585808,0.003489530282735334,0.004685598656569277,0.002914479863310397,0.0,0.020177495828253945,0.01069613680151831,0.012121483129632911,0.008120186313756302,0.11482293264715719,0.02276062144829158,0.005676109490871547,0.0230415500617264,0.028851121993873907,0.18084069571878103,0.03895857253241972,0.0,0.009546748157772622,0.020875762624662987,0.0031012778996425466,0.004954267700452658,0.06793837185033595,0.04054324688007687,0.009680350162452746,0.007550201675276115,0.0,0.0,0.03510457513888337,0.005873146046469962,0.07506714213208548,0.01853695054228826,0.008256105813582612,0.024539171965953985,0.009327707275185228,0.09348985737754052,0.0,0.0017637534321336137,0.006869199143732046,0.013752713441047717,0.013848454335038689,0.049025275624310236,0.009655135941355366,0.04138691357706324,0.04960543395775504,0.0,0.03166828662131537,0.022590439601957453,0.005884241005643876,0.012536011936786193,0.0,0.02120375659710103,0.02963018845600736,0.028420830872550963,0.056403447836408674,0.004196401263074049,0.00860032504480843,0.006254075029948936,0.014711520899226132,0.010660774032764221,0.0,0.1730703680854288,0.015470523027072875,0.0229911188257039,0.13949700039562346,0.02566106895369572,0.005382856060852064,0.04666662616618738,0.043989490498423475,0.007890904448650468,0.010128615700644985,0.043037711348264264,0.03383336341628933,0.039267539905737336,0.06678383012156575,0.044671255033531816,0.014825593932506214,0.0039001370779762285,0.021579965660473894,0.010968651170990842,0.04613568198628469,0.05427115851412726,0.022360765747845048,0.042229533295321996,0.011295162507877961,0.013599632949433385,0.015187717637066344,0.0,0.08591579944979312,0.004550355773001859,0.015791844425735366,0.01452610453072283,0.006795762204977752,0.020768970830525677,0.050400790936364626,0.013243880559748686,0.08479186814547424,0.0023672067753187386,0.007795419848845757,0.01898576236067266,0.02288352953200565
0.0,0.0,0.0,0.0,0.0,0.0,0.0,0.0,0.0,0.0,0.0,0.0,0.0,0.0,0.0,0.0,0.0,0.0,0.0,0.0,0.0,0.0,0.0,0.0,0.0,0.0,0.07464917185804078,0.0,0.0,0.0,0.0,0.0,0.0,0.0,0.0,0.0,0.0,0.0,0.0,0.000353986076026992,0.0,0.0,0.0,0.0,0.0,0.0,0.0,0.0,0.0,0.0,0.0,0.0,0.0,0.0,0.0,0.0,0.0,0.0,0.0,0.0,0.0,0.0,0.0,0.0,0.0,0.0,0.0,0.0,0.0,0.0,0.0,0.0,0.0,0.0,0.0,0.0,0.0,0.0,0.0,0.0,0.0,0.0,0.0,0.0,0.0,0.0,0.0,0.0,0.0,0.0,0.0,0.0,0.0,0.0,0.0,0.0,0.0,0.0,0.0,0.0,0.0,0.0,0.0,0.0,0.0,0.0,0.0,0.0,0.0,0.0,0.0,0.0,0.0,0.0,0.0,0.0,0.0,0.0,0.0,0.0
0.012765327964313513,0.011558168440728257,0.13001853182927295,0.0013456620218435743,0.00041019258346289755,0.14637077919265074,0.0326895963457949,0.02520333372463408,0.030796340812021827,0.0214854407483532,0.01021440548986555,0.0979972358401734,0.023195275628858158,0.02681954508103352,0.017085341261249467,0.0010993455238850031,0.03190599902701527,0.004865337811707808,0.02637063105627797,0.038742570059328435,0.0014065605114433701,0.0462983098811001,0.008001228705708515,0.044226304873310675,0.007680140083079514,0.0015671315911508802,0.04197501543408401,0.024008242756785925,0.004014594124491152,0.0037089998273972438,0.0687818875315923,0.018742966564874074,0.004773464342199074,0.03197311616856309,0.029037462651669343,0.00397267527828204,0.03591231164900705,0.028771823706777184,0.00961079125281109,0.010296417480457587,0.0028478976701778445,0.00469156847519399,0.008180205009859314,0.12499549204351029,0.029327128412661763,0.0,0.0,0.005312177566882383,0.014695413204027744,0.00998745869876398,0.004492904687914135,0.03452752758955055,0.020718223293814484,0.008113444631780792,0.07089415051585772,0.0,0.01206574140760195,0.017805608188554593,0.018922020516501135,0.006547424125027365,0.007186759297931363,0.003304744792227482,0.0,0.0019473523670398615,0.056078902321392,0.0010569245487272697,0.019523353139470057,0.020900265996989725,0.04896003112145293,0.0,0.04277637645719453,0.005961882222979132,0.015808217662461068,0.02119997612570204,0.01768956941809748,0.002154598592754958,0.014344697056445513,0.013311324508934566,0.007302401001831275,0.0,0.004654985086831702,0.05194330761271831,0.011810211356036302,0.022813581982484683,0.003711778827101894,0.04235574899379997,0.08176564034165941,0.021572650504430774,0.02677907491188025,0.01485983807202464,0.007919454318464183,0.006807748486424251,0.00012974311685696395,0.014972707615173162,0.001227371898148578,0.015312422906906414,0.019282663362660376,0.013744064796012131,0.014704037470535941,0.005850610095539361,0.0062012713580266,0.0011279110815753297,0.011957557524073043,0.005114149474633882,0.05759391111579086,0.033260980054861576,0.11252131015060658,0.008497938290086687,0.009397183827438475,0.004913450989904347,0.013549599482544248,0.009624948088044151,0.05179046677671354,0.008678629577689223,0.028183914591851135,0.02903813092198446,0.03482109265174884,0.037523514429652655,0.0019055216647512016,0.014446126394857348
0.0,0.0,0.014738828535893547,0.0,0.01144604794409942,0.0,0.004143493892425056,0.0,0.0,0.00779615754129338,0.009151279379152413,0.010082137111823309,0.0024710943190833887,0.003401906058535306,0.0,0.0016231591357539982,0.009605398196647933,0.0,0.00860443560230166,0.0033910206023888435,0.0023487173203156093,0.0,0.0025877727538593416,0.003962720004797555,0.0,0.0018391452208719962,0.010329071239835797,0.005053305120280437,0.0,0.0003265613873650625,0.0,0.0,0.001020855606016774,0.0003926134104303926,0.0,0.009990158365987958,0.004208212873606629,0.010461875767579575,0.0,0.0,0.0005183520126949693,0.0011299641529838944,0.0023963934374107523,0.006473972211094452,0.0,0.0,0.0,0.0,0.0,0.0038923218034524667,0.0,0.0,0.0,0.0,8.327950703488581e-05,0.0,0.0,0.0,0.004061822978851901,0.004065653306969335,0.0,0.0035097030591809673,0.0,0.00727060019141247,0.0,0.0012783812131851237,0.0,0.0,0.01046442501941998,0.0,0.0,0.0009621261084295838,0.005004742057841658,0.0,0.007738648901050034,0.0,0.0,0.005009687320248724,0.0018431568239654598,0.2077185541277619,0.0,0.003190797834638595,0.006731378764977208,0.0,0.0017397621753577127,0.0,0.0028885727772290735,0.007529728547473264,0.016122324413325135,0.0,0.002480203547856274,0.0,0.0,0.010160799866916113,0.0,0.003614658138128816,0.0,0.0,0.01285991153973224,0.005108604136085322,0.002900559958005839,0.0,0.0002208272344892304,0.0,0.0,0.0005919636430925799,0.0,0.0,0.005959832801549903,0.0,0.0,0.004289353978573853,0.006827186950602556,0.003986580216258369,0.0019910610564131672,0.0,0.0,0.025109281451346437,0.0,0.0
0.0,0.0,0.0,0.0,0.0,0.0,0.0,0.0,0.0,0.0,0.0,0.0,0.09913821468324825,0.0,0.0,0.0,0.0,0.0,0.0,0.0,0.0,0.0,0.0,0.0,0.0,0.0,0.0,0.0,0.0,0.0,0.0,0.0,0.0,0.0,0.0,0.0,0.0,0.0,0.0,0.0,0.0,0.0,0.0,0.0,0.0,0.0,0.0,0.0,0.0,0.0,0.0,0.0,0.0,0.0,0.0,0.0,0.0,0.0,0.0,0.0,0.0,0.0,0.0,0.0,0.0,0.0,0.0,0.0,0.0,0.0,0.0,0.0,0.0,0.0,0.0,0.0,0.2594614097466651,0.0,0.0,0.0,0.0,0.0,0.0,0.0,0.0,0.0,0.0,0.0,0.0,0.0,0.0,0.0,0.0,0.0,0.0,0.0,0.0,0.0,0.0,0.0,0.0,0.0,0.0,0.0,0.0,0.0,0.0,0.0,0.0,0.0,0.0,0.0,0.0,0.0,0.0,0.0,0.0,0.0,0.0,0.0
0.0,0.0,0.0,3.5920745632627935e-05,0.0,0.0,0.0,0.0,0.0006667047118773674,0.0,0.0,0.0,0.00038543356191511667,0.0,0.0012916851344208725,0.00047066037324214126,5.674921487403996e-05,0.0,0.0,0.0,0.0,0.0,0.0,0.0008703740973099282,0.0,0.0002580511729213903,0.0,0.0,0.0,0.0,0.0023628708890231684,0.0,0.0,0.0,0.0008765587251790281,0.0008760872354377456,0.0,0.0,0.0,0.0,0.0,0.0,0.003778365380887016,0.0,8.151395753508104e-05,0.0,0.0,0.0,2.4205756582720657e-05,0.000876750271482452,0.0,0.0,0.0,0.0,0.0,0.0,0.0,0.0,0.0,0.0,0.0,0.0,0.0,4.4898212320637555e-05,0.0,0.00019173806762790311,0.0,0.0,0.0021516423807827786,0.0,0.0,0.0,0.0,0.0,0.0,9.384074308091647e-05,0.0,0.0,0.0,0.0,0.0,0.0,0.00912064356952513,0.0,0.0005912072933820208,0.0,0.0,0.0007164388934844668,2.248473546670998e-05,0.0,0.0007705778999072086,0.0,0.0,0.0,0.0,0.0,0.0,0.0012781112919988448,0.0,0.0,0.00027418095240851616,0.0,0.0,3.933257124743902e-05,0.0,0.0,0.0,0.007078259855635059,0.0,0.00028272032012891484,0.0,0.0,0.0,0.0,0.0004059354359037306,0.0009448492528664032,0.0,0.0,0.0,0.0
0.0,0.0,0.0,0.0,0.0,0.0,0.0,0.0,0.0,0.0,0.0,0.0,0.0,0.0,0.0,0.0,0.0,0.0,0.0,0.0,0.0,0.0,0.0,0.0,0.0,0.0,0.0,0.0,0.0,0.0,0.0,0.0,0.0,0.0,0.0,0.0,0.0,0.0,0.0,0.0,0.0,0.0,0.0,0.15023671819872747,0.0,0.0,0.0,0.0,0.0,0.0,0.0,0.0,0.0,0.0,0.0,0.0,0.0,0.0,0.0,0.0,0.0,0.0,0.0,0.0,0.0,0.0,0.0,0.0,0.0,0.0,0.0,0.0,0.0,0.0,0.0,0.0,0.0,0.0,0.0,0.0,0.0,0.0,0.0,0.0,0.0,0.0,0.0,0.0,0.0,0.0,0.0,0.0,0.0,0.0,0.3144253050408993,0.0,0.0,0.0,0.0,0.0,0.0,0.0,0.0,0.0,0.0,0.0,0.0,0.0,0.0,0.0,0.0,0.0,0.0,0.0,0.0,0.0,0.0,0.0,0.0,0.0
0.0,0.0,0.001620861153236264,0.0063883093869506035,0.0,0.0,0.0008600820085707948,0.1495597714750698,0.001481329452192471,0.0,0.0,0.0004995256192167689,0.0004879746854519941,0.0,0.004340565443453193,0.0,0.0012584935236498655,0.030125974970746466,0.0010798066934308266,0.0004634521838482667,0.005218755379747643,0.000529181594105332,0.0,0.00015820418245338173,0.0,0.0,0.0010041707109383566,0.0013426513785993134,0.04806282218364626,0.0,0.0,0.0009866005036719412,0.0,0.0023669126940959475,0.001554994028405475,0.0,0.0,0.0016330175880861061,0.0,0.0006334234884738945,0.0,0.0,0.0,0.0004140711376325296,0.0009038432326567505,0.0,0.0,0.0,0.0005367966404824098,0.0,0.0,0.0,0.0,0.0009258687839874473,0.0,0.0,0.0,0.0,0.000597278866080075,0.0,0.0013031933857906971,0.005678906298359028,0.0,0.011954355172224691,0.0,0.00026575380479100654,0.0,0.0,0.002561705772984491,0.0,0.0,0.07321818868625021,0.0,0.0,0.0007293637219438438,0.0,0.0,0.0,0.0,0.0,0.0,0.0005654097491998727,0.000647053615215386,0.0,0.002619148279491265,0.0,0.0012016832220750765,0.0,0.0,0.0010353168605690918,0.004272939573282101,0.0,0.0009580539374975087,0.0,0.0,0.0,0.000755233286789816,0.0,0.0,0.0014020639182816608,0.0,0.0,0.0,0.0,0.0,0.0007165814016952338,0.0,0.0008131457080379922,0.0,0.0,0.009409349718327716,0.0,0.0,0.0,0.001503034036270783,0.0,0.0005142691010692395,0.0,0.0,0.0017284180647691464
0.0,0.0,0.0,0.0004493931747117092,0.0,0.0,0.0,0.04218572379186519,0.0,0.0,0.0,0.0,0.0,0.0,0.0,0.0,0.0,0.0,0.0,0.0,0.0,0.0,0.0,0.0,0.0,0.0,0.0,0.0,0.0,0.0,0.0,0.0,0.0,0.0,0.0,0.0,0.0,0.0,0.0,0.0,0.0,0.0,0.0,0.0,0.0005098977695876626,0.0,0.0,0.0,0.0,0.0,0.0,0.0,0.0,0.0,0.0,0.0,0.0,0.0,0.0,0.0,0.0,0.0,0.0,0.0,0.0,0.0,0.0,0.0,0.0,0.0,0.0,0.0,0.0,0.0,0.0,0.0,0.0,0.0,0.0,0.0,0.0,0.0,0.0,0.0,0.0,0.0,0.0,0.0,0.0,0.0,0.0,0.0,0.0,0.0,0.0,0.0,0.0,0.0,0.0,0.0,0.0,0.0,0.0,0.0,0.0,0.0,0.0,0.0,0.0,0.0,0.0,0.0,0.0,0.0,0.0,0.0,0.0,0.0,0.0,0.0
0.0,0.0,0.0,0.0,0.0,0.0,0.0,0.0,0.0,0.0,0.0,0.0,0.0,0.0,0.0,0.0,0.0,0.0,0.0,0.0,0.0,0.0,0.0,0.0,0.0,0.0,0.0,0.0,0.0,0.0,0.0,0.0,0.0,0.0,0.0,0.0,0.0,0.0,0.0,0.0,0.0,0.0,0.0,0.0,0.0,0.0,0.0,0.0,0.0,0.0,0.0,0.0,0.0,0.0,0.0,0.0,0.0,0.0,0.0,0.0,0.0,0.0,0.0,0.047683020641414595,0.0,0.0,0.0,0.0,0.0,0.0,0.0,0.0,0.0,0.0,0.0,0.0,0.0,0.0,0.0,0.0,0.0,0.0,0.0,0.0,0.0,0.0,0.0,0.0,0.0,0.0,0.0,0.0,0.0,0.0,0.0,0.0,0.0,0.0,0.0,0.0,0.0,0.0,0.0,0.0,0.0,0.0,0.0,0.0,0.0,0.0,0.0,0.0,0.0,0.0,0.0,0.0,0.0,0.0,0.0,0.0
0.0,0.0,0.0,0.0,0.0,0.0,0.0,0.0,0.0,0.0,0.0,0.0,0.0,0.0,0.04798962957731084,0.0,0.0,0.0,0.0,0.0,0.0,0.0,0.0,0.0,0.0,0.0,0.0,0.0,0.0,0.0,0.0,0.0,0.0,0.0,0.0,0.0,0.0,0.030178757375726593,0.0,0.0,0.0,0.0,0.0,0.0,0.0,0.0,0.0,0.0,0.0,0.07404422136640543,0.0,0.0,0.0,0.0,0.0,0.0,0.0,0.0,0.0,0.0,0.0,0.0856556598746126,0.0,0.0,0.0,0.0,0.0,0.0,0.0,0.0,0.0,0.0,0.03788575897796305,0.0,0.0,0.0,0.0,0.0,0.0,0.0,0.0,0.0,0.0,0.0,0.0,0.0,0.0,0.0,0.02756449266177267,0.0,0.0,0.0,0.0,0.0,0.0,0.0,0.0,0.0,0.0,0.0,0.0,0.0,0.0,0.0,0.0,0.0,0.0,0.0,0.0,0.0,0.0,0.0,0.0,0.0,0.0,0.0,0.0,0.0,0.0,0.0
